poligraphId,Slug affaire,Titre,poligraphId politique,Slug politique,Politique,Parti actuel (abrégé),Parti actuel,Position politique,Parti au moment (abrégé),Parti au moment,Statut,Statut (code),Catégorie,Catégorie (code),Gravité,Gravité (code),Implication,Implication (code),Liée au mandat,Date des faits,Date de début,Date du verdict,Amende (EUR),Prison (mois),"Prison, part non assortie du sursis (mois)",Inéligibilité (mois),"Inéligibilité, part non assortie du sursis (mois)",TIG (heures),Appel,Peine (texte libre),Autres peines,Juridiction,ECLI,Description,Nombre de sources,Première source (URL),Première source (titre),Page Poligraph,Créée le,Mise à jour le,Ordre de juridiction
AF-000604,poursuites-contre-nicolas-daragon-dans-le-dossier-de-l-ecole-musulmane-de-valence,Poursuites contre Nicolas Daragon dans le dossier de l'école musulmane de Valence,PG-001737,nicolas-daragon,Nicolas Daragon,LR,Les Républicains,Droite,,,Renvoi devant le tribunal,RENVOI_TRIBUNAL,Autre,AUTRE,Grave,GRAVE,Mis en cause,DIRECT,oui,,2023-01-20,,,,,,,,non,,,Tribunal correctionnel de Valence,,"L'association Valeurs et Réussite, porteuse d'un projet d'agrandissement de l'école musulmane du quartier de Fontbarlettes à Valence, dépose plainte le 20 janvier 2023 pour discrimination contre le maire Nicolas Daragon et pour complicité de discrimination contre la préfète de la Drôme. Elle conteste l'annulation de la vente d'un terrain municipal, qu'elle attribue à sa confession et non au motif avancé par la ville, le classement du terrain en domaine public, et compare son traitement à celui d'écoles Montessori et arménienne installées dans les mêmes conditions. L'association a ensuite fait citer directement devant le tribunal correctionnel de Valence le maire, l'ancienne préfète Élodie De Giovanni et le directeur général des services, pour abus d'autorité, corruption passive, prise illégale d'intérêts et dénonciation calomnieuse. À l'audience du 21 mai 2026, ni le procureur ni le tribunal n'ont demandé le dépaysement du dossier, et l'affaire a été renvoyée à l'automne. Ces poursuites émanent de la partie adverse, par citation directe, et non du parquet. Aucune décision n'a été rendue à ce jour.",3,https://www.ici.fr/infos/faits-divers-justice/ecole-musulmane-de-valence-une-plainte-pour-discrimination-contre-le-maire-nicolas-daragon-et-la-prefete-1106249,École musulmane de Valence : une plainte pour discrimination contre le maire Nicolas Daragon et la préfète,https://poligraph.fr/affaires/poursuites-contre-nicolas-daragon-dans-le-dossier-de-l-ecole-musulmane-de-valence,2026-09-18T15:20:02.133Z,2026-09-21T14:12:14.822Z,PENAL
AF-000603,condamnation-de-nicolas-daragon-pour-prise-illegale-d-interets,Condamnation de Nicolas Daragon pour prise illégale d'intérêts,PG-001737,nicolas-daragon,Nicolas Daragon,LR,Les Républicains,Droite,,,Condamnation (1ère instance),CONDAMNATION_PREMIERE_INSTANCE,Prise illégale d'intérêts,PRISE_ILLEGALE_INTERETS,Critique,CRITIQUE,Mis en cause,DIRECT,oui,,2012-05-18,2012-09-01,3000,,,,,,non,3 000 € d'amende,,,,"Nicolas Daragon, alors conseiller municipal de Valence et chef de file de l'opposition UMP, est mis en examen pour prise illégale d'intérêts le 18 mai 2012, sur plainte du maire socialiste Alain Maurice. En septembre 2012, il est condamné à 3 000 euros d'amende pour ce motif, dans un dossier portant sur des délibérations concernant l'office de tourisme de la ville, qu'il avait lui-même dirigé. En mars 2022, un vœu déposé au conseil municipal par Bruno Casari (LREM) s'est appuyé sur cette condamnation pour demander qu'aucun élu condamné pour prise illégale d'intérêts ne puisse se maintenir au conseil. Devenu maire, Nicolas Daragon a répondu sur la forme, sans revenir sur les faits, et n'a pas soumis le vœu au vote.",2,https://france3-regions.franceinfo.fr/auvergne-rhone-alpes/info/valence---mise-en-examen-de-nicolas-daragon-55045.html,Valence - Mise en examen de Nicolas Daragon,https://poligraph.fr/affaires/condamnation-de-nicolas-daragon-pour-prise-illegale-d-interets,2026-09-18T15:20:01.923Z,2026-09-21T14:11:46.096Z,PENAL
AF-000599,enquete-pour-viol-et-violences-sexuelles,Enquête pour viol et violences sexuelles,PG-036455,quentin-le-gaillard,Quentin Le Gaillard,,,,,,Enquête préliminaire,ENQUETE_PRELIMINAIRE,Agression sexuelle,AGRESSION_SEXUELLE,Grave,GRAVE,Mis en cause,DIRECT,non,2026-01-29,,,,,,,,,non,,,,,"Quentin Le Gaillard, maire de Concarneau, a été placé en garde à vue dans le cadre d'une enquête pour viol. Une main courante avait été déposée contre lui le 29 janvier 2026 pour des faits de violences sexuelles.",4,https://www.franceinfo.fr/societe/harcelement-sexuel/le-maire-de-concarneau-mis-en-examen-pour-viol-et-agression-sexuelle-et-place-sous-controle-judiciaire_8199134.html#xtor=RSS-3-%5Bgeneral%5D,Le maire de Concarneau mis en examen pour viol et agression sexuelle et placé sous contrôle judiciaire,https://poligraph.fr/affaires/enquete-pour-viol-et-violences-sexuelles,2026-09-17T22:04:56.222Z,2026-09-21T15:32:04.243Z,PENAL
AF-000596,accusation-de-diffusion-d-une-information-inexacte-sur-rima-hassan,Accusation de diffusion d'une information inexacte sur Rima Hassan,PG-001685,laurent-nunez,Laurent Nunez,,,,,,Enquête préliminaire,ENQUETE_PRELIMINAIRE,Autre,AUTRE,Significatif,SIGNIFICATIF,Mis en cause,DIRECT,non,2026-04-02,,,,,,,,,non,,,,,Laurent Nuñez est accusé d'avoir participé à la diffusion d'une information inexacte selon laquelle l'eurodéputée Rima Hassan aurait été en possession de drogue lors de sa garde à vue en avril 2026. Il nie avoir organisé des fuites et affirme avoir été interrogé par des journalistes sur des informations déjà publiées.,9,https://www.bfmtv.com/politique/la-france-insoumise/video-plainte-de-rima-hassan-laurent-nunez-attend-des-excuses-de-lfi-pour-ce-proces-qui-lui-est-fait_VN-202609210327.html,"Plainte de Rima Hassan: Laurent Nuñez attend des ""excuses"" de LFI pour ""ce procès qui lui est fait""",https://poligraph.fr/affaires/accusation-de-diffusion-d-une-information-inexacte-sur-rima-hassan,2026-09-17T09:56:04.557Z,2026-09-21T14:10:40.061Z,PENAL
AF-000595,condamnation-juan-branco-diffamation-responsable-master-sciences-po,Condamnation de Juan Branco pour diffamation envers un responsable de master de Sciences Po,PG-037688,juan-branco,Juan Branco,,,,,,Condamnation (1ère instance),CONDAMNATION_PREMIERE_INSTANCE,Diffamation,DIFFAMATION,Significatif,SIGNIFICATIF,Mis en cause,DIRECT,non,2024-01-09,,2026-05-13,,,,,,,non,"500 € d'amende avec sursis, 2 000 € de dommages et intérêts",500 euros d'amende avec sursis et 2 000 euros de dommages et intérêts,"Tribunal judiciaire de Paris, 17e chambre correctionnelle",,"Le 13 mai 2026, la 17e chambre correctionnelle du tribunal judiciaire de Paris a condamné l'avocat Juan Branco pour diffamation publique envers François-Antoine Mariani, ancien responsable du master d'affaires publiques de Sciences Po Paris. Après la nomination de Gabriel Attal à Matignon en janvier 2024, Juan Branco avait affirmé sur le réseau social X que l'ancien Premier ministre avait bénéficié de passe-droits pour l'obtention de son diplôme, en mettant personnellement en cause le responsable du master. Le tribunal a jugé qu'il n'était pas possible d'affirmer que François-Antoine Mariani avait été directement et personnellement impliqué dans ces arrangements sans commettre une diffamation. La peine prononcée est de 500 euros d'amende avec sursis, assortie de 2 000 euros de dommages et intérêts. Il s'agit d'une décision de première instance.",2,https://www.lecanardenchaine.fr/police-justice/53900-juan-branco-decomplote-sur-les-diplomes-de-gabriel-attal,Diffamation : Juan Branco décomploté sur les diplômes de Gabriel Attal,https://poligraph.fr/affaires/condamnation-juan-branco-diffamation-responsable-master-sciences-po,2026-09-12T22:38:12.089Z,2026-09-12T22:38:12.424Z,PENAL
AF-000593,gerard-dezempte-discrimination-preemption-charvieu-chavagneux,"Relaxe de Gérard Dezempte, poursuivi pour discrimination dans l'exercice du droit de préemption",PG-015760,gerard-dezempte,Gérard Dezempte,REC,Reconquête,Extrême droite,,,Relaxe,RELAXE,Autre,AUTRE,Significatif,SIGNIFICATIF,Mis en cause,DIRECT,non,2000-01-01,,2009-02-04,,,,,,,non,,,Cour d'appel de Lyon (sur renvoi après cassation),,"En 2000, Gérard Dezempte, maire UMP de Charvieu-Chavagneux (Isère), fait exercer par la commune son droit de préemption sur une maison que devait acquérir une famille d'origine maghrébine. La famille et SOS Racisme portent l'affaire en justice sur le fondement de la discrimination commise par une personne dépositaire de l'autorité publique. Le tribunal de Vienne le condamne en novembre 2005 à trois ans d'inéligibilité et 1 500 euros d'amende, condamnation confirmée par la cour d'appel de Grenoble le 8 novembre 2006. Le 17 juin 2008, la Cour de cassation casse cet arrêt en toutes ses dispositions : selon elle, l'exercice du droit de préemption, même abusif, ne constitue pas le refus d'un droit accordé par la loi au sens de l'article 432-7 du code pénal. L'affaire est renvoyée devant la cour d'appel de Lyon, qui le relaxe le 4 février 2009, estimant les preuves insuffisantes pour établir un motif discriminatoire.",2,https://www.20minutes.fr/lyon/297155-20090205-relaxe-maire-ump-accuse-discrimination-raciale,Relaxe d'un maire UMP accusé de discrimination raciale,https://poligraph.fr/affaires/gerard-dezempte-discrimination-preemption-charvieu-chavagneux,2026-09-11T10:19:53.029Z,2026-09-22T22:47:33.867Z,PENAL
AF-000592,gerard-spinelli-detournement-de-fonds-publics-beausoleil,Condamnation de Gérard Spinelli pour détournement de fonds publics,PG-003876,gerard-spinelli,Gérard Spinelli,,,,,,Condamnation (1ère instance),CONDAMNATION_PREMIERE_INSTANCE,Détournement de fonds publics,DETOURNEMENT_FONDS_PUBLICS,Critique,CRITIQUE,Mis en cause,DIRECT,oui,2017-04-01,,2023-09-15,150000,12,0,0,,,non,1 an de prison avec sursis et 150 000 € d'amende (comparution sur reconnaissance préalable de culpabilité homologuée le 15 septembre 2023). Aucune peine d'inéligibilité.,"Qualifications retenues : détournement de fonds publics par une personne dépositaire de l'autorité publique, favoritisme et complicité d'abus de confiance.",,,"Gérard Spinelli, maire de Beausoleil (Alpes-Maritimes), a reconnu les faits qui lui étaient reprochés dans le cadre d'une comparution sur reconnaissance préalable de culpabilité, homologuée le 15 septembre 2023. Cette procédure lui a évité un procès public devant le tribunal correctionnel. Les faits portent sur des dépenses prises en charge par la commune : un dîner au Café de Paris en avril 2017, une fête d'anniversaire organisée pour son épouse, et le remboursement par la mairie de frais non justifiés de l'association Alba, par ailleurs subventionnée par la commune. Trois qualifications ont été retenues : détournement de fonds publics par une personne dépositaire de l'autorité publique, favoritisme et complicité d'abus de confiance. La peine prononcée est d'un an de prison avec sursis et 150 000 € d'amende. Elle ne comporte aucune peine d'inéligibilité.",2,https://www.lefigaro.fr/nice/un-maire-de-la-cote-d-azur-condamne-pour-detournement-de-fonds-publics-20230915,Un maire de la Côte d’Azur condamné pour détournement de fonds publics,https://poligraph.fr/affaires/gerard-spinelli-detournement-de-fonds-publics-beausoleil,2026-09-11T10:17:00.105Z,2026-09-16T09:08:06.173Z,PENAL
AF-000590,gilles-adelson-cour-des-comptes-regie-de-territoire-de-macouria,Amende de la Cour des comptes contre Gilles Adelson pour la gestion de la régie de territoire de Macouria,PG-037592,gilles-adelson,Gilles Adelson,,,,,,Condamnation (1ère instance),CONDAMNATION_PREMIERE_INSTANCE,Autre,AUTRE,Significatif,SIGNIFICATIF,Mis en cause,DIRECT,oui,,,2026-03-30,10000,,,,,,non,"10 000 € d'amende sur ses deniers personnels (chambre du contentieux de la Cour des comptes, décision S2026-0333, séance du 27 janvier 2026, lue le 30 mars 2026).",,"Cour des comptes, chambre du contentieux",,"La chambre du contentieux de la Cour des comptes a condamné Gilles Adelson, maire de Macouria, à 10 000 € d'amende sur ses deniers personnels, par une décision lue le 30 mars 2026 (décision S2026-0333, séance du 27 janvier 2026). Il était poursuivi comme ancien président de l'association Régie de territoire de Macouria, structure d'insertion financée sur fonds publics créée en 2015 et liquidée en 2025 pour faillite financière. Trois manquements au code des juridictions financières ont été retenus : octroi d'un avantage injustifié, défaut de production des comptes et engagement de dépenses sans y être habilité. L'accusation de gestion de fait a été écartée. Le directeur de l'association a été condamné à 3 000 € d'amende, majorés de 1 000 € pour défaut de comparution, et une ancienne salariée a été relaxée. Cette procédure relève de l'ordre financier et non de l'ordre pénal : elle met en jeu la responsabilité des gestionnaires publics et n'entre pas dans le décompte des condamnations pénales.",2,https://www.lemonde.fr/les-decodeurs/article/2026/04/10/en-guyane-deux-maires-dans-le-viseur-de-la-cour-des-comptes-pour-mauvaise-gestion-de-l-argent-public_6678978_4355770.html,"En Guyane, deux maires dans le viseur de la Cour des comptes pour mauvaise gestion de l’argent public",https://poligraph.fr/affaires/gilles-adelson-cour-des-comptes-regie-de-territoire-de-macouria,2026-09-11T10:08:43.451Z,2026-09-16T09:14:40.725Z,FINANCIER
AF-000589,philippe-pemezec-attribution-logement-social-relaxe,Affaire de l'attribution d'un logement social à la fille de Philippe Pemezec,PG-036078,philippe-pemezec,Philippe Pemezec,LR,Les Républicains,Droite,,,Relaxe,RELAXE,Prise illégale d'intérêts,PRISE_ILLEGALE_INTERETS,Significatif,SIGNIFICATIF,Mis en cause,DIRECT,oui,,2015-04-01,2016-03-30,,,,,,,non,,,Cour d'appel de Versailles,,"En avril 2015, le tribunal correctionnel de Nanterre condamne Philippe Pemezec, maire du Plessis-Robinson, pour prise illégale d'intérêts : six mois de prison avec sursis, 20 000 € d'amende et trois ans d'inéligibilité. Il lui est reproché d'avoir favorisé, comme administrateur de Hauts-de-Seine Habitat, l'attribution d'un logement social à sa fille, elle-même condamnée pour recel. Cette condamnation le conduit à renoncer à se présenter aux élections régionales de 2015 en Île-de-France. Il fait appel. Le 30 mars 2016, la cour d'appel de Versailles le relaxe, faute de preuves suffisantes de sa participation effective à la décision d'attribution. Aucune peine ne subsiste à son encontre dans cette affaire.",3,https://www.mediapart.fr/journal/france/220415/pemezec-pere-et-fille-sont-condamnes-pour-logement-en-famille-organisee,Pemezec père et fille sont condamnés pour logement en famille organisée | Mediapart,https://poligraph.fr/affaires/philippe-pemezec-attribution-logement-social-relaxe,2026-09-11T10:05:30.312Z,2026-09-23T06:08:13.287Z,PENAL
AF-000588,Hoarau-Mise en examen d'Olivier Hoarau pour corruption passive et blanchiment,Condamnation d'Olivier Hoarau pour recel d'abus de confiance (Cap Sacré-Cœur),PG-036390,olivier-hoarau,Olivier Hoarau,,,,,,Appel en cours,APPEL_EN_COURS,Recel,RECEL,Significatif,SIGNIFICATIF,Mis en cause,DIRECT,non,,,2024-12-17,50000,15,0,60,,,oui,"15 mois de prison avec sursis, 50 000 euros d'amende, 5 ans d'inéligibilité",,Tribunal correctionnel de Saint-Denis,,"Poursuivi dans l'affaire de l'extension du centre commercial Cap Sacré-Cœur, au Port (La Réunion), Olivier Hoarau a été jugé à partir du 13 novembre 2024 pour des faits initialement qualifiés de corruption, trafic d'influence et blanchiment. Le 17 décembre 2024, le tribunal correctionnel de Saint-Denis a requalifié les faits en recel d'abus de confiance et blanchiment, et l'a condamné, ainsi que son ancien premier adjoint, à quinze mois de prison avec sursis, 50 000 euros d'amende et cinq ans d'inéligibilité. Trois autres prévenus ont été relaxés. L'exécution provisoire n'ayant pas été prononcée, il conserve son mandat de maire. La défense a fait appel, contestant la requalification ; le parquet a lui aussi interjeté appel, visant uniquement Olivier Hoarau et son ancien adjoint.",2,https://www.lemonde.fr/societe/article/2021/02/05/a-la-reunion-le-maire-du-port-mis-en-examen-pour-corruption_6068904_3224.html,"A La Réunion, le maire du Port mis en examen pour corruption",https://poligraph.fr/affaires/Hoarau-Mise en examen d'Olivier Hoarau pour corruption passive et blanchiment,2026-09-11T10:04:28.562Z,2026-09-11T12:30:13.107Z,PENAL
AF-000586,laurent-degallaix-complicite-prise-illegale-interets,Condamnation de Laurent Degallaix pour complicité de prise illégale d'intérêts,PG-023656,laurent-degallaix,Laurent Degallaix,PRV,Parti radical,Centre droit,,,Appel en cours,APPEL_EN_COURS,Prise illégale d'intérêts,PRISE_ILLEGALE_INTERETS,Significatif,SIGNIFICATIF,Mis en cause,DIRECT,non,,,2026-04-30,20000,24,0,60,60,,oui,"2 ans de prison avec sursis, 20 000 euros d'amende, 5 ans d'inéligibilité avec exécution provisoire",Exécution provisoire de l'inéligibilité : démission d'office prononcée par le préfet du Nord le 5 mai 2026.,Tribunal correctionnel de Lille,,"Maire de Valenciennes et président de Valenciennes Métropole, Laurent Degallaix a été condamné le 30 avril 2026 par le tribunal correctionnel de Lille pour complicité de prise illégale d'intérêts et subornation de témoin, à deux ans de prison avec sursis, 20 000 euros d'amende et cinq ans d'inéligibilité assortie de l'exécution provisoire. En application du code électoral, le préfet du Nord l'a déclaré démissionnaire d'office de l'ensemble de ses mandats le 5 mai 2026 ; le tribunal administratif de Lille a rejeté ses deux recours le 3 juillet 2026. Son procès en appel est fixé aux 14 et 15 décembre 2026 devant la cour d'appel de Douai.",3,https://www.lemonde.fr/politique/article/2026/04/30/laurent-degallaix-le-maire-de-valenciennes-condamne-a-cinq-ans-d-ineligibilite-avec-effet-immediat_6684605_823448.html,"Laurent Degallaix, le maire de Valenciennes, condamné à cinq ans d’inéligibilité avec effet immédiat",https://poligraph.fr/affaires/laurent-degallaix-complicite-prise-illegale-interets,2026-09-11T10:02:31.313Z,2026-09-22T22:47:34.036Z,PENAL
AF-000585,Platret-Relaxe de Gilles Platret pour homicide involontaire après une triple noyade,Relaxe de Gilles Platret pour homicide involontaire après une triple noyade,PG-029437,gilles-platret,Gilles Platret,LR,Les Républicains,Droite,,,Relaxe,RELAXE,Autre,AUTRE,Significatif,SIGNIFICATIF,Mentionné,MENTIONED_ONLY,non,2018-07-08,,2023-05-12,,,,,,,non,,,,,"Gilles Platret était poursuivi pour homicide involontaire suite à la noyade accidentelle de trois enfants en 2018 dans un lac de la ville où l'interdiction de baignade n'était pas clairement indiquée. Le tribunal correctionnel de Chalon rendait son jugement en délibéré, après un procès fin mars d'une journée. Il a été relaxé.",1,https://www.lefigaro.fr/flash-actu/chalon-sur-saone-le-maire-gilles-platret-relaxe-apres-une-triple-noyade-20230512,"Chalon-sur-Saône : le maire, Gilles Platret, relaxé après une triple noyade",https://poligraph.fr/affaires/Platret-Relaxe de Gilles Platret pour homicide involontaire après une triple noyade,2026-09-11T10:01:53.926Z,2026-09-12T21:22:24.114Z,PENAL
AF-000583,Rachline-Relaxe de David Rachline pour prise illégale d'intérêts,Relaxe de David Rachline pour prise illégale d'intérêts,PG-001863,david-rachline,David Rachline,RN,Rassemblement National,Extrême droite,,,Relaxe,RELAXE,Prise illégale d'intérêts,PRISE_ILLEGALE_INTERETS,Significatif,SIGNIFICATIF,Mis en cause,DIRECT,non,,,2026-01-27,,,,,,,oui,,,Tribunal correctionnel de Draguignan,,"Maire RN de Fréjus, David Rachline a été jugé le 30 septembre 2025 devant le tribunal correctionnel de Draguignan pour prise illégale d'intérêts. Le parquet avait requis une amende de 30 000 euros, dont 20 000 avec sursis. Le tribunal l'a relaxé le 27 janvier 2026. Le parquet de Draguignan a fait appel de cette relaxe le 3 février 2026 : la procédure reste donc pendante, sans qu'aucune culpabilité ait été retenue à ce stade.",4,https://www.lefigaro.fr/nice/le-parquet-fait-appel-de-la-relaxe-du-rn-david-rachline-dans-une-affaire-de-prise-illegale-d-interets-20260203,Le parquet fait appel de la relaxe du RN David Rachline dans une affaire de prise illégale d’intérêts,https://poligraph.fr/affaires/Rachline-Relaxe de David Rachline pour prise illégale d'intérêts,2026-09-11T09:59:21.032Z,2026-09-11T14:07:01.504Z,PENAL
AF-000582,mise-en-examen-de-nicolas-daragon-pour-diffamation,Mise en examen de Nicolas Daragon pour diffamation,PG-001737,nicolas-daragon,Nicolas Daragon,LR,Les Républicains,Droite,,,Mise en examen,MISE_EN_EXAMEN,Diffamation,DIFFAMATION,Significatif,SIGNIFICATIF,Mis en cause,DIRECT,non,,,,,,,,,,non,,,,,"Zabida Nakib-Colomb, conseillère municipale d'opposition à Valence, porte plainte contre le maire Nicolas Daragon après un courrier dans lequel il lui reprochait son comportement lors de la célébration d'un mariage à l'hôtel de ville, le 17 octobre 2015. Il lui faisait grief de ne pas avoir respecté la charte de bonne conduite des cérémonies et d'avoir dansé avec les invités. Le parquet classe d'abord la plainte, mais la constitution de partie civile de l'élue déclenche l'ouverture d'une information judiciaire. Nicolas Daragon est mis en examen pour diffamation en juillet 2016. La conseillère réclamait un euro symbolique, le remboursement de ses frais d'avocat et des excuses publiques. L'issue de cette procédure n'a pas été retrouvée dans les sources publiques.",2,https://www.lefigaro.fr/flash-actu/2016/07/07/97001-20160707FILWWW00125-valence-le-maire-lr-daragon-mis-en-examen.php,Valence: le maire LR Daragon mis en examen,https://poligraph.fr/affaires/mise-en-examen-de-nicolas-daragon-pour-diffamation,2026-09-11T09:58:25.131Z,2026-09-21T14:14:17.606Z,PENAL
AF-000581,eric-straumann-indemnites-retroactives-colmar-relaxe,Relaxe en appel d'Éric Straumann dans l'affaire des indemnités rétroactives de Colmar,PG-001848,eric-straumann,Eric Straumann,LR,Les Républicains,Droite,,,Relaxe,RELAXE,Détournement de fonds publics,DETOURNEMENT_FONDS_PUBLICS,Significatif,SIGNIFICATIF,Mis en cause,DIRECT,non,,,2025-09-23,,,,,,,non,,,Cour d'appel de Colmar,,"L'affaire porte sur deux arrêtés municipaux pris en juin 2020 par l'ancien maire de Colmar Gilbert Meyer, décédé depuis, augmentant rétroactivement les indemnités de son directeur de cabinet pour environ 37 400 euros. Élu peu après, Éric Straumann avait été alerté par le préfet sur la légalité de ces arrêtés et en avait suspendu l'exécution. Le tribunal correctionnel de Mulhouse l'avait néanmoins condamné en mars 2024 pour tentative de détournement de fonds publics. La cour d'appel de Colmar l'a relaxé le 23 septembre 2025, le procureur général ayant lui-même requis la relaxe, la cour jugeant que ni l'élément matériel ni l'élément moral de l'infraction n'étaient constitués.",3,https://www.lefigaro.fr/flash-actu/haut-rhin-le-maire-de-colmar-condamne-pour-tentative-de-detournement-de-fonds-publics-20240325,Haut-Rhin : le maire de Colmar condamné pour tentative de détournement de fonds publics,https://poligraph.fr/affaires/eric-straumann-indemnites-retroactives-colmar-relaxe,2026-09-11T09:58:13.359Z,2026-09-23T06:10:39.428Z,PENAL
AF-000580,stephane-sbraggia-abus-de-confiance-hd2a-classement-sans-suite,"Enquête pour abus de confiance visant Stéphane Sbraggia, classée sans suite",PG-001838,stephane-sbraggia,Stéphane Sbraggia,HOR,Horizons,Centre droit,,,Classement sans suite,CLASSEMENT_SANS_SUITE,Abus de confiance,ABUS_CONFIANCE,Significatif,SIGNIFICATIF,Mis en cause,DIRECT,oui,,2025-06-25,2026-01-07,,,,,,,non,,,,,"Stéphane Sbraggia, maire d'Ajaccio et président de la communauté d'agglomération du Pays ajaccien, a été placé en garde à vue le 25 juin 2025 dans une enquête préliminaire ouverte pour abus de confiance et recel d'abus de confiance. L'enquête portait sur le cumul de ses rémunérations, en particulier celle qu'il percevait comme directeur général à temps partiel de l'association HD2A. Il est ressorti libre de toute charge à l'issue de ses auditions. Le parquet de Bastia a classé l'enquête le 7 janvier 2026, à défaut de charges suffisantes démontrant le caractère fictif de l'emploi qu'il occupait au sein de l'association.",2,https://www.lefigaro.fr/faits-divers/corse-stephane-sbraggia-le-maire-d-ajaccio-en-garde-a-vue-dans-une-enquete-financiere-20250625,"Corse : Stéphane Sbraggia, le maire d'Ajaccio, brièvement en garde à vue dans une enquête financière",https://poligraph.fr/affaires/stephane-sbraggia-abus-de-confiance-hd2a-classement-sans-suite,2026-09-11T09:57:40.658Z,2026-09-16T09:14:39.887Z,PENAL
AF-000579,bruno-beschizza-denonciation-calomnieuse-relaxe,Relaxe de Bruno Beschizza poursuivi pour dénonciation calomnieuse,PG-001827,bruno-beschizza,Bruno Beschizza,LR,Les Républicains,Droite,,,Relaxe,RELAXE,Autre,AUTRE,Significatif,SIGNIFICATIF,Mis en cause,DIRECT,non,,,2025-02-12,,,,,,,oui,,,Tribunal correctionnel de Paris,,"Maire d'Aulnay-sous-Bois, Bruno Beschizza était poursuivi pour dénonciation calomnieuse à l'initiative d'Hervé Suaudeau, opposant municipal et animateur du blog MonAulnay.com. Jugé le 6 janvier 2025 devant le tribunal correctionnel de Paris, il a été relaxé le 12 février 2025, le tribunal estimant que l'infraction de dénonciation, qui suppose des éléments précis, n'était pas caractérisée. La partie civile a fait appel.",3,https://www.liberation.fr/societe/police-justice/dans-lombre-du-proces-sarkozy-bruno-beschizza-juge-pour-denonciation-calomnieuse-20250106_NTSRXMMA7NHUNJMCTPGJJBKEKQ/,"Dans l’ombre du procès Sarkozy, Bruno Beschizza jugé pour dénonciation calomnieuse",https://poligraph.fr/affaires/bruno-beschizza-denonciation-calomnieuse-relaxe,2026-09-11T09:56:31.254Z,2026-09-23T06:10:39.191Z,PENAL
AF-000578,manuel-aeschlimann-favoritisme-marche-public-asnieres,Condamnation de Manuel Aeschlimann pour favoritisme dans des marchés publics,PG-001822,manuel-aeschlimann,Manuel Aeschlimann,LR,Les Républicains,Droite,,,Condamnation définitive,CONDAMNATION_DEFINITIVE,Favoritisme,FAVORITISME,Critique,CRITIQUE,Mis en cause,DIRECT,oui,1998-01-01,,2011-01-21,20000,18,0,12,,,non,"18 mois de prison avec sursis, 20 000 € d'amende et un an d'inéligibilité (cour d'appel de Versailles, 21 janvier 2011, confirmant le jugement du 13 mars 2009 et ramenant l'inéligibilité de quatre ans à un an).",,Cour d'appel de Versailles,,"Manuel Aeschlimann, alors premier adjoint au maire d'Asnières-sur-Seine, a confié en 1998 l'organisation d'un festival à la société CDA Production sans mise en concurrence. Le dirigeant de cette société était un partenaire d'affaires de l'élu. Le tribunal le condamne le 13 mars 2009 à 18 mois de prison avec sursis, 20 000 € d'amende et quatre ans d'inéligibilité pour favoritisme. La cour d'appel de Versailles confirme la peine le 21 janvier 2011 en ramenant l'inéligibilité à un an. Manuel Aeschlimann renonce à se pourvoir en cassation et démissionne de son siège de conseiller municipal le 25 septembre 2012, afin que sa période d'inéligibilité, échue en octobre 2013, soit purgée avant l'élection municipale de 2014, qu'il remporte.",3,https://www.lemonde.fr/societe/article/2011/01/22/manuel-aeschlimann-condamne-a-un-an-d-ineligibilite-pour-favoritisme_1469102_3224.html,Manuel Aeschlimann condamné à un an d'inéligibilité pour favoritisme,https://poligraph.fr/affaires/manuel-aeschlimann-favoritisme-marche-public-asnieres,2026-09-11T09:56:15.754Z,2026-09-16T09:08:06.238Z,PENAL
AF-000577,gregory-doucet-charges-de-mission-ville-de-lyon,Information judiciaire sur les chargés de mission de la Ville de Lyon,PG-001785,gregory-doucet,Grégory Doucet,EELV,Les Écologistes – Europe Écologie Les Verts,Gauche,,,Instruction en cours,INSTRUCTION,Détournement de fonds publics,DETOURNEMENT_FONDS_PUBLICS,Significatif,SIGNIFICATIF,Mis en cause,DIRECT,oui,,2025-04-09,,,,,,,,non,,,,,"Le parquet de Lyon a ouvert une enquête pour détournement de fonds publics après un signalement de la chambre régionale des comptes portant sur 24 chargés de mission de la Ville de Lyon, soupçonnés d'avoir exercé des fonctions de collaborateurs politiques plutôt que d'agents administratifs. Trois juges d'instruction ont été saisis du dossier. Grégory Doucet, maire de Lyon, a été placé en garde à vue le 9 avril 2025 et entendu pendant environ neuf heures. Il a contesté les soupçons, estimant que ces postes correspondent à de véritables emplois administratifs au service des Lyonnais. Il est ressorti libre et n'a pas été mis en examen. L'enquête porte également sur les mandats de ses prédécesseurs Gérard Collomb et Georges Képénékian. Grégory Doucet a été réélu maire de Lyon en mars 2026.",2,https://www.liberation.fr/politique/le-maire-de-lyon-gregory-doucet-en-garde-a-vue-dans-le-cadre-dune-enquete-financiere-20250409_PRKGZOMFGFAV3LIWQQ6LOQ3DE4/,Soupçons de détournement de fonds publics : le maire de Lyon Grégory Doucet est sorti de garde à vue – Libération,https://poligraph.fr/affaires/gregory-doucet-charges-de-mission-ville-de-lyon,2026-09-11T09:53:40.202Z,2026-09-16T09:14:41.033Z,PENAL
,lombertie-harcelement-moral-sexuel,Mise en examen pour harcèlement moral et sexuel aggravé,PG-001806,emile-roger-lombertie,Emile Roger Lombertie,LR,Les Républicains,Droite,,,Mise en examen,MISE_EN_EXAMEN,Harcèlement sexuel,HARCELEMENT_SEXUEL,Critique,CRITIQUE,Mis en cause,DIRECT,oui,,,,,,,,,,non,,,Tribunal judiciaire de Tulle (instruction),,"Émile-Roger Lombertie, maire de Limoges, a été mis en examen le 7 mai 2025 par un juge d'instruction du tribunal judiciaire de Tulle (Corrèze), pour harcèlement moral sur cinq victimes et harcèlement sexuel aggravé — par une personne abusant de l'autorité conférée par ses fonctions — sur une victime. L'enquête fait suite à des plaintes déposées en février 2024 par d'anciens et actuels agents de Limoges Métropole. Deux de ses adjoints sont également mis en examen dans ce dossier pour harcèlement moral. Une demande du parquet de Tulle visant à dépayser la procédure a été rejetée, l'instruction se poursuivant en Corrèze. Le maire conteste les faits, se dit présumé innocent et entend rester en fonction. Aucune décision sur le fond (renvoi ou non-lieu) n'a été rendue à la date de cette fiche.",2,https://www.francebleu.fr/infos/faits-divers-justice/accusations-de-harcelement-le-maire-de-limoges-et-deux-de-ses-adjoints-mis-en-examen-3394287,"Accusations de harcèlement : le maire de Limoges, et deux de ses adjoints, mis en examen",https://poligraph.fr/affaires/lombertie-harcelement-moral-sexuel,2026-09-10T06:50:57.492Z,2026-09-10T06:50:57.492Z,PENAL
,perdriau-chantage-sextape,Chantage à la sextape contre Gilles Artigues,PG-000576,gael-perdriau,Gaël Perdriau,LR,Les Républicains,Droite,,,"Condamnation non définitive, pourvoi en cassation en cours",POURVOI_EN_CASSATION,Autre,AUTRE,Grave,GRAVE,Mis en cause,DIRECT,oui,,,2026-09-10,50000,60,48,120,120,,oui,"5 ans de prison dont 4 ans ferme (peine identique à la première instance), amende de 50 000 €, inéligibilité portée à 10 ans (arrêt de la cour d'appel de Lyon du 10 septembre 2026, avec exécution provisoire). Un pourvoi en cassation a été annoncé par la défense dès l'audience ; la condamnation n'est donc pas définitive. Première instance (1er décembre 2025) : 5 ans de prison dont 4 ans ferme, 5 ans d'inéligibilité.",,Cour d'appel de Lyon,,"Gaël Perdriau, alors maire de Saint-Étienne, est accusé d'avoir participé, avec deux collaborateurs, au chantage exercé pendant plusieurs années contre son premier adjoint Gilles Artigues, menacé de la diffusion d'une vidéo à caractère sexuel filmée à son insu en 2014. L'affaire, révélée publiquement en 2022, a conduit à sa condamnation en première instance le 1er décembre 2025 (5 ans de prison dont 4 ans ferme, 5 ans d'inéligibilité), suivie de sa démission de la mairie. En appel, la cour d'appel de Lyon a confirmé sa culpabilité le 10 septembre 2026 et l'a condamné à la même peine de prison qu'en première instance (5 ans dont 4 ans ferme), assortie d'une amende de 50 000 euros et d'une inéligibilité portée à 10 ans. Il a été reconduit en détention à l'issue de l'audience. Il clame son innocence ; son avocat, Me Jean-Félix Luciani, a annoncé dès la sortie d'audience former un pourvoi en cassation, ce qui rend la condamnation non définitive à ce jour.",7,https://www.cnews.fr/faits-divers/2026-09-10/chantage-la-sextape-la-cour-dappel-rend-sa-decision-ce-jeudi-contre-lex,Chantage à la sextape : la cour d'appel rend sa décision ce jeudi contre l'ex-maire de Saint-Etienne Gaël Perdriau,https://poligraph.fr/affaires/perdriau-chantage-sextape,2026-09-10T06:50:41.402Z,2026-09-11T06:21:36.607Z,PENAL
AF-000576,serge-letchimy-concussion-reintegration-mairie-fort-de-france,Concussion dans les conditions de sa réintégration à la mairie de Fort-de-France,PG-037690,serge-letchimy,Serge Letchimy,PPM,Parti progressiste martiniquais,,,,Appel en cours,APPEL_EN_COURS,Détournement de fonds publics,DETOURNEMENT_FONDS_PUBLICS,Critique,CRITIQUE,Mis en cause,DIRECT,oui,,,2026-02-19,150000,18,0,60,,,oui,"18 mois de prison avec sursis, 150 000 € d'amende et 5 ans d'inéligibilité (jugement de première instance du tribunal correctionnel de Paris, 19 février 2026). L'exécution provisoire n'a pas été retenue : Serge Letchimy reste en fonction pendant l'appel qu'il a interjeté.",,Tribunal correctionnel de Paris,,"Serge Letchimy, président du Conseil exécutif de la Collectivité territoriale de Martinique (CTM), a été reconnu coupable de concussion par le tribunal correctionnel de Paris pour avoir usé de sa position afin d'obtenir des avantages indus lors de sa réintégration aux effectifs de la mairie de Fort-de-France : 23 465 euros correspondant à trois mois de salaire et une prime de départ à la retraite de 67 552 euros. Les faits, initialement poursuivis sous la qualification de détournement de fonds publics, ont été requalifiés en concussion à l'audience. Les trois autres prévenus dans ce dossier ont été relaxés.",3,https://la1ere.franceinfo.fr/condamne-pour-concussion-par-le-tribunal-correctionnel-de-paris-serge-letchimy-fait-appel-et-reste-en-fonction-1673331.html,"Condamné pour concussion par le tribunal correctionnel de Paris, Serge Letchimy fait appel et reste en fonction",https://poligraph.fr/affaires/serge-letchimy-concussion-reintegration-mairie-fort-de-france,2026-09-09T05:11:42.836Z,2026-09-16T09:06:41.250Z,PENAL
AF-000575,bernard-perrut-detournement-frais-de-mandat-irfm,Détournement de fonds publics (frais de mandat / IRFM),PG-001749,bernard-perrut,Bernard Perrut,,,,,,"Condamnation non définitive, pourvoi en cassation en cours",POURVOI_EN_CASSATION,Détournement de fonds publics,DETOURNEMENT_FONDS_PUBLICS,Grave,GRAVE,Mis en cause,DIRECT,oui,,,2025-10-10,,6,0,60,0,,non,"Première instance (13 mai 2024) : 1 an de prison avec sursis, 60 000 € d'amende, 5 ans d'inéligibilité. Réduit en appel (10 octobre 2025, cour d'appel de Paris) : 6 mois de prison avec sursis, amende supprimée, 5 ans d'inéligibilité avec sursis (n'empêche pas de se représenter). Pourvoi en cassation en cours (question de séparation des pouvoirs, sans contester la culpabilité).",,Cour d'appel de Paris,,"Bernard Perrut, ancien député (LR) du Rhône et ancien maire de Villefranche-sur-Saône, a été jugé coupable d'avoir utilisé une partie de son indemnité représentative de frais de mandat (IRFM) à des fins personnelles, pour un montant d'environ 87 500 euros (des virements à ses enfants, à une association diocésaine, des remboursements de prêts immobiliers et des frais médicaux). Condamné en première instance le 13 mai 2024 par le tribunal correctionnel de Paris, sa peine a été réduite en appel par la cour d'appel de Paris le 10 octobre 2025, qui a retenu l'absence d'enrichissement personnel. Il s'est pourvu en cassation, non pour contester sa culpabilité mais sur une question de séparation des pouvoirs relative à la compétence du juge pour apprécier l'usage de l'IRFM.",3,https://www.franceinfo.fr/societe/justice/l-ex-depute-bernard-perrut-condamne-a-un-an-de-prison-avec-sursis-pour-detournement-de-frais-de-mandat_6541697.html,L'ex-député Bernard Perrut condamné à un an de prison avec sursis pour détournement de frais de mandat,https://poligraph.fr/affaires/bernard-perrut-detournement-frais-de-mandat-irfm,2026-09-09T05:09:37.538Z,2026-09-22T22:27:27.477Z,PENAL
AF-000574,joseph-afribo-abus-de-faiblesse-viager-acy-romance,Poursuites pour abus de faiblesse dans un viager à Acy-Romance,PG-004487,joseph-afribo,Joseph Afribo,,,,,,Procès en cours,PROCES_EN_COURS,Autre,AUTRE,Grave,GRAVE,Mis en cause,DIRECT,oui,2012-01-01,2021-12-16,,,,,,,,non,,,Tribunal correctionnel de Charleville-Mézières,,"Joseph Afribo est poursuivi pour abus de faiblesse et blanchiment de fraude fiscale sur la période 2012-2021, ainsi que pour falsification de chèques et usage de chèques falsifiés en 2018 et 2020. En juin 2012, alors maire d'Acy-Romance, il rachète en viager la maison des époux Parizot, âgés de 85 et 80 ans, en s'engageant à verser une rente annuelle de 7 200 euros jusqu'au décès du dernier occupant. En 2020, l'avocate des petits-enfants du couple l'assigne pour non-paiement des rentes et demande l'annulation de la vente, et le petit-fils alerte le procureur de Charleville-Mézières d'un possible abus de faiblesse. Il est mis en examen le 16 décembre 2021 et placé sous contrôle judiciaire. Il conteste les faits et a annoncé son intention de déposer une plainte pour tentative d'extorsion, tentative d'escroquerie et dénonciation calomnieuse. Le 17 novembre 2025, la présidente du tribunal correctionnel de Charleville-Mézières a ordonné un supplément d'information judiciaire, portant sur une expertise psychiatrique des victimes présumées et sur le bris de scellés permettant aux parties d'examiner des chèques et des quittances, et a renvoyé l'audience au 27 avril 2026. Ce jour-là, le procès a été à nouveau renvoyé. Joseph Afribo, présumé innocent, risque jusqu'à cinq ans de prison. Aucun jugement n'a été rendu à ce jour.",6,https://radio8fm.com/infos/article/23549-Le_jugement_de_Joseph_Afribo_pour_abus_de_faiblesse_attendu_ce_lundi_au_tribunal_de_Charleville_Mezieres,Le jugement de Joseph Afribo pour abus de faiblesse attendu ce lundi au tribunal de Charleville-Mézières,https://poligraph.fr/affaires/joseph-afribo-abus-de-faiblesse-viager-acy-romance,2026-09-08T19:45:48.097Z,2026-09-10T14:46:12.557Z,PENAL
AF-000573,joseph-afribo-detournement-fonds-publics-acy-romance,Détournement de fonds publics à Acy-Romance,PG-004487,joseph-afribo,Joseph Afribo,,,,,,Condamnation (1ère instance),CONDAMNATION_PREMIERE_INSTANCE,Détournement de fonds publics,DETOURNEMENT_FONDS_PUBLICS,Grave,GRAVE,Mis en cause,DIRECT,oui,2009-01-01,2022-05-11,2025-06-10,6000,,,,,,non,"6 000 euros d'amende (cour d'appel de Reims), après 30 000 euros et un an d'inéligibilité en première instance",,Cour d'appel de Reims,,"Joseph Afribo a été condamné pour détournement de fonds publics commis alors qu'il était maire d'Acy-Romance. Dans cette affaire dite des « enveloppes », les loyers de parcelles agricoles communales, versés en espèces par deux agriculteurs à raison de deux enveloppes de 400 euros par agriculteur et par an, ont été perçus entre 2009 et 2020 sans bail ni quittance locative, puis affectés à un comité des fêtes non déclaré en préfecture plutôt qu'au budget communal. Le parquet avait requis son renvoi pour destruction, soustraction et détournement de biens par une personne dépositaire de l'autorité publique ; il a bénéficié d'un non-lieu partiel sur la qualification d'usage de faux en écriture. Jugé le 21 octobre 2024, il a été condamné le 25 novembre 2024 par le tribunal correctionnel de Charleville-Mézières à un an d'inéligibilité et 30 000 euros d'amende. Il a fait appel et a été rejugé le 13 mai 2025 à Reims. La cour d'appel l'a reconnu coupable le 10 juin 2025 et a ramené la peine à 6 000 euros d'amende, sans inéligibilité. La commune d'Acy-Romance ne s'est pas constituée partie civile. Il a toujours contesté avoir utilisé cet argent à des fins personnelles, son avocat plaidant une maladresse. Dans un communiqué du 24 juin 2025, l'élu a contesté les qualifications retenues et reconnu une erreur d'affectation comptable.",3,https://france3-regions.franceinfo.fr/grand-est/ardennes/rethel/le-maire-de-rethel-condamne-a-un-an-d-ineligibilite-et-30-000-euros-d-amende-pour-detournement-de-fonds-publics-3065713.html,Le maire de Rethel condamné à un an d'inéligibilité et 30 000 euros d'amende pour détournement de fonds publics,https://poligraph.fr/affaires/joseph-afribo-detournement-fonds-publics-acy-romance,2026-09-08T19:45:47.890Z,2026-09-10T14:16:40.121Z,PENAL
AF-000572,non-versement-de-pension-alimentaire,Non-versement de pension alimentaire,PG-000249,sebastien-delogu,Sébastien Delogu,LFI,La France insoumise,Extrême gauche,,,Procès en cours,PROCES_EN_COURS,Autre,AUTRE,Significatif,SIGNIFICATIF,Mis en cause,DIRECT,non,2025-03-01,,,,,,,,,non,,,,,"Le député Sébastien Delogu ne verse plus de pension alimentaire à ses deux enfants depuis mars 2025, malgré des revenus mensuels de plus de 6 000 euros. Son ex-compagne a porté plainte, entraînant une dette de près de 20 000 euros.",1,https://www.mediapart.fr/journal/france/070926/en-depit-de-ses-revenus-le-depute-lfi-sebastien-delogu-ne-verse-pas-de-pension-alimentaire,"En dépit de ses revenus, le député LFI Sébastien Delogu ne verse pas de pension alimentaire",https://poligraph.fr/affaires/non-versement-de-pension-alimentaire,2026-09-07T22:03:20.326Z,2026-09-10T21:42:43.660Z,PENAL
AF-000571,d-agressions-sexuelles-sur-mineurs-impliquant-joaquim-pueyo,Affaire d'agressions sexuelles sur mineurs impliquant Joaquim Pueyo,PG-024702,joaquim-pueyo,Joaquim Pueyo,PS,Parti socialiste,Gauche,,,Mise en examen,MISE_EN_EXAMEN,Agression sexuelle,AGRESSION_SEXUELLE,Significatif,SIGNIFICATIF,Mis en cause,DIRECT,non,,,,,,,,,,non,,,,,"Deux hommes accusent Joaquim Pueyo d'agressions sexuelles lorsqu'ils étaient mineurs. L'un affirme avoir été abusé à 14 ans dans la région d'Alençon, l'autre accuse l'ex-député d'attouchements à 15 ans lors d'un séjour en prison dont Pueyo était le directeur. Les faits sont contestés par l'intéressé.",2,https://www.ledauphine.com/faits-divers-justice/2026/09/07/agressions-sexuelles-sur-mineurs-l-ex-maire-d-alencon-mis-en-cause-rapporte-radio-france,"Orne. Agressions sexuelles sur mineurs : l'ex-maire d'Alençon mis en cause, rapporte Radio France",https://poligraph.fr/affaires/d-agressions-sexuelles-sur-mineurs-impliquant-joaquim-pueyo,2026-09-07T10:07:08.958Z,2026-09-10T21:39:39.648Z,PENAL
,mise-en-examen-violences-viol-bazzucchi,"Mise en examen pour violences aggravées, viol et enregistrement d'images à caractère sexuel sans consentement",PG-006177,nicolas-bazzucchi,Nicolas Bazzucchi,,,,,,Mise en examen,MISE_EN_EXAMEN,Agression sexuelle,AGRESSION_SEXUELLE,Critique,CRITIQUE,Mis en cause,DIRECT,non,,2024-08-01,,,,,,,,non,,,,,"Nicolas Bazzucchi, maire de La Penne-sur-Huveaune (Bouches-du-Rhône), a été mis en examen en décembre 2024, après des plaintes déposées en août 2024 par deux anciennes compagnes, pour violences ayant entraîné une incapacité totale de travail de vingt jours, viol et enregistrement d'images à caractère sexuel sans le consentement des victimes. Il a été placé en détention provisoire pendant environ deux mois avant d'être remis en liberté en février 2025 et de retrouver la gestion de la commune. Onze des vingt-neuf élus du conseil municipal ont démissionné pour protester contre son maintien à la mairie. Malgré la mise en examen, il s'est représenté aux élections municipales de mars 2026 et est arrivé en tête du premier tour avant le second tour du 22 mars 2026. Conformément à la présomption d'innocence, l'instruction est toujours en cours et aucun jugement n'a été rendu sur le fond.",3,https://www.francebleu.fr/infos/politique/la-penne-sur-huveaune-le-maire-nicolas-bazzucchi-mis-en-examen-annonce-sa-candidature-5882837,"La Penne-sur-Huveaune : le maire Nicolas Bazzucchi, mis en examen, est candidat, réactions dans la commune",https://poligraph.fr/affaires/mise-en-examen-violences-viol-bazzucchi,2026-09-06T06:25:26.359Z,2026-09-10T21:46:58.176Z,PENAL
,financement-illegal-campagne-ary-chalus,Financement illégal de campagne et abus de confiance,,ary-chalus,Ary Chalus,,,,,,"Condamnation non définitive, pourvoi en cassation en cours",POURVOI_EN_CASSATION,Financement illégal de campagne,FINANCEMENT_ILLEGAL_CAMPAGNE,Grave,GRAVE,Mis en cause,DIRECT,oui,,,2025-05-20,25000,24,0,24,,,non,"2 ans de prison avec sursis, 25 000 € d'amende, 2 ans d'inéligibilité, interdiction de gérer une association pendant 3 ans",,Cour d'appel de Basse-Terre,,"La cour d'appel de Basse-Terre a reconnu Ary Chalus coupable, le 20 mai 2025, d'abus de confiance et de dépassement du plafond des dépenses électorales, et l'a condamné à deux ans de prison avec sursis, 25 000 euros d'amende, deux ans d'inéligibilité et une interdiction de gérer une association pendant trois ans. Un pourvoi en cassation a été formé ; l'affaire est actuellement pendante devant la Cour de cassation et la condamnation n'est donc pas définitive.",3,https://la1ere.franceinfo.fr/guadeloupe/financement-illegal-de-comptes-de-campagne-ary-chalus-reconnu-coupable-en-appel-et-frappe-d-une-peine-d-ineligibilite-de-2-ans-1588254.html,Financement illégal de comptes de campagne : Ary Chalus reconnu coupable en appel et frappé d'une peine d'inéligibilité de 2 ans,https://poligraph.fr/affaires/financement-illegal-campagne-ary-chalus,2026-09-06T06:25:06.686Z,2026-09-10T21:43:17.265Z,PENAL
,emplois-fictifs-assemblee-nationale-ary-chalus,Emplois fictifs de sa compagne et de sa fille comme collaboratrices parlementaires,,ary-chalus,Ary Chalus,,,,,,Procès en cours,PROCES_EN_COURS,Emploi fictif,EMPLOI_FICTIF,Grave,GRAVE,Mis en cause,DIRECT,oui,,,,,,,,,,non,,,Tribunal correctionnel de Paris (32e chambre),,"Ary Chalus, président du conseil régional de Guadeloupe et ancien député (2012-2017), est renvoyé devant le tribunal correctionnel de Paris pour détournement de fonds publics : sa compagne et sa fille auraient été rémunérées comme collaboratrices parlementaires sans exercer d'activité réelle, pour un préjudice évalué à plus de 255 000 euros. Le procès s'est tenu du 24 au 29 juin 2026 devant la 32e chambre correctionnelle. Le troisième jour d'audience, le parquet a requis 3 ans de prison avec sursis, 100 000 euros d'amende et 5 ans d'inéligibilité avec exécution provisoire à son encontre ; sa compagne et sa fille, poursuivies pour recel, encourent également des peines. Le jugement a été mis en délibéré au 30 septembre 2026. Conformément à la présomption d'innocence, aucune condamnation n'a été prononcée à ce stade.",2,https://la1ere.franceinfo.fr/guadeloupe/basse-terre/baie-mahault/detournement-de-fonds-et-emplois-fictifs-a-l-assemblee-nationale-ary-chalus-renvoye-devant-le-tribunal-correctionnel-de-paris-1676883.html,Détournement de fonds et emplois fictifs à l'Assemblée Nationale : Ary Chalus renvoyé devant le tribunal correctionnel de Paris,https://poligraph.fr/affaires/emplois-fictifs-assemblee-nationale-ary-chalus,2026-09-06T06:24:46.240Z,2026-09-10T21:44:46.414Z,PENAL
AF-000569,jean-jacques-bridey-detournement-fonds-publics-abus-pouvoir,Condamnation de Jean-Jacques Bridey pour détournement de fonds publics et abus de pouvoir,,jean-jacques-bridey,Jean-Jacques Bridey,,,,,,Condamnation (1ère instance),CONDAMNATION_PREMIERE_INSTANCE,Détournement de fonds publics,DETOURNEMENT_FONDS_PUBLICS,Grave,GRAVE,Mis en cause,DIRECT,oui,,,2026-06-04,75000,24,0,60,60,,non,"2 ans de prison avec sursis, 75 000 € d'amende, 5 ans d'inéligibilité (exécution provisoire)",,Tribunal judiciaire de Paris (32e chambre correctionnelle),,"Ancien maire de Fresnes (2001-2017) et député du Val-de-Marne (2012-2022), Jean-Jacques Bridey a fait l'objet d'une enquête préliminaire pour concussion ouverte après un signalement de la Haute Autorité pour la transparence de la vie publique (HATVP), révélée en septembre 2018. Le Parquet national financier lui reprochait d'avoir perçu indûment environ 145 749 € de frais de mandat parlementaire à des fins personnelles entre 2013 et 2019, ainsi que 84 251 € d'indemnités d'élu au-delà du plafond légal cumulé entre 2014 et 2016. Jugé par le tribunal judiciaire de Paris, il a été condamné le 4 juin 2026 à deux ans de prison avec sursis, 75 000 € d'amende et cinq ans d'inéligibilité, cette dernière peine étant assortie de l'exécution provisoire. À la suite de cette décision de première instance, non définitive, il a démissionné de son mandat de conseiller municipal d'opposition à Fresnes.",3,https://www.franceinfo.fr/politique/la-republique-en-marche/un-depute-lrem-proche-de-macron-vise-par-une-enquete-pour-avoir-cumule-les-indemnites-de-ses-differents-mandats_2959645.html,Un député LREM proche de Macron visé par une enquête pour avoir cumulé les indemnités de ses différents mandats,https://poligraph.fr/affaires/jean-jacques-bridey-detournement-fonds-publics-abus-pouvoir,2026-09-05T10:00:12.145Z,2026-09-22T22:27:27.315Z,PENAL
AF-000567,requisitoire-de-renvoi-en-proces-pour-viol-contre-juan-branco,Réquisitoire de renvoi en procès pour viol contre Juan Branco,PG-037688,juan-branco,Juan Branco,,,,,,Instruction en cours,INSTRUCTION,Agression sexuelle,AGRESSION_SEXUELLE,Grave,GRAVE,Mis en cause,DIRECT,non,2021-04-01,2021-11-24,,,,,,,,non,,,Tribunal judiciaire de Paris,,"Le parquet de Paris a requis, dans un réquisitoire définitif rendu le 6 août 2026, le renvoi en procès de l'avocat Juan Branco pour un viol qui aurait été commis sur une jeune femme, alors étudiante en sciences politiques âgée de 20 ans, au printemps 2021. Le parquet demande également un non-lieu concernant des faits d'agression sexuelle et de viol visés par deux autres plaintes. Juan Branco conteste l'ensemble des faits qui lui sont reprochés. Le juge d'instruction doit encore se prononcer sur la tenue d'un procès.",2,https://www.ladepeche.fr/2026/09/01/juan-branco-le-parquet-de-paris-requiert-le-renvoi-en-proces-pour-viol-de-lavocat-13531301.php,Juan Branco : le parquet de Paris requiert le renvoi en procès pour viol de l'avocat,https://poligraph.fr/affaires/requisitoire-de-renvoi-en-proces-pour-viol-contre-juan-branco,2026-09-02T09:45:26.213Z,2026-09-12T22:38:12.802Z,PENAL
AF-000566,abdelkader-lahmar-enquete-preliminaire-pour-inscription-electorale-frauduleuse-a-vaulx-en-velin,Enquête préliminaire pour inscription électorale frauduleuse à Vaulx-en-Velin,PG-000529,abdelkader-lahmar,Abdelkader Lahmar,LFI,La France insoumise,Extrême gauche,,,Enquête préliminaire,ENQUETE_PRELIMINAIRE,Faux et usage de faux,FAUX_ET_USAGE_FAUX,Grave,GRAVE,Mis en cause,DIRECT,non,,2026-04-14,,,,,,,,non,,,,,"Abdelkader Lahmar, maire (La France insoumise) de Vaulx-en-Velin et ancien député du Rhône, fait l'objet d'une enquête préliminaire ouverte par le parquet de Lyon portant sur ses inscriptions sur les listes électorales de la commune. Il lui est reproché d'avoir été inscrit sur les listes électorales de Vaulx-en-Velin alors qu'il serait propriétaire d'un bien à Caluire-et-Cuire depuis 2005, ce qui lui aurait permis de se présenter aux élections municipales dans la commune de Vaulx-en-Velin. Selon le parquet, l'enquête doit déterminer s'il s'agit d'une simple irrégularité administrative ou d'une inscription frauduleuse. Au stade de l'enquête préliminaire, aucune charge n'a été retenue contre lui et il n'a pas été mis en examen.",1,https://www.mediacites.fr/breve/lyon/2026/04/14/vaulx-en-velin-la-justice-sinteresse-a-lancienne-adresse-du-maire-insoumis-abdelkader-lahmar/,Vaulx-en-Velin : la justice s'intéresse à l'ancienne adresse du maire insoumis Abdelkader Lahmar,https://poligraph.fr/affaires/abdelkader-lahmar-enquete-preliminaire-pour-inscription-electorale-frauduleuse-a-vaulx-en-velin,2026-08-31T09:15:30.428Z,2026-09-10T21:45:49.025Z,PENAL
AF-000563,scandale-du-periscolaire-a-paris,Scandale du périscolaire à Paris,PG-001783,anne-hidalgo,Anne Hidalgo,PS,Parti socialiste,Gauche,,,Enquête préliminaire,ENQUETE_PRELIMINAIRE,Autre,AUTRE,Significatif,SIGNIFICATIF,Mis en cause,DIRECT,non,2026-08-28,,,,,,,,,non,,,,,"Quatre plaintes pour non-assistance à personne en danger et mise en danger d'autrui ont été déposées contre Anne Hidalgo et Patrick Bloche, ancien adjoint chargé des affaires scolaires : trois fin août 2026, puis une quatrième le 4 septembre 2026 portée par le collectif #MeTooEcole au nom de 16 familles, qui vise pour la première fois nommément aussi le maire de Paris en exercice, Emmanuel Grégoire. Les faits concernent des enfants victimes d'agressions sexuelles ou de violences dans le cadre du périscolaire parisien entre 2022 et 2026. Selon les avocats des plaignants, les mis en cause avaient connaissance du danger grave et imminent couru par les enfants. À ce stade, aucune mise en examen n'a été prononcée contre Anne Hidalgo, Patrick Bloche ou Emmanuel Grégoire : la présomption d'innocence s'applique pleinement.",1,https://www.mediapart.fr/journal/france/280826/scandale-du-periscolaire-paris-anne-hidalgo-directement-visee-par-des-plaintes,Scandale du périscolaire à Paris: Anne Hidalgo directement visée par des plaintes,https://poligraph.fr/affaires/scandale-du-periscolaire-a-paris,2026-08-28T11:11:45.832Z,2026-09-07T06:31:04.281Z,PENAL
AF-000559,altercation-avec-des-policiers-et-accusations-croisees-d-outrage-et-violences,Altercation avec des policiers et accusations croisées d'outrage et violences,PG-000249,sebastien-delogu,Sébastien Delogu,LFI,La France insoumise,Extrême gauche,,,Enquête préliminaire,ENQUETE_PRELIMINAIRE,Violence,VIOLENCE,Significatif,SIGNIFICATIF,Mis en cause,DIRECT,non,2026-08-24,,,,,,,,,non,,,Parquet de Marseille,,"Sébastien Delogu a été placé en garde à vue dans le cadre d'une enquête pour outrage sur personne dépositaire de l'autorité publique après une altercation avec trois policiers le 24 août 2026. Le député a également déposé plainte contre X pour injures et violences physiques, accusant les policiers de l'avoir insulté et frappé.",5,https://www.lefigaro.fr/politique/garde-a-vue-de-sebastien-delogu-un-depute-peut-il-etre-prive-de-liberte-comme-n-importe-quel-justiciable-20260827,Garde à vue de Sébastien Delogu : un député peut-il être privé de liberté comme n’importe quel justiciable ?,https://poligraph.fr/affaires/altercation-avec-des-policiers-et-accusations-croisees-d-outrage-et-violences,2026-08-27T16:15:13.956Z,2026-08-28T07:20:52.613Z,PENAL
AF-000556,detournement-de-fonds-de-l-assemblee-nationale,Affaire de détournement de fonds de l'Assemblée nationale,PG-000221,jose-beaurain,José Beaurain,RN,Rassemblement National,Extrême droite,,,Enquête préliminaire,ENQUETE_PRELIMINAIRE,Détournement de fonds publics,DETOURNEMENT_FONDS_PUBLICS,Critique,CRITIQUE,Mis en cause,DIRECT,oui,,,,,,,,,,non,,,,,José Beaurain est accusé d'avoir mis en place un système lui permettant de récupérer une partie de l'argent destiné au paiement de ses assistants parlementaires. Il aurait demandé à ses employés de lui rendre la moitié de cette prime en espèces.,2,https://www.franceinfo.fr/politique/front-national/soupconne-d-avoir-detourne-de-l-argent-de-l-assemblee-nationale-le-depute-rn-jose-beaurain-compte-porter-plainte_8164055.html#xtor=RSS-3-%5Bgeneral%5D,"Soupçonné d'avoir détourné de l'argent de l'Assemblée nationale, le député RN José Beaurain compte porter plainte",https://poligraph.fr/affaires/detournement-de-fonds-de-l-assemblee-nationale,2026-08-26T19:15:18.849Z,2026-08-28T07:22:38.318Z,PENAL
AF-000553,plainte-pour-harcelement-et-altercation-avec-des-policiers,Plainte pour harcèlement et altercation avec des policiers,PG-000249,sebastien-delogu,Sébastien Delogu,LFI,La France insoumise,Extrême gauche,,,Enquête préliminaire,ENQUETE_PRELIMINAIRE,Autre,AUTRE,Significatif,SIGNIFICATIF,Plaignant,PLAINTIFF,non,2026-08-24,,,,,,,,,non,,,,,"Sébastien Delogu dénonce un comportement agressif de la part de policiers en civil intervenant dans son immeuble pour un vol, qualifiant cela de harcèlement. Les policiers ont déposé une plainte pour outrage, accusant l'élu d'obstruction à leur mission.",2,https://www.lemonde.fr/politique/article/2026/08/26/le-depute-lfi-sebastien-delogu-denonce-un-harcelement-apres-le-depot-d-une-plainte-pour-outrage-par-un-policier_6757415_823448.html,Le député LFI Sébastien Delogu dénonce un « harcèlement » après le dépôt d’une plainte pour outrage par des policiers,https://poligraph.fr/affaires/plainte-pour-harcelement-et-altercation-avec-des-policiers,2026-08-26T19:11:59.962Z,2026-08-28T07:17:41.321Z,PENAL
AF-000545,edouard-philippe-soupcons-d-ingerence-russe-contre-edouard-philippe,Soupçons d'ingérence russe contre Édouard Philippe,PG-001657,edouard-philippe,Edouard Philippe,HOR,Horizons,Centre droit,,,Enquête préliminaire,ENQUETE_PRELIMINAIRE,Autre,AUTRE,Significatif,SIGNIFICATIF,Victime,VICTIM,non,,,,,,,,,,non,,,Parquet de Paris (section protection des libertés fondamentales),,"Édouard Philippe, candidat pressenti à la présidentielle de 2027, a été ciblé par des opérations de déstabilisation attribuées à des réseaux prorusses, notamment des calomnies sur son état de santé. Le parquet de Paris a ouvert une enquête préliminaire sans qu'une plainte de sa part ne soit mentionnée.",1,https://www.ladepeche.fr/2026/08/18/ingerences-etrangeres-le-parquet-de-paris-a-ouvert-une-enquete-apres-des-soupcons-dingerence-russe-a-lencontre-de-gabriel-attal-et-dedouard-philippe-13513061.php,Ingérences étrangères : le parquet de Paris a ouvert une enquête après des soupçons d'ingérence russe à l'encontre de Gabriel Attal et d'Édouard Philippe,https://poligraph.fr/affaires/edouard-philippe-soupcons-d-ingerence-russe-contre-edouard-philippe,2026-08-18T11:21:25.811Z,2026-08-20T16:04:59.777Z,PENAL
AF-000539,agression-du-maire-de-valence-d-agen,Agression du maire de Valence-d'Agen,PG-001351,jean-michel-baylet,Jean-Michel Baylet,PRG,Parti radical de gauche,Gauche,,,Enquête préliminaire,ENQUETE_PRELIMINAIRE,Violence,VIOLENCE,Significatif,SIGNIFICATIF,Victime,VICTIM,non,2026-08-08,,,,,,,,,non,,,,,Jean-Michel Baylet a été agressé physiquement alors qu'il intervenait pour des nuisances sonores. Il a reçu des coups et des crachats de la part d'un couple de résidents bulgares. Une plainte a été déposée et l'auteur présumé est en garde à vue.,3,https://www.ladepeche.fr/2026/08/09/tarn-et-garonne-le-maire-de-valence-dagen-victime-dune-agression-un-homme-en-garde-a-vue-13502619.php,"Le maire de Valence-d'Agen, Jean-Michel Baylet, victime d'une agression : un homme en garde à vue",https://poligraph.fr/affaires/agression-du-maire-de-valence-d-agen,2026-08-09T19:14:45.383Z,2026-08-10T22:53:02.670Z,PENAL
AF-000536,gabriel-attal-plainte-de-gabriel-attal-pour-ingerence-russe,Plainte de Gabriel Attal pour ingérence russe,PG-000198,gabriel-attal,Gabriel Attal,RE,Renaissance,Centre,,,Enquête préliminaire,ENQUETE_PRELIMINAIRE,Autre,AUTRE,Significatif,SIGNIFICATIF,Plaignant,PLAINTIFF,non,2026-08-08,,,,,,,,,non,,,,,"Gabriel Attal a porté plainte pour des faits d'ingérence étrangère, de manipulation de l'information et de fabrication de contenus truqués, susceptibles de porter atteinte aux intérêts fondamentaux de la nation et à la sincérité du scrutin présidentiel de 2027. L'enquête vise à déterminer l'origine et l'ampleur de ces ingérences.",10,https://www.lemonde.fr/election-presidentielle-2027/article/2026/08/08/gabriel-attal-porte-plainte-pour-une-ingerence-numerique-exterieure-et-en-provenance-de-russie_6740860_6205049.html,Présidentielle 2027 : Gabriel Attal porte plainte « pour une ingérence numérique extérieure » et « en provenance de Russie »,https://poligraph.fr/affaires/gabriel-attal-plainte-de-gabriel-attal-pour-ingerence-russe,2026-08-08T11:26:14.580Z,2026-08-28T13:04:45.699Z,PENAL
AF-000535,bally-bagayoko-soupcons-de-cumul-d-emplois-a-la-ville-et-a-la-ratp,Soupçons de cumul d'emplois à la ville et à la RATP,PG-036423,bally-bagayoko,Bally Bagayoko,LFI,La France insoumise,Extrême gauche,,,Enquête préliminaire,ENQUETE_PRELIMINAIRE,Prise illégale d'intérêts,PRISE_ILLEGALE_INTERETS,Critique,CRITIQUE,Mis en cause,DIRECT,oui,,,,,,,,,,non,,,Parquet national financier (PNF),,"Une association anticorruption a porté plainte contre Bally Bagayoko pour des soupçons de cumul d'emplois entre ses fonctions à la ville de Saint-Denis et à la RATP, évoqués dans un article du Canard enchaîné. Le Parquet national financier est saisi.",8,https://www.liberation.fr/politique/soupcons-de-cumul-demplois-a-la-ville-et-a-la-ratp-une-association-anticorruption-porte-plainte-contre-bally-bagayoko-20260807_KWB5RW3HPBCB3LPGOXK7GQQCVA/,Soupçons de cumul d’emplois à la ville et à la RATP : une association anticorruption porte plainte contre Bally Bagayoko,https://poligraph.fr/affaires/bally-bagayoko-soupcons-de-cumul-d-emplois-a-la-ville-et-a-la-ratp,2026-08-08T05:08:33.826Z,2026-08-28T07:04:47.639Z,PENAL
AF-000534,enquete-pour-ingerence-russe-et-fabrication-d-images-truquees-visant-raphael-glucksmann,Enquête pour ingérence russe et fabrication d'images truquées visant Raphaël Glucksmann,PG-001012,raphael-glucksmann,Raphaël Glucksmann,PP,Place publique,Centre,,,Enquête préliminaire,ENQUETE_PRELIMINAIRE,Autre,AUTRE,Significatif,SIGNIFICATIF,Victime,VICTIM,non,2026-08-07,,,,,,,,,non,,,,,"La justice française enquête sur une opération de désinformation attribuée au groupe prorusse Storm-1516, piloté par le GRU, ayant diffusé une fausse vidéo visant à discréditer Raphaël Glucksmann. L'enquête porte sur d'éventuels délits liés à la fabrication d'images truquées au service d'une puissance étrangère.",1,https://www.franceinfo.fr/politique/la-justice-enquete-sur-les-possibles-ingerences-russes-apres-une-infox-visant-l-eurodepute-raphael-glucksmann_8138516.html#xtor=RSS-3-%5Bgeneral%5D,La justice enquête sur les possibles ingérences russes après une infox visant l'eurodéputé Raphaël Glucksmann,https://poligraph.fr/affaires/enquete-pour-ingerence-russe-et-fabrication-d-images-truquees-visant-raphael-glucksmann,2026-08-07T11:44:15.282Z,2026-08-10T22:57:13.080Z,PENAL
AF-000532,francois-pupponi-detournement-frais-de-mandat,Condamnation de François Pupponi pour détournement de son indemnité de frais de mandat,PG-001744,francois-pupponi,François Pupponi,TDP,Territoires de progrès,,,,Condamnation définitive,CONDAMNATION_DEFINITIVE,Détournement de fonds publics,DETOURNEMENT_FONDS_PUBLICS,Critique,CRITIQUE,Mis en cause,DIRECT,oui,2015-01-01,,2025-12-09,80000,10,0,60,,,non,"10 mois de prison avec sursis, 80 000 euros d'amende dont la moitié avec sursis, 5 ans d'inéligibilité","Sur les 80 000 euros d'amende, 40 000 euros sont assortis du sursis","Tribunal correctionnel de Paris (32e chambre, CRPC)",,"Une enquête préliminaire avait été ouverte en décembre 2020 après un signalement de la Haute Autorité pour la transparence de la vie publique, qui soupçonnait un usage non conforme de l'indemnité représentative de frais de mandat, l'enveloppe théoriquement dévolue aux dépenses liées au mandat parlementaire. Le parquet national financier a retenu 122 459,56 euros de mauvais usage sur les paiements effectués entre 2015, année d'un rappel des règles adressé à tous les députés par le président de l'Assemblée nationale, et 2018, quand l'IRFM a été remplacée par l'avance de frais de mandat. Les enquêteurs de la brigade de répression de la délinquance économique ont relevé 42 000 euros de dépenses liées à la Corse, 21 000 euros de location de véhicules, 18 000 euros de restaurants, 7 000 euros d'abonnements à des services de télévision et 2 500 euros de cotisations au Parti socialiste. Le procureur a décrit un montant parmi les plus importants constatés dans les dossiers de mauvais usage des frais de mandat. François Pupponi a reconnu les faits à l'audience du 9 décembre 2025 et accepté la peine proposée par le parquet national financier, homologuée le jour même par la 32e chambre correctionnelle du tribunal de Paris dans le cadre d'une comparution sur reconnaissance préalable de culpabilité.",2,https://www.ici.fr/infos/faits-divers-justice/francois-pupponi-ancien-maire-de-sarcelles-condamne-pour-abus-de-biens-sociaux-va-faire-appel-1641481242,"François Pupponi, ancien maire de Sarcelles, condamné pour abus de biens sociaux, va faire appel",https://poligraph.fr/affaires/francois-pupponi-detournement-frais-de-mandat,2026-08-05T15:05:23.921Z,2026-08-06T09:16:39.458Z,PENAL
AF-000528,mustapha-laabid-abus-de-confiance-association,Condamnation de Mustapha Laabid pour abus de confiance au préjudice d'une association d'insertion,PG-037675,mustapha-laabid,Mustapha Laabid,,,,,,Condamnation définitive,CONDAMNATION_DEFINITIVE,Abus de confiance,ABUS_CONFIANCE,Grave,GRAVE,Mis en cause,DIRECT,non,2015-01-01,,2020-11-05,10000,8,0,36,,,non,"8 mois de prison avec sursis, 3 ans d'inéligibilité, 10 000 euros d'amende",,Cour d'appel de Rennes (pourvoi rejeté par la Cour de cassation le 16 juin 2021),,"Élu député LREM de la première circonscription d'Ille-et-Vilaine en 2017, Mustapha Laabid était poursuivi pour des faits antérieurs à son élection, commis alors qu'il présidait l'association d'insertion Collectif intermède à Rennes : selon les juges, il a utilisé entre le 1er janvier 2015 et le 31 décembre 2017 l'argent de l'association à des fins personnelles ou indues, pour un préjudice de 21 930,54 euros. Condamné à six mois de prison avec sursis en première instance par le tribunal correctionnel de Rennes le 6 août 2019, il a vu sa peine portée à huit mois avec sursis par la cour d'appel de Rennes le 5 novembre 2020. La Cour de cassation a rejeté son pourvoi le 16 juin 2021, rendant la condamnation définitive. Il a démissionné de son mandat de député le 6 septembre 2021.",4,https://www.francebleu.fr/infos/faits-divers-justice/abus-de-confiance-huit-mois-de-prison-avec-sursis-en-appel-pour-le-depute-lrem-de-rennes-mustapha-1604582950,Abus de confiance : huit mois de prison avec sursis en appel pour le député LREM de Rennes Mustapha Laabid,https://poligraph.fr/affaires/mustapha-laabid-abus-de-confiance-association,2026-08-05T10:15:36.342Z,2026-09-01T16:35:57.010Z,PENAL
AF-000529,sira-sylla-prudhommes-harcelement-moral-licenciement,Condamnation prud'homale de Sira Sylla pour harcèlement moral et licenciement abusif,PG-037676,sira-sylla,Sira Sylla,,,,,,Condamnation définitive,CONDAMNATION_DEFINITIVE,Harcèlement moral,HARCELEMENT_MORAL,Grave,GRAVE,Mis en cause,DIRECT,non,,,2022-09-06,,,,,,,non,Près de 80 000 euros à verser à un ancien attaché parlementaire,"Décision prud'homale (juridiction civile), et non une condamnation pénale",Conseil de prud'hommes de Rouen,,"Députée LREM de la quatrième circonscription de Seine-Maritime de 2017 à 2022, Sira Sylla a été condamnée le 6 septembre 2022 par le conseil de prud'hommes de Rouen pour harcèlement moral, manquement à l'obligation de sécurité et licenciement sans cause réelle et sérieuse, à la suite de la saisine d'un ancien attaché parlementaire. Elle a été condamnée à lui verser près de 80 000 euros au total, dont environ 20 000 euros d'heures supplémentaires impayées, 20 000 euros au titre du harcèlement moral et près de 21 000 euros de dommages et intérêts pour le licenciement. Il s'agit d'une décision prud'homale, de nature civile : elle ne constitue pas une condamnation pénale.",2,https://www.francebleu.fr/infos/faits-divers-justice/l-ex-deputee-marcheuse-sira-sylla-condamnee-aux-prud-hommes-pour-harcelement-moral-et-licenciement-1662476979,L'ex-députée marcheuse Sira Sylla condamnée aux prud'hommes pour harcèlement moral et licenciement abusif,https://poligraph.fr/affaires/sira-sylla-prudhommes-harcelement-moral-licenciement,2026-08-05T10:15:36.342Z,2026-08-05T14:46:15.647Z,PENAL
AF-000531,claire-o-petit-fautes-de-gestion-adcp,Condamnation de Claire O'Petit pour fautes de gestion de la SARL ADCP,PG-037674,claire-o-petit,Claire O'Petit,,,,,,Condamnation définitive,CONDAMNATION_DEFINITIVE,Autre,AUTRE,Significatif,SIGNIFICATIF,Mis en cause,DIRECT,non,,,2017-10-19,3000,,,,,,non,"Interdiction de gérer toute entreprise commerciale ou artisanale pendant 5 ans, 3 000 euros au liquidateur judiciaire","Sanction commerciale prononcée par une juridiction consulaire, et non une condamnation pénale",Cour d'appel de Paris (confirmant le tribunal de commerce de Bobigny),,"Représentante légale de la SARL Agence de développement et de proximité (ADCP), placée en liquidation judiciaire, Claire O'Petit a vu la cour d'appel de Paris confirmer le 19 octobre 2017 le jugement rendu le 2 novembre 2016 par le tribunal de commerce de Bobigny, pour des fautes de gestion ayant contribué à l'insuffisance d'actif de la société. Elle s'est vu interdire de diriger, gérer, administrer ou contrôler directement ou indirectement toute entreprise commerciale ou artisanale pendant cinq ans, et a été condamnée à verser 3 000 euros au liquidateur judiciaire. Il s'agit d'une sanction commerciale prononcée par une juridiction consulaire, et non d'une condamnation pénale. Les faits sont antérieurs à son élection comme députée en juin 2017.",2,https://www.cnews.fr/france/2017-10-21/une-deputee-en-marche-condamnee-en-appel-pour-des-fautes-de-gestion-767449,Une députée En marche condamnée en appel pour des fautes de gestion,https://poligraph.fr/affaires/claire-o-petit-fautes-de-gestion-adcp,2026-08-05T10:15:36.342Z,2026-08-05T14:50:48.720Z,PENAL
AF-000527,anne-christine-lang-detournement-frais-de-mandat,Condamnation d'Anne-Christine Lang pour détournement de frais de mandat,PG-037673,anne-christine-lang,Anne-Christine Lang,,,,,,Condamnation (1ère instance),CONDAMNATION_PREMIERE_INSTANCE,Détournement de fonds publics,DETOURNEMENT_FONDS_PUBLICS,Critique,CRITIQUE,Mis en cause,DIRECT,oui,2015-03-01,,2023-05-09,60000,,,36,,,non,60 000 euros d'amende et 3 ans d'inéligibilité,,Tribunal judiciaire de Paris (CRPC),,"Ancienne députée de Paris, Anne-Christine Lang a reconnu devant le tribunal judiciaire de Paris avoir utilisé son indemnité représentative de frais de mandat à des fins personnelles entre mars 2015 et décembre 2017, pour un total de 44 649,82 euros de dépenses non conformes : consultations médicales, matériel de puériculture, jouets et vêtements pour enfants, cotisations à un parti politique, remboursement de prêts personnels. Elle avait intégralement remboursé cette somme en février 2023. La peine, proposée par le parquet national financier dans le cadre d'une comparution sur reconnaissance préalable de culpabilité, a été homologuée le 9 mai 2023.",2,https://www.franceinfo.fr/politique/moralisation-de-la-vie-politique/detournement-de-frais-de-mandat-l-ex-deputee-lrem-anne-christine-lang-condamnee-a-60-000-euros-d-amende_5815967.html,Détournement de frais de mandat : l'ex-députée LREM Anne-Christine Lang condamnée à 60 000 euros d'amende,https://poligraph.fr/affaires/anne-christine-lang-detournement-frais-de-mandat,2026-08-05T10:14:28.076Z,2026-09-01T16:35:56.639Z,PENAL
AF-000525,pierre-cabare-agression-harcelement-sexuels-suppleante,Condamnation de Pierre Cabaré pour agression sexuelle et harcèlement sexuel sur son ancienne suppléante,PG-001748,pierre-cabare,Pierre Cabaré,,,,,,Condamnation (1ère instance),CONDAMNATION_PREMIERE_INSTANCE,Agression sexuelle,AGRESSION_SEXUELLE,Critique,CRITIQUE,Mis en cause,DIRECT,oui,,,2024-06-26,10000,15,0,60,,,oui,"15 mois de prison avec sursis, 10 000 euros d'amende, 5 ans d'inéligibilité",Inscription au fichier des auteurs d'infractions sexuelles ; 5 000 euros de dommages et intérêts à la plaignante,Tribunal correctionnel de Montauban,,"Député LREM de Haute-Garonne de 2017 à 2022, Pierre Cabaré faisait l'objet depuis septembre 2019 d'une enquête ouverte après la plainte de son ancienne suppléante et assistante parlementaire pour harcèlement sexuel et moral et agression sexuelle. Le tribunal correctionnel de Montauban l'a reconnu coupable le 26 juin 2024 d'agression sexuelle et de harcèlement sexuel. Il a été inscrit au fichier des auteurs d'infractions sexuelles et condamné à verser 5 000 euros de dommages et intérêts à la plaignante. Son avocat a annoncé faire appel.",2,https://france3-regions.franceinfo.fr/occitanie/haute-garonne/toulouse/un-ancien-depute-macroniste-reconnu-coupable-d-agression-sexuelle-pierre-cabare-ecope-de-15-mois-de-prison-avec-sursis-2992988.html,Un ancien député macroniste reconnu coupable d'agression sexuelle : Pierre Cabaré écope de 15 mois de prison avec sursis,https://poligraph.fr/affaires/pierre-cabare-agression-harcelement-sexuels-suppleante,2026-08-05T10:14:28.076Z,2026-08-06T18:15:55.320Z,PENAL
AF-000523,sylvie-goulard-non-lieu-assistants-parlementaires-modem,Non-lieu pour Sylvie Goulard dans l'affaire des assistants parlementaires du MoDem,PG-001665,sylvie-goulard,Sylvie Goulard,,,,,,Non-lieu,NON_LIEU,Détournement de fonds publics,DETOURNEMENT_FONDS_PUBLICS,Critique,CRITIQUE,Mis en cause,DIRECT,oui,,,2023-03-09,,,,,,,non,,,Tribunal judiciaire de Paris (juges d'instruction),,"Première ministre des Armées d'Emmanuel Macron, Sylvie Goulard a démissionné en juin 2017 après l'ouverture d'une information judiciaire visant des soupçons d'emplois fictifs d'assistants d'eurodéputés du MoDem. Elle a été mise en examen le 29 novembre 2019 par la juge chargée de l'enquête. En mars 2023, au moment du renvoi de François Bayrou et de dix autres cadres centristes devant le tribunal correctionnel, un non-lieu a été ordonné en sa faveur : les juges l'ont considérée comme étrangère aux détournements réalisés, estimant qu'aucun élément ne permettait d'attester qu'elle avait connaissance de la situation de l'assistante concernée, tout en relevant qu'elle avait pu se montrer négligente.",2,https://www.franceinfo.fr/politique/modem/assistants-parlementaires-du-modem/affaire-des-assistants-d-eurodeputes-modem-francois-bayrou-et-dix-autres-personnes-renvoyes-devant-un-tribunal_5701646.html,Affaire des assistants d'eurodéputés MoDem : François Bayrou et dix autres personnes renvoyés devant un tribunal,https://poligraph.fr/affaires/sylvie-goulard-non-lieu-assistants-parlementaires-modem,2026-08-05T10:13:43.462Z,2026-08-06T18:15:55.536Z,PENAL
AF-000522,jerome-peyrat-violences-ex-compagne,Condamnation de Jérôme Peyrat pour violences sur son ex-compagne,PG-000607,jerome-peyrat,Jérôme Peyrat,RE,Renaissance,Centre,,,Condamnation (1ère instance),CONDAMNATION_PREMIERE_INSTANCE,Violence,VIOLENCE,Significatif,SIGNIFICATIF,Mis en cause,DIRECT,non,,,2020-09-04,3000,,,,,,non,3 000 euros d'amende avec sursis,,Tribunal judiciaire d'Angoulême,,"Conseiller d'Emmanuel Macron à l'Élysée, Jérôme Peyrat a été condamné le 4 septembre 2020 par le tribunal judiciaire d'Angoulême à 3 000 euros d'amende avec sursis pour violences sur son ex-compagne, qui déclarait avoir été frappée puis avoir subi une tentative de strangulation à l'issue d'une dispute dans leur véhicule. Il a quitté son poste à l'Élysée le même mois. Investi par LREM aux élections législatives de 2022 en Dordogne, il a retiré sa candidature après la révélation de cette condamnation.",2,https://www.europe1.fr/politique/legislatives-jerome-peyrat-lrem-condamne-pour-violences-conjugales-retire-sa-candidature-4112216,"Législatives : Jérôme Peyrat (LREM), condamné pour violences conjugales, retire sa candidature",https://poligraph.fr/affaires/jerome-peyrat-violences-ex-compagne,2026-08-05T10:13:43.462Z,2026-09-01T16:35:56.170Z,PENAL
AF-000521,jean-paul-delevoye-declaration-interets-incomplete,Condamnation de Jean-Paul Delevoye pour déclaration d'intérêts incomplète,PG-001519,jean-paul-delevoye,Jean-Paul Delevoye,,,,,,Condamnation (1ère instance),CONDAMNATION_PREMIERE_INSTANCE,Autre,AUTRE,Grave,GRAVE,Mis en cause,DIRECT,oui,,,2021-12-02,15000,4,0,,,,non,4 mois de prison avec sursis et 15 000 euros d'amende,,Tribunal correctionnel de Paris (CRPC),,"Haut-commissaire à la réforme des retraites, Jean-Paul Delevoye a démissionné en décembre 2019, en pleine réforme des retraites, après qu'il est apparu qu'il n'avait pas déclaré une dizaine de mandats à la Haute Autorité pour la transparence de la vie publique, dont plusieurs pouvaient générer des conflits d'intérêts, et qu'il avait minoré certaines rémunérations. Le tribunal correctionnel de Paris a homologué le 2 décembre 2021 une peine négociée en comparution sur reconnaissance préalable de culpabilité. Aucune peine d'inéligibilité n'a été prononcée et la condamnation a été dispensée d'inscription au casier judiciaire.",2,https://www.franceinfo.fr/politique/gouvernement-d-edouard-philippe/demission-de-jean-paul-delevoye/declaration-d-interets-l-ancien-haut-commissaire-aux-retraites-jean-paul-delevoye-condamne-a-4-mois-de-prison-avec-sursis_4867031.html,Déclaration d'intérêts : l'ancien haut-commissaire aux retraites Jean-Paul Delevoye condamné à quatre mois de prison avec sursis,https://poligraph.fr/affaires/jean-paul-delevoye-declaration-interets-incomplete,2026-08-05T10:12:53.996Z,2026-09-01T16:35:55.744Z,PENAL
AF-000519,alain-griset-declaration-patrimoine-incomplete,Condamnation d'Alain Griset pour déclaration de patrimoine incomplète,PG-001697,alain-griset,Alain Griset,,,,,,Condamnation définitive,CONDAMNATION_DEFINITIVE,Autre,AUTRE,Grave,GRAVE,Mis en cause,DIRECT,oui,2020-08-01,,2023-01-04,,4,0,,,,non,"4 mois de prison avec sursis en appel, après 6 mois de prison avec sursis et 3 ans d'inéligibilité avec sursis en première instance",,Cour d'appel de Paris,,"Ministre délégué chargé des Petites et Moyennes Entreprises, Alain Griset avait omis, dans sa déclaration d'août 2020 à la Haute Autorité pour la transparence de la vie publique, un plan d'épargne en actions de 171 000 euros ainsi que des participations directes dans plusieurs sociétés. Le tribunal correctionnel de Paris l'a condamné le 8 décembre 2021 à six mois de prison avec sursis et trois ans d'inéligibilité avec sursis ; il a démissionné du gouvernement le jour même et fait appel. La cour d'appel de Paris a ramené la peine à quatre mois de prison avec sursis le 4 janvier 2023, écartant la bonne foi plaidée par l'ancien ministre.",2,https://www.franceinfo.fr/societe/justice/declaration-de-patrimoine-incomplete-l-ex-ministre-alain-griset-condamne-en-appel-a-quatre-mois-de-prison-avec-sursis_5579958.html,Déclaration de patrimoine incomplète : l'ex-ministre Alain Griset condamné en appel à quatre mois de prison avec sursis,https://poligraph.fr/affaires/alain-griset-declaration-patrimoine-incomplete,2026-08-05T10:12:53.996Z,2026-08-06T18:15:56.038Z,PENAL
AF-000518,nathalie-elimas-harcelement-moral-cabinet,Condamnation de Nathalie Elimas pour harcèlement moral au sein de son cabinet,PG-001702,nathalie-elimas,Nathalie Elimas,,,,,,Condamnation (1ère instance),CONDAMNATION_PREMIERE_INSTANCE,Harcèlement moral,HARCELEMENT_MORAL,Critique,CRITIQUE,Mis en cause,DIRECT,oui,2020-07-06,,2025-06-16,5000,10,0,36,,,oui,"10 mois de prison avec sursis, 3 ans d'inéligibilité, 5 000 euros d'amende",,Tribunal correctionnel de Paris,,"Secrétaire d'État chargée de l'Éducation prioritaire de juillet 2020 à mars 2022, Nathalie Elimas a fait l'objet en janvier 2022 d'une enquête administrative confiée à l'Inspection générale de l'éducation, du sport et de la recherche après des accusations de harcèlement et de maltraitance visant la gestion de son cabinet. Elle a quitté le gouvernement en mars 2022. Trois anciennes collaboratrices ont témoigné au procès de pressions constantes, de reproches répétés et d'ordres contradictoires. Le tribunal correctionnel de Paris l'a condamnée le 16 juin 2025. Son avocat a annoncé faire appel.",2,https://www.franceinfo.fr/faits-divers/justice-proces/l-ex-secretaire-d-etat-nathalie-elimas-condamnee-a-10-mois-de-prison-avec-sursis-pour-harcelement-moral_7317459.html,L'ex-secrétaire d'État Nathalie Elimas condamnée à dix mois de prison avec sursis pour harcèlement moral,https://poligraph.fr/affaires/nathalie-elimas-harcelement-moral-cabinet,2026-08-05T10:12:53.996Z,2026-09-01T16:35:55.279Z,PENAL
AF-000517,caroline-cayeux-fraude-fiscale-declaration-patrimoine,Condamnation de Caroline Cayeux pour fraude fiscale et déclaration de patrimoine minorée,PG-001720,caroline-cayeux,Caroline Cayeux,,,,,,Condamnation définitive,CONDAMNATION_DEFINITIVE,Fraude fiscale,FRAUDE_FISCALE,Critique,CRITIQUE,Mis en cause,DIRECT,oui,2019-01-01,,2026-04-01,100000,10,0,24,,,non,"10 mois de prison avec sursis, 100 000 euros d'amende, 2 ans d'inéligibilité, publication du jugement dans Les Échos aux frais de la condamnée","Publication du jugement dans Les Échos aux frais de la condamnée, dans un délai d'un mois",Tribunal judiciaire de Paris (CRPC),,"Ministre déléguée chargée des Collectivités territoriales de juillet à novembre 2022, Caroline Cayeux a quitté le gouvernement après que la Haute Autorité pour la transparence de la vie publique a relevé une minoration de sa déclaration de patrimoine et saisi la justice en novembre 2022. Le parquet lui reprochait d'avoir minoré de 11,7 millions d'euros un patrimoine estimé à plus de 20 millions, et d'avoir fraudé à l'impôt sur la fortune immobilière entre 2019 et 2022. Une maison de 400 m² à Dinard était déclarée environ 1,6 million d'euros en dessous de sa valeur, un appartement de 213 m² place de l'Alma à Paris environ 2,5 millions en dessous. La peine a été homologuée le 1er avril 2026 par le tribunal judiciaire de Paris dans le cadre d'une comparution sur reconnaissance préalable de culpabilité.",2,https://www.franceinfo.fr/societe/justice/l-ex-ministre-caroline-cayeux-condamnee-a-dix-mois-de-prison-avec-sursis-pour-fraude-fiscale_7997711.html,L'ex-ministre Caroline Cayeux condamnée à dix mois de prison avec sursis pour fraude fiscale,https://poligraph.fr/affaires/caroline-cayeux-fraude-fiscale-declaration-patrimoine,2026-08-05T10:11:54.222Z,2026-08-06T18:15:56.374Z,PENAL
AF-000516,renaud-muselier-prise-illegale-interets-classement-sans-suite,Enquête pour prise illégale d'intérêts visant Renaud Muselier classée sans suite,PG-001549,renaud-muselier,Renaud Muselier,,,,,,Classement sans suite,CLASSEMENT_SANS_SUITE,Prise illégale d'intérêts,PRISE_ILLEGALE_INTERETS,Significatif,SIGNIFICATIF,Mis en cause,DIRECT,oui,,2026-07-15,2026-07-29,,,,,,,non,,,Parquet de Marseille,,"Le parquet de Marseille a ouvert le 15 juillet 2026 une enquête préliminaire (détournement de fonds publics, prise illégale d'intérêts, favoritisme, corruption active et passive, recel) après un signalement anonyme au titre de l'article 40 du code de procédure pénale, transmis par un employé du conseil régional. Le signalement accusait Renaud Muselier, président de la région Provence-Alpes-Côte d'Azur, d'avoir fait assumer par une société attributaire de marchés publics la rémunération d'un employé présenté comme « l'homme à tout faire » de son chalet privé dans les Alpes-de-Haute-Provence. Le 29 juillet 2026, le parquet a annoncé le classement sans suite de l'enquête : les investigations ont établi que les informations du signalement étaient « manifestement mensongères », l'employé en cause (un ancien skieur professionnel) exerçant une activité réelle au sein de la société de communication concernée et n'ayant jamais été le gardien de la résidence de M. Muselier. Une enquête distincte a été ouverte pour dénonciation calomnieuse, la révélation du signalement par plusieurs médias (dont Nice Matin, que M. Muselier a annoncé poursuivre en diffamation) étant intervenue avant même l'ouverture de l'enquête pénale.",1,https://www.lemonde.fr/societe/article/2026/07/29/l-enquete-visant-renaud-muselier-pour-prise-illegale-d-interets-classee-sans-suite_6736363_3224.html,L'enquête visant Renaud Muselier pour prise illégale d'intérêts classée sans suite,https://poligraph.fr/affaires/renaud-muselier-prise-illegale-interets-classement-sans-suite,2026-08-05T09:26:45.816Z,2026-08-05T09:26:45.816Z,PENAL
AF-000514,patrick-balkany-condamnation-detournement-fonds-publics-2026,Condamnation de Patrick Balkany pour détournement de fonds publics (affaires Codeeil et police municipale),PG-000628,patrick-balkany,Patrick Balkany,LR,Les Républicains,Droite,,,Condamnation (1ère instance),CONDAMNATION_PREMIERE_INSTANCE,Détournement de fonds publics,DETOURNEMENT_FONDS_PUBLICS,Critique,CRITIQUE,Mis en cause,DIRECT,oui,,,2026-05-28,,,,,,,oui,15 mois de prison ferme et 350 000 € d'amende dans l'affaire Codeeil ; 3 ans de prison ferme et 500 000 € d'amende dans l'affaire de la police municipale (sans mandat de dépôt). 10 ans d'inéligibilité et interdiction d'exercer une fonction publique pendant 5 ans. Appel interjeté.,,Tribunal correctionnel de Nanterre,,"Le tribunal correctionnel de Nanterre a condamné Patrick Balkany, ancien maire de Levallois-Perret, dans deux dossiers distincts de détournement de fonds publics. Le premier concerne l'utilisation de subventions versées à l'association Codeeil pour compléter la rémunération de son ancien directeur du développement économique, Renaud Guillot-Corail. Le second porte sur l'affectation d'agents de la police municipale à des tâches personnelles entre 2010 et 2015, notamment comme chauffeurs privés. Le tribunal a prononcé quinze mois de prison ferme dans un dossier et trois ans de prison ferme dans l'autre, sans mandat de dépôt en raison de l'âge du prévenu, ainsi que 350 000 et 500 000 euros d'amende, dix ans d'inéligibilité et une interdiction d'exercer une fonction publique pendant cinq ans. Patrick Balkany a annoncé faire appel de sa condamnation.",2,https://www.franceinfo.fr/societe/justice/l-ancien-maire-de-levallois-perret-patrick-balkany-condamne-a-de-la-prison-ferme-dans-deux-affaires-de-detournement-de-fonds-publics_8033813.html,L'ancien maire de Levallois-Perret Patrick Balkany condamné à de la prison ferme dans deux affaires de détournement de fonds publics,https://poligraph.fr/affaires/patrick-balkany-condamnation-detournement-fonds-publics-2026,2026-08-01T09:33:49.311Z,2026-09-01T16:35:54.925Z,PENAL
AF-000513,insultes-et-menaces-contre-marine-tondelier,Insultes et menaces contre Marine Tondelier,PG-001741,marine-tondelier,Marine Tondelier,EELV,Les Écologistes – Europe Écologie Les Verts,Gauche,,,Procès en cours,PROCES_EN_COURS,Injure,INJURE,Significatif,SIGNIFICATIF,Victime,VICTIM,non,2026-07-31,,,,,,,,,non,,,,,Un responsable de la FNSEA a insulté Marine Tondelier en la traitant de 'grosse salope' sur sa page privée après l'adoption de la loi d'urgence agricole. Marine Tondelier a exigé des excuses et menacé de poursuites judiciaires.,1,https://www.lemonde.fr/politique/article/2026/07/31/un-responsable-de-la-fnsea-presente-ses-excuses-a-marine-tondelier-apres-l-avoir-insultee_6737126_823449.html,"Un responsable de la FNSEA présente ses excuses à Marine Tondelier, après l’avoir insultée",https://poligraph.fr/affaires/insultes-et-menaces-contre-marine-tondelier,2026-07-31T19:13:48.758Z,2026-08-02T17:35:21.023Z,PENAL
AF-000511,insultes-publiques-contre-marine-tondelier,Insultes publiques contre Marine Tondelier,PG-001741,marine-tondelier,Marine Tondelier,EELV,Les Écologistes – Europe Écologie Les Verts,Gauche,,,Mise en examen,MISE_EN_EXAMEN,Injure,INJURE,Significatif,SIGNIFICATIF,Victime,VICTIM,non,2026-07-31,,,,,,,,,non,,,,,"Régis Desrumaux, président de la FDSEA de l'Oise, a insulté Marine Tondelier en la qualifiant de 'grosse salope' sur Facebook après le vote de la loi d'urgence agricole. Tondelier exige des excuses publiques et menace de poursuites.",1,https://www.bfmtv.com/politique/europe-ecologie-les-verts/marine-tondelier-exige-des-excuses-apres-avoir-ete-insultee-par-un-responsable-de-la-fdsea-de-l-oise_AD-202607310274.html,"Marine Tondelier exige des ""excuses"" après avoir été insultée par un responsable de la FDSEA de l'Oise",https://poligraph.fr/affaires/insultes-publiques-contre-marine-tondelier,2026-07-31T11:48:45.205Z,2026-08-02T19:48:49.411Z,PENAL
AF-000510,plainte-pour-cyberharcelement-contre-jean-quatremer,Plainte pour cyberharcèlement contre Jean Quatremer,PG-001014,rima-hassan,Rima Hassan,LFI,La France insoumise,Extrême gauche,,,Enquête préliminaire,ENQUETE_PRELIMINAIRE,Harcèlement moral,HARCELEMENT_MORAL,Grave,GRAVE,Plaignant,PLAINTIFF,non,2026-07-29,,,,,,,,,non,,,Parquet de Paris,,"Rima Hassan a déposé plainte au parquet de Paris pour harcèlement en ligne contre le journaliste Jean Quatremer, dénonçant des insultes répétées et des fausses accusations sur le réseau social X, notamment l'usage des termes 'Rima Hamas' et 'Lady Gaza'.",1,https://www.franceinfo.fr/societe/harcelement/info-franceinfo-l-eurodeputee-lfi-rima-hassan-a-porte-plainte-pour-cyberharcelement-contre-le-journaliste-jean-quatremer_8128661.html#xtor=RSS-3-%5Bgeneral%5D,INFO FRANCEINFO. L'eurodéputée LFI Rima Hassan a porté plainte pour cyberharcèlement contre le journaliste Jean Quatremer,https://poligraph.fr/affaires/plainte-pour-cyberharcelement-contre-jean-quatremer,2026-07-30T19:09:59.137Z,2026-08-02T19:50:17.142Z,PENAL
AF-000509,menaces-de-mort-contre-chloe-ridel,Menaces de mort contre Chloé Ridel,PG-001078,chloe-ridel,Chloé Ridel,PS,Parti socialiste,Gauche,,,Enquête préliminaire,ENQUETE_PRELIMINAIRE,Menace,MENACE,Grave,GRAVE,Victime,VICTIM,non,2026-07-28,,,,,,,,,non,,,,,"Chloé Ridel, eurodéputée socialiste, a été la cible de menaces de mort sur les réseaux sociaux après avoir publié une tribune locale demandant la fermeture d'un circuit automobile en cas de risque d'incendie. Le pôle spécialisé dans la haine en ligne a été saisi pour enquêter sur ces menaces.",1,https://www.liberation.fr/environnement/climat/leurodeputee-chloe-ridel-menacee-de-mort-sur-les-reseaux-sociaux-le-pole-specialise-dans-la-haine-en-ligne-saisi-20260728_PKM3KRM4IRHTXKOLPGF6QEB4OA/,"L’eurodéputée Chloé Ridel menacée de mort sur les réseaux sociaux, le pôle spécialisé dans la haine en ligne saisi",https://poligraph.fr/affaires/menaces-de-mort-contre-chloe-ridel,2026-07-29T05:11:39.764Z,2026-08-02T19:51:19.121Z,PENAL
AF-000507,insultes-et-menaces-contre-l-opposant-vital-baude,Insultes et menaces contre l'opposant Vital Baude lors des municipales,PG-013979,yves-foulon,Yves Foulon,LR,Les Républicains,Droite,,,Procès en cours,PROCES_EN_COURS,Menace,MENACE,Significatif,SIGNIFICATIF,Mis en cause,DIRECT,non,2026-03-15,,,,,,,,,non,,,Tribunal correctionnel de Bordeaux,,"Yves Foulon, maire LR d'Arcachon, a été jugé le 1er juillet 2026 devant le tribunal correctionnel de Bordeaux pour avoir insulté et menacé son opposant écologiste Vital Baude le 15 mars 2026, jour du premier tour des élections municipales. Le parquet a requis quatre mois de prison avec sursis et 10 000 € d'amende. Le délibéré est attendu le 20 août 2026.",3,https://www.sudouest.fr/gironde/les-menaces-sont-suffisamment-precises-et-claires-prison-avec-sursis-requise-contre-le-maire-d-arcachon-apres-avoir-insulte-son-opposant-29748192.php,« Les menaces sont suffisamment précises et claires » : prison avec sursis requise contre le maire d'Arcachon,https://poligraph.fr/affaires/insultes-et-menaces-contre-l-opposant-vital-baude,2026-07-27T15:09:03.578Z,2026-07-27T15:09:03.916Z,PENAL
AF-000485,2021-07-06-injure-publique-police-gendarmerie,Condamnation pour injure publique envers la police et la gendarmerie,PG-001824,patrick-chaimovitch,Patrick Chaimovitch,EELV,Les Écologistes – Europe Écologie Les Verts,Gauche,EELV,Les Écologistes – Europe Écologie Les Verts,Condamnation (1ère instance),CONDAMNATION_PREMIERE_INSTANCE,Injure,INJURE,Significatif,SIGNIFICATIF,Mis en cause,DIRECT,oui,2020-07-19,2020-07-19,2021-07-06,3000,,,,,,non,"3 000 € d'amende, 1 000 € de dommages-intérêts, 800 € de frais de justice",,Tribunal correctionnel de Nanterre,,"Le 19 juillet 2020, lors d'une cérémonie de commémoration de la rafle du Vel' d'Hiv à Colombes, Patrick Chaimovitch, alors maire de la commune, compare les policiers et gendarmes qui traquent aujourd'hui les migrants et les sans-papiers à ceux ayant obéi aux ordres lors de la rafle de 1942. Le ministre de l'Intérieur dépose plainte pour injure publique envers la police et la gendarmerie nationale. Le 6 juillet 2021, le tribunal correctionnel de Nanterre le condamne à 3 000 euros d'amende, ainsi qu'à 1 000 euros de dommages-intérêts et 800 euros de frais de justice. Aucune décision d'appel n'a été rendue publique.",3,https://www.ici.fr/infos/faits-divers-justice/colombes-le-maire-condamne-pour-injure-publique-envers-la-police-et-la-gendarmerie-1625581637,Colombes : le maire condamné pour injure publique envers la police et la gendarmerie,https://poligraph.fr/affaires/2021-07-06-injure-publique-police-gendarmerie,2026-07-23T13:50:57.144Z,2026-07-24T07:04:48.751Z,PENAL
AF-000478,soupcons-de-tentative-d-etouffement-d-une-affaire-judiciaire,Soupçons de tentative d'étouffement d'une affaire judiciaire,PG-000362,antoine-armand,Antoine Armand,RE,Renaissance,Centre,,,Mise en examen,MISE_EN_EXAMEN,Recel,RECEL,Grave,GRAVE,Mis en cause,DIRECT,non,2026-06-04,,,,,,,,,non,,,,,"Des membres de l'équipe municipale d'Annecy, dont une conseillère proche du maire Antoine Armand, sont soupçonnés d'avoir organisé une opération d'achat massif de journaux pour étouffer une affaire de viol impliquant le premier adjoint. Le maire dément toute consigne.",3,https://www.ledauphine.com/faits-divers-justice/2026/07/20/des-membres-de-l-equipe-muncipale-ont-ils-voulu-etouffer-les-accusations-de-viol-pesant-sur-le-premier-adjoint,Annecy. Des membres de l'équipe municipale ont-ils voulu étouffer les accusations de viol pesant sur le premier adjoint ?,https://poligraph.fr/affaires/soupcons-de-tentative-d-etouffement-d-une-affaire-judiciaire,2026-07-20T12:02:26.026Z,2026-08-18T19:39:38.577Z,PENAL
AF-000473,menaces-de-mort-contre-le-maire-d-ales,Menaces de mort contre le maire d'Alès,PG-012615,christophe-rivenq,Christophe Rivenq,LR,Les Républicains,Droite,LR,Les Républicains,Enquête préliminaire,ENQUETE_PRELIMINAIRE,Menace,MENACE,Grave,GRAVE,Victime,VICTIM,non,2026-07-16,2026-07-17,,,,,,,,non,,,,,"Christophe Rivenq, maire d'Alès (Gard), a été menacé de mort par des individus se réclamant de la DZ Mafia, un gang marseillais lié au narcotrafic. Le 16 juillet 2026, une lettre contenant deux balles de 9 mm a été déposée dans la boîte aux lettres de son domicile, découverte par son épouse, et des tags signés DZ Mafia ont été inscrits sur les murs de sa résidence. Placé sous protection policière renforcée, le maire y voit une réponse directe à son action contre le trafic de drogue dans sa commune et affirme ne pas vouloir se laisser intimider. Une enquête a été ouverte.",6,https://www.lemonde.fr/societe/article/2026/07/17/le-maire-d-ales-ville-confrontee-au-narcotrafic-menace-de-mort-par-des-individus-se-reclamant-de-la-dz-mafia_6724238_3224.html,"Le maire d’Alès, ville confrontée au narcotrafic, menacé de mort par des personnes se réclamant de la DZ Mafia",https://poligraph.fr/affaires/menaces-de-mort-contre-le-maire-d-ales,2026-07-18T11:31:05.608Z,2026-08-02T20:09:20.012Z,PENAL
AF-000471,sanction-pour-harcelement-et-detournement-presume-de-fonds-publics,Censure du Sénat pour harcèlement moral et soupçons de détournement de fonds,PG-000958,christine-herzog,Christine Herzog,UDI,Union des démocrates et indépendants,Centre droit,UDI,Union des démocrates et indépendants,Enquête préliminaire,ENQUETE_PRELIMINAIRE,Harcèlement moral,HARCELEMENT_MORAL,Significatif,SIGNIFICATIF,Mis en cause,DIRECT,non,,2026-07-16,2026-07-16,,,,,,,non,,,Bureau du Sénat (sanction disciplinaire),,"Le 16 juillet 2026, le Bureau du Sénat a prononcé à l'unanimité une censure avec exclusion temporaire contre la sénatrice de Moselle Christine Herzog (Union centriste), la sanction la plus lourde prévue par le règlement. Elle lui reproche un harcèlement moral caractérisé envers une collaboratrice et d'avoir laissé son compagnon exercer une autorité de fait sur ses collaborateurs parlementaires. La sénatrice est privée d'entrée au Palais du Luxembourg pendant quinze jours de séance publique et de l'essentiel de ses indemnités pendant six mois. Le Sénat soupçonne par ailleurs un détournement de fonds publics, son compagnon ayant bénéficié de ressources de l'institution.",2,https://www.ouest-france.fr/politique/institutions/senat/harcelement-lourde-sanction-visant-la-senatrice-christine-herzog-alors-que-son-compagnon-diriger-ses-collaborateurs-209fb28a-81ca-11f1-ae6f-a09f3d00f0f8?utm_source=fluxpublicfrance&utm_medium=fluxrss&utm_campaign=banquedecontenu,Harcèlement : lourde sanction visant la sénatrice Christine Herzog alors que son «compagnon » diriger ses collaborateurs,https://poligraph.fr/affaires/sanction-pour-harcelement-et-detournement-presume-de-fonds-publics,2026-07-17T11:36:11.003Z,2026-07-24T07:04:49.246Z,PENAL
AF-000469,attribution-controversee-d-un-gymnase-a-26-millions-d-euros,Attribution controversée d'un gymnase à 26 millions d'euros,PG-000012,laurent-wauquiez,Laurent Wauquiez,LR,Les Républicains,Droite,,,Enquête préliminaire,ENQUETE_PRELIMINAIRE,Détournement de fonds publics,DETOURNEMENT_FONDS_PUBLICS,Critique,CRITIQUE,Mentionné,MENTIONED_ONLY,oui,2026-03-01,2026-07-15,,,,,,,,non,,,,,"Un gymnase flambant neuf d'un coût de 26 millions d'euros a été attribué à un lycée de Haute-Loire, financé par la région Auvergne-Rhône-Alpes. Le lycée n'aurait jamais demandé cet équipement, et l'attribution semble liée au fief politique de Laurent Wauquiez.",1,https://www.mediapart.fr/journal/politique/150726/tour-de-passe-passe-pour-arroser-son-fief-laurent-wauquiez-se-fait-offrir-un-gymnase-26-millions-d-euro,«Tour de passe‐passe pour arroser son fief»: Laurent Wauquiez se fait offrir un gymnase à 26 millions d’euros par sa région,https://poligraph.fr/affaires/attribution-controversee-d-un-gymnase-a-26-millions-d-euros,2026-07-16T05:12:38.044Z,2026-08-02T17:31:52.750Z,PENAL
AF-000466,detention-d-images-pedopornographiques,Mise en examen pour détention d'images pédopornographiques,PG-024979,franck-gaultier,Franck Gaultier,,,,,,Mise en examen,MISE_EN_EXAMEN,Autre,AUTRE,Significatif,SIGNIFICATIF,Mis en cause,DIRECT,non,2026-07-11,2026-07-13,,,,,,,,non,,,,,"Franck Gaultier, ancien maire de Saint-Martin-d'Écublei (Orne), a été mis en examen le 11 juillet 2026 pour détention d'images pédopornographiques, puis placé en détention provisoire. Les fichiers ont été découverts sur le matériel informatique communal qu'il avait restitué après sa défaite aux municipales. Selon les sources judiciaires, il avait déjà été condamné une dizaine d'années plus tôt à six mois avec sursis pour des faits similaires. Plusieurs milliers de fichiers sont en cours d'analyse. Il bénéficie de la présomption d'innocence.",2,https://www.ladepeche.fr/2026/07/13/battu-aux-municipales-lancien-maire-de-ce-village-rend-son-materiel-informatique-des-images-pedopornographiques-retrouvees-dans-son-ordinateur-13467275.php,"Battu aux municipales, l’ancien maire de ce village rend son matériel informatique : des images pédopornographiques retrouvées dans son ordinateur",https://poligraph.fr/affaires/detention-d-images-pedopornographiques,2026-07-13T19:09:12.493Z,2026-07-18T11:40:52.380Z,PENAL
AF-000464,sequestration-et-vol-a-domicile-sous-la-menace-d-une-arme,Séquestration et vol à domicile sous la menace d'une arme,PG-000912,annick-petrus,Annick Petrus,LR,Les Républicains,Droite,LR,Les Républicains,Enquête préliminaire,ENQUETE_PRELIMINAIRE,Violence,VIOLENCE,Significatif,SIGNIFICATIF,Victime,VICTIM,non,2026-07-09,2026-07-09,,,,,,,,non,,,Parquet de Basse-Terre,,La sénatrice Annick Petrus a été séquestrée à son domicile par plusieurs individus armés dans le cadre d'un vol. Le parquet de Basse-Terre a ouvert une enquête après ces faits.,1,https://www.lemonde.fr/societe/article/2026/07/09/annick-petrus-senatrice-de-saint-martin-sequestree-sous-la-menace-d-une-arme-pendant-un-vol-a-son-domicile_6722042_3224.html,"Annick Petrus, sénatrice de Saint-Martin, séquestrée sous la menace d’une arme pendant un vol à son domicile",https://poligraph.fr/affaires/sequestration-et-vol-a-domicile-sous-la-menace-d-une-arme,2026-07-12T05:08:52.476Z,2026-07-24T07:04:49.098Z,PENAL
AF-000462,mise-en-examen-de-francis-szpiner-pour-corruption-passive,Mise en examen de Francis Szpiner pour corruption passive,PG-000855,francis-szpiner,Francis Szpiner,LR,Les Républicains,Droite,LR,Les Républicains,Mise en examen,MISE_EN_EXAMEN,Corruption passive,CORRUPTION_PASSIVE,Critique,CRITIQUE,Mis en cause,DIRECT,oui,2023-02-04,2025-04-01,,,,,,,,non,,,Tribunal judiciaire de Paris,,"Francis Szpiner, avocat et ex-maire du 16ᵉ arrondissement de Paris, a été mis en examen pour « corruption passive » dans le cadre d'une enquête sur l'attribution d'un logement social en 2023 à une jeune femme, alors qu'il occupait encore son poste de maire. Le 16 juillet 2026, le bureau du Sénat a autorisé une nouvelle levée de son immunité parlementaire, à la demande du parquet de Paris (7 juillet 2026), afin de permettre son placement sous contrôle judiciaire.",5,https://fr.wikipedia.org/wiki/Francis_Szpiner,Wikipedia — Francis Szpiner,https://poligraph.fr/affaires/mise-en-examen-de-francis-szpiner-pour-corruption-passive,2026-07-09T19:12:30.383Z,2026-08-03T09:14:17.998Z,PENAL
AF-000461,prise-illegale-d-interets-dans-des-decisions-d-urbanisme-a-saint-palais,Prise illégale d'intérêts dans des décisions d'urbanisme à Saint-Palais,PG-026854,charles-massondo,Charles Massondo,,,,,,Mise en examen,MISE_EN_EXAMEN,Prise illégale d'intérêts,PRISE_ILLEGALE_INTERETS,Significatif,SIGNIFICATIF,Mis en cause,DIRECT,non,2023-09-07,,,,,,,,,non,,,Tribunal judiciaire de Bayonne,,"Charles Massondo, ancien maire de Saint-Palais, est mis en examen pour prise illégale d'intérêts dans le cadre de décisions d'urbanisme ayant favorisé ses intérêts fonciers ou ceux de son ancien adjoint. Les faits se seraient déroulés entre septembre 2023 et septembre 2025.",1,https://www.sudouest.fr/pyrenees-atlantiques/saint-palais/info-sud-ouest-l-ancien-maire-de-saint-palais-et-son-adjoint-mis-en-examen-pour-prise-illegale-d-interets-29669343.php,INFO « SUD OUEST » : l’ancien maire de Saint-Palais et son adjoint mis en examen pour prise illégale d’intérêts,https://poligraph.fr/affaires/prise-illegale-d-interets-dans-des-decisions-d-urbanisme-a-saint-palais,2026-07-09T05:11:22.496Z,2026-07-18T11:40:51.776Z,PENAL
AF-000458,fernand-le-rachinel-condamnation-de-fernand-le-rachinel-pour-detournement-de-fonds-publics-dans-l-affaire-des-assistants-parlementaires-du-fn,Condamnation de Fernand Le Rachinel pour détournement de fonds publics dans l'affaire des assistants parlementaires du FN,PG-036447,fernand-le-rachinel,Fernand Le Rachinel,FN,Front national,Extrême droite,FN,Front national,"Condamnation non définitive, pourvoi en cassation en cours",POURVOI_EN_CASSATION,Détournement de fonds publics,DETOURNEMENT_FONDS_PUBLICS,Critique,CRITIQUE,Mis en cause,DIRECT,oui,,,2026-07-07,15000,24,0,12,,,non,,"En appel (cour d'appel de Paris, 7 juillet 2026) : 2 ans de prison avec sursis et 15 000 € d'amende ; la cour d'appel a annulé la peine d'inéligibilité prononcée en première instance. Un pourvoi en cassation reste possible.",Cour d'appel de Paris,,"Fernand Le Rachinel, eurodéputé du Front national, a été poursuivi dans l'affaire des assistants parlementaires européens du FN pour avoir participé à un système de rémunération de collaborateurs du parti avec des fonds du Parlement européen destinés aux assistants. Condamné en première instance le 31 mars 2025, il fait appel. Le 7 juillet 2026, la cour d'appel de Paris le déclare coupable de détournement de fonds publics pour la période du 1er novembre 2004 au 31 juillet 2009, le relaxe pour la période du 1er au 21 août 2009, et le condamne à deux ans d'emprisonnement intégralement assortis du sursis, 15 000 euros d'amende et un an de privation du droit d'éligibilité. Les onze condamnés se sont pourvus en cassation, le parquet général y a renoncé : la décision n'est pas définitive.",4,https://www.mediapart.fr/journal/france/070726/affaire-des-assistants-parlementaires-du-rn-la-decision-judiciaire-en-direct,Affaire des assistants parlementaires du RN : la décision judiciaire en direct,https://poligraph.fr/affaires/fernand-le-rachinel-condamnation-de-fernand-le-rachinel-pour-detournement-de-fonds-publics-dans-l-affaire-des-assistants-parlementaires-du-fn,2026-07-07T14:34:55.059Z,2026-08-04T10:22:49.442Z,PENAL
AF-000457,bruno-gollnisch-condamnation-de-bruno-gollnisch-pour-detournement-de-fonds-publics-dans-l-affaire-des-assistants-parlementaires-du-fn,Condamnation de Bruno Gollnisch pour détournement de fonds publics dans l'affaire des assistants parlementaires du FN,PG-036446,bruno-gollnisch,Bruno Gollnisch,FN,Front national,Extrême droite,FN,Front national,"Condamnation non définitive, pourvoi en cassation en cours",POURVOI_EN_CASSATION,Détournement de fonds publics,DETOURNEMENT_FONDS_PUBLICS,Critique,CRITIQUE,Mis en cause,DIRECT,oui,,,2026-07-07,25000,36,0,12,,,non,,"En appel (cour d'appel de Paris, 7 juillet 2026) : 3 ans de prison avec sursis, 25 000 € d'amende et 3 ans d'inéligibilité (modalité sursis/exécution provisoire non précisée par les sources). En première instance (31 mars 2025) : 3 ans dont 1 an ferme sous bracelet électronique, 50 000 € d'amende et 5 ans d'inéligibilité avec exécution provisoire. Un pourvoi en cassation reste possible.",Cour d'appel de Paris,,"Bruno Gollnisch, eurodéputé du Front national, a été poursuivi dans l'affaire des assistants parlementaires européens du FN pour avoir participé, entre 2004 et 2016, à un système de rémunération de collaborateurs du parti avec des fonds du Parlement européen destinés aux assistants parlementaires. En première instance, le 31 mars 2025, il est condamné à trois ans de prison dont un an ferme sous bracelet électronique, 50 000 euros d'amende et cinq ans d'inéligibilité avec exécution provisoire. Le 7 juillet 2026, la cour d'appel de Paris le déclare coupable de détournement de fonds publics pour la période du 1er janvier 2009 au 31 décembre 2015, le relaxe pour la période du 1er juin 2005 au 31 décembre 2008, et le condamne à trois ans d'emprisonnement intégralement assortis du sursis, 25 000 euros d'amende et un an de privation du droit d'éligibilité. Les onze condamnés se sont pourvus en cassation, le parquet général y a renoncé : la décision n'est pas définitive.",5,https://www.mediapart.fr/journal/france/070726/affaire-des-assistants-parlementaires-du-rn-la-decision-judiciaire-en-direct,Affaire des assistants parlementaires du RN : la décision judiciaire en direct,https://poligraph.fr/affaires/bruno-gollnisch-condamnation-de-bruno-gollnisch-pour-detournement-de-fonds-publics-dans-l-affaire-des-assistants-parlementaires-du-fn,2026-07-07T14:34:54.662Z,2026-08-04T10:22:49.442Z,PENAL
AF-000456,enquete-sur-depenses-presumees-irregulieres-du-groupe-patriots,Dépenses irrégulières du groupe Patriots au Parlement européen,PG-001072,jordan-bardella,Jordan Bardella,RN,Rassemblement National,Extrême droite,,,Enquête préliminaire,ENQUETE_PRELIMINAIRE,Détournement de fonds publics,DETOURNEMENT_FONDS_PUBLICS,Significatif,SIGNIFICATIF,Témoin/Secondaire,INDIRECT,non,2024-07-01,2026-06-01,,,,,,,,non,,,,,"Le Parlement européen a identifié des dépenses irrégulières du groupe Patriots for Europe, présidé par Jordan Bardella, au second semestre 2024, et réclame le remboursement de 276 967 euros. Le rapport pointe des dons inappropriés à des associations (dont 54 620 euros à des structures locales ou régionales), une dépense publicitaire irrégulière de 25 200 euros dans un magazine politique, et le recours à des prestataires extérieurs sans respect des règles de marché. L'OLAF pourrait ouvrir une enquête administrative et le Parquet européen intervenir si les faits relevaient du pénal.",2,https://www.politico.eu/article/whatever-happens-marine-le-pen-verdict-national-rally-legal-headaches-continue/?utm_source=RSS_Feed&#038;utm_medium=RSS&#038;utm_campaign=RSS_Syndication,"Whatever happens to Le Pen, her party’s legal headaches are only beginning",https://poligraph.fr/affaires/enquete-sur-depenses-presumees-irregulieres-du-groupe-patriots,2026-07-07T05:14:59.505Z,2026-07-18T11:40:52.961Z,PENAL
AF-000453,irregularites-dans-les-contrats-du-rn-avec-la-gud-connection,Irrégularités dans les contrats du RN avec la « GUD Connection »,PG-001072,jordan-bardella,Jordan Bardella,RN,Rassemblement National,Extrême droite,RN,Rassemblement National,Enquête préliminaire,ENQUETE_PRELIMINAIRE,Détournement de fonds publics,DETOURNEMENT_FONDS_PUBLICS,Significatif,SIGNIFICATIF,Témoin/Secondaire,INDIRECT,non,2026-06-01,,,,,,,,,non,,,,,Le service antifraude du Parlement européen pointe des irrégularités dans plusieurs contrats passés par le groupe RN présidé par Jordan Bardella avec des prestataires liés à l'extrême droite radicale entre 2024 et 2025. Ces contrats font l'objet d'enquêtes judiciaires en cours.,1,https://www.mediapart.fr/journal/france/050726/bardella-le-pen-et-la-gud-connection-un-nouveau-rapport-accable-le-rn,"Bardella, Le Pen et la «GUD Connection»: un nouveau rapport accable le RN",https://poligraph.fr/affaires/irregularites-dans-les-contrats-du-rn-avec-la-gud-connection,2026-07-06T05:15:16.545Z,2026-07-24T07:04:49.013Z,PENAL
AF-000450,signalement-contre-lidl-pour-bousculades-organisees,Signalement contre Lidl pour bousculades organisées,PG-000032,delphine-batho,Delphine Batho,EELV,Les Écologistes – Europe Écologie Les Verts,Gauche,EELV,Les Écologistes – Europe Écologie Les Verts,Enquête préliminaire,ENQUETE_PRELIMINAIRE,Autre,AUTRE,Significatif,SIGNIFICATIF,Plaignant,PLAINTIFF,non,2026-07-02,,,,,,,,,non,,,,,"La députée Delphine Batho a déposé un signalement auprès de la Répression des fraudes contre le groupe Lidl, l'accusant d'avoir 'organisé intentionnellement' des bousculades lors de la vente de ventilateurs et climatiseurs le 2 juillet 2026.",1,https://www.ouest-france.fr/politique/delphine-batho/bousculades-dans-des-lidl-pour-ses-ventilateurs-la-deputee-delphine-batho-fait-un-signalement-contre-lenseigne-fdb722b2-771a-11f1-acd0-0e20d5055cca?utm_source=fluxpublicfrance&utm_medium=fluxrss&utm_campaign=banquedecontenu,Bousculades dans des Lidl pour des ventilateurs : la députée Delphine Batho fait un signalement contre l’enseigne,https://poligraph.fr/affaires/signalement-contre-lidl-pour-bousculades-organisees,2026-07-04T05:10:45.971Z,2026-07-24T07:04:49.159Z,PENAL
AF-000449,plainte-pour-diffamation-du-secours-islamique-france-contre-marine-hamelet,Plainte pour diffamation du Secours islamique France contre Marine Hamelet,PG-000413,marine-hamelet,Marine Hamelet,RN,Rassemblement National,Extrême droite,RN,Rassemblement National,Enquête préliminaire,ENQUETE_PRELIMINAIRE,Diffamation,DIFFAMATION,Significatif,SIGNIFICATIF,Mis en cause,DIRECT,non,2026-07-01,2026-07-02,,,,,,,,non,,,,,"Le Secours islamique France a déposé plainte contre la députée RN Marine Hamelet pour diffamation, après que cette dernière a accusé l'association d'avoir des liens avec les Frères musulmans, une organisation islamiste.",1,https://www.liberation.fr/politique/la-deputee-rn-marine-hamelet-visee-par-une-plainte-du-secours-islamique-france-20260702_FLPSAMBUDZAFZC7KBR2RR5MMJY/,La députée RN Marine Hamelet visée par une plainte du Secours islamique France,https://poligraph.fr/affaires/plainte-pour-diffamation-du-secours-islamique-france-contre-marine-hamelet,2026-07-03T05:09:38.924Z,2026-07-24T07:04:48.992Z,PENAL
AF-000437,detournements-de-fonds-publics-presumes-de-laurent-wauquiez,Affaire des détournements de fonds publics présumés de Laurent Wauquiez,PG-000012,laurent-wauquiez,Laurent Wauquiez,LR,Les Républicains,Droite,LR,Les Républicains,Enquête préliminaire,ENQUETE_PRELIMINAIRE,Détournement de fonds publics,DETOURNEMENT_FONDS_PUBLICS,Significatif,SIGNIFICATIF,Mis en cause,DIRECT,non,2026-06-24,2026-06-25,,,,,,,,non,,,,,"Les écologistes d'Auvergne-Rhône-Alpes accusent Laurent Wauquiez d'avoir exercé une présidence de fait de la région Auvergne-Rhône-Alpes après sa démission en 2024, ce qui aurait entraîné des détournements de fonds publics.",2,https://www.liberation.fr/politique/laurent-wauquiez-accuse-de-detournements-de-fonds-publics-par-les-ecologistes-dauvergne-rhone-alpes-20260625_FHK7UB3GKBEGPAUL3LLUUDRMBM/,Laurent Wauquiez accusé de «détournements de fonds publics» par les Ecologistes d’Auvergne-Rhône-Alpes,https://poligraph.fr/affaires/detournements-de-fonds-publics-presumes-de-laurent-wauquiez,2026-06-25T12:11:18.735Z,2026-07-24T07:04:48.907Z,PENAL
AF-000435,plainte-pour-diffamation-de-said-ouichou-contre-sebastien-delogu,Plainte pour diffamation de Saïd Ouichou contre Sébastien Delogu,PG-000249,sebastien-delogu,Sébastien Delogu,LFI,La France insoumise,Extrême gauche,LFI,La France insoumise,Procès en cours,PROCES_EN_COURS,Diffamation,DIFFAMATION,Significatif,SIGNIFICATIF,Mis en cause,DIRECT,non,2026-06-24,2026-06-24,,,,,,,,non,,,,,"Le médecin Saïd Ouichou annonce déposer une plainte pour diffamation et dénonciation calomnieuse contre le député LFI Sébastien Delogu, après des propos tenus par ce dernier à son encontre. Delogu avait également saisi le procureur pour des violences psychologiques présumées d'Ouichou envers une patiente.",1,https://www.ladepeche.fr/2026/06/24/sebastien-delogu-vise-par-une-nouvelle-plainte-un-medecin-des-quartiers-nord-annonce-attaquer-le-depute-insoumis-pour-diffamation-13435336.php,Sébastien Delogu visé par une nouvelle plainte ? Un médecin des quartiers Nord annonce attaquer le député Insoumis pour diffamation,https://poligraph.fr/affaires/plainte-pour-diffamation-de-said-ouichou-contre-sebastien-delogu,2026-06-24T19:56:13.255Z,2026-07-24T07:04:49.202Z,PENAL
AF-000431,notes-de-frais-de-christian-estrosi-saisine-de-la-justice,Notes de frais de Christian Estrosi : saisine du procureur,PG-001565,christian-estrosi,Christian Estrosi,HOR,Horizons,Centre droit,,,Enquête préliminaire,ENQUETE_PRELIMINAIRE,Détournement de fonds publics,DETOURNEMENT_FONDS_PUBLICS,Significatif,SIGNIFICATIF,Mis en cause,DIRECT,non,2016-01-01,2026-06-19,,,,,,,,non,,,,,"Christian Estrosi est visé par une saisine du procureur de la République de Nice, annoncée le 19 juin 2026 par le nouveau maire Éric Ciotti. En cause, 312 000 euros de frais de représentation versés à Christian Estrosi par la métropole Nice Côte d'Azur entre 2016 et 2025, sans justificatifs retrouvés par les services municipaux. En parallèle, l'association Transparence citoyenne a saisi le tribunal administratif de Nice pour obtenir la communication de ces notes de frais. L'entourage de Christian Estrosi conteste l'ampleur des sommes évoquées.",3,https://www.franceinfo.fr/societe/justice/l-ancien-maire-de-nice-christian-estrosi-vise-par-une-enquete-pour-detournement-de-fonds-a-la-suite-d-un-signalement-de-son-successeur-eric-ciotti_8196638.html,"L'ancien maire de Nice, Christian Estrosi, visé par une enquête pour détournement de fonds à la suite d'un signalement de son successeur Eric Ciotti",https://poligraph.fr/affaires/notes-de-frais-de-christian-estrosi-saisine-de-la-justice,2026-06-21T12:10:29.655Z,2026-06-22T08:35:33.980Z,PENAL
AF-000426,plainte-ciotti-contre-tabarot-pour-menaces,Plainte d'Éric Ciotti contre Philippe Tabarot pour menaces,PG-001000,philippe-tabarot,Philippe Tabarot,LR,Les Républicains,Droite,LR,Les Républicains,Enquête préliminaire,ENQUETE_PRELIMINAIRE,Menace,MENACE,Significatif,SIGNIFICATIF,Mis en cause,DIRECT,non,2026-06-14,2026-06-17,,,,,,,,non,,,Cour de justice de la République,,"Le 17 juin 2026, Éric Ciotti, maire de Nice, a déposé plainte devant la Cour de justice de la République contre Philippe Tabarot, ministre des Transports, pour menaces de mort. Les faits remontent au 14 juin 2026, lors de l'inauguration du salon Bharat Innovates à Nice : selon Éric Ciotti, Philippe Tabarot l'aurait insulté puis menacé. Le ministre conteste formellement cette version et affirme avoir répondu à une provocation. La Cour de justice de la République est compétente car la plainte vise un membre du gouvernement.",2,https://www.lemonde.fr/politique/article/2026/06/18/a-nice-la-querelle-entre-eric-ciotti-et-philippe-tabarot-prend-une-tournure-judiciaire_6704540_823448.html,"A Nice, la querelle entre Eric Ciotti et Philippe Tabarot prend une tournure judiciaire",https://poligraph.fr/affaires/plainte-ciotti-contre-tabarot-pour-menaces,2026-06-18T12:24:40.817Z,2026-07-24T07:04:48.841Z,PENAL
AF-000421,garde-a-vue-de-jacques-pedehontaa-pour-abus-de-confiance,Garde à vue de Jacques Pédehontaà pour abus de confiance,PG-026694,jacques-pedehontaa,Jacques Pedehontaa,,,,,,Enquête préliminaire,ENQUETE_PRELIMINAIRE,Abus de confiance,ABUS_CONFIANCE,Significatif,SIGNIFICATIF,Mis en cause,DIRECT,non,2016-01-01,,,,,,,,,non,,,,,"Jacques Pédehontaà, maire de Laàs (Pyrénées-Atlantiques), a été entendu en garde à vue le 9 juin 2026 par la section de recherches de la gendarmerie de Pau, sur ordre du parquet. L'enquête porte sur des soupçons d'abus de confiance, de prise illégale d'intérêts et de détournement de fonds publics, sur la période 2016-2023. Le maire aurait reçu des virements depuis le compte de l'association Pyrène Océan, présidée par son frère et organisatrice du festival Transhumances Musicales, laquelle aurait par ailleurs bénéficié de moyens municipaux (terrains, locaux, personnel) sans appel d'offres. L'enquête fait suite à des plaintes déposées par l'association AC! Anti-Corruption en 2023. À ce stade, Jacques Pédehontaà n'est pas mis en examen.",2,https://www.sudouest.fr/pyrenees-atlantiques/bearn/bearn-le-maire-de-laas-jacques-pedehontaa-a-ete-entendu-en-garde-a-vue-pour-abus-de-confiance-29432388.php,"Béarn : le maire de Laàs, Jacques Pédehontaà, a été entendu en garde à vue pour abus de confiance",https://poligraph.fr/affaires/garde-a-vue-de-jacques-pedehontaa-pour-abus-de-confiance,2026-06-10T20:10:09.011Z,2026-06-22T08:35:33.751Z,PENAL
AF-000415,plainte-contre-gerald-darmanin-pour-faute-lourde-dans-l-affaire-lyhanna,Plaintes contre Gérald Darmanin devant la CJR (affaire Lyhanna),PG-000984,gerald-darmanin,Gérald Darmanin,RE,Renaissance,Centre,RE,Renaissance,Enquête préliminaire,ENQUETE_PRELIMINAIRE,Autre,AUTRE,Significatif,SIGNIFICATIF,Mis en cause,DIRECT,non,,2026-06-09,,,,,,,,non,,,Cour de justice de la République,,"Dans le cadre de l'affaire Lyhanna, Gérald Darmanin, garde des Sceaux, fait l'objet de plaintes déposées devant la Cour de justice de la République (CJR). L'avocat Pierre Debuisson, qui représente la mère de Rosa, dénonce des dysfonctionnements et une lenteur du ministère de la Justice dans le suivi des enquêtes sur les agressions sexuelles de mineurs, ainsi qu'une non-assistance à personne en danger. À ce stade, il s'agit de plaintes : aucune poursuite n'a été engagée contre le ministre.",2,https://www.ledauphine.com/faits-divers-justice/2026/06/09/que-toute-la-lumiere-soit-faite-la-mere-de-rosa-une-victime-presumee-de-jerome-barella-attaque-l-etat,"Mort de Lyhanna. « Que toute la lumière soit faite » : la mère de Rosa, une victime présumée de Jérôme Barella attaque l'Etat",https://poligraph.fr/affaires/plainte-contre-gerald-darmanin-pour-faute-lourde-dans-l-affaire-lyhanna,2026-06-09T12:15:50.255Z,2026-07-24T07:04:49.139Z,PENAL
AF-000398,plainte-pour-exploitation-illegale-de-donnees-de-geolocalisation,Plainte pour exploitation illégale de données de géolocalisation,PG-001014,rima-hassan,Rima Hassan,LFI,La France insoumise,Extrême gauche,LFI,La France insoumise,Enquête préliminaire,ENQUETE_PRELIMINAIRE,Autre,AUTRE,Significatif,SIGNIFICATIF,Plaignant,PLAINTIFF,non,2026-05-22,2026-05-28,,,,,,,,non,,,,,"Rima Hassan a déposé plainte contre X pour atteinte à la vie privée et abus d'autorité après que la police a exploité ses données de géolocalisation dans le cadre d'une enquête de flagrance, sans justification légale apparente. L'intégralité de ses déplacements a été analysée sur près de trois mois.",1,https://www.ledauphine.com/faits-divers-justice/2026/05/28/rima-hassan-porte-plainte-apres-l-exploitation-de-ses-donnees-de-geolocalisation-par-la-police,Justice. Rima Hassan porte plainte après l'exploitation de ses données de géolocalisation par la police,https://poligraph.fr/affaires/plainte-pour-exploitation-illegale-de-donnees-de-geolocalisation,2026-05-28T12:24:46.898Z,2026-07-24T07:04:49.034Z,PENAL
AF-000392,menaces-de-mort-et-violences-a-l-encontre-de-sebastien-delogu,Menaces de mort et violences à l'encontre de Sébastien Delogu,PG-000249,sebastien-delogu,Sébastien Delogu,LFI,La France insoumise,Extrême gauche,LFI,La France insoumise,Enquête préliminaire,ENQUETE_PRELIMINAIRE,Menace,MENACE,Significatif,SIGNIFICATIF,Victime,VICTIM,non,2026-05-25,2026-05-26,,,,,,,,non,,,,,"Sébastien Delogu, député LFI des Bouches-du-Rhône, affirme avoir été victime d'insultes, de crachats et de menaces de mort le 25 mai 2026 à Marseille, alors qu'il se trouvait au volant de sa voiture. L'agresseur aurait proféré des menaces en lien avec ses prises de position pro-palestiniennes. Le député a déposé plainte et le parquet de Marseille a ouvert une enquête préliminaire.",3,https://www.liberation.fr/societe/police-justice/descends-je-vais-te-tuer-a-marseille-enquete-ouverte-apres-une-plainte-de-linsoumis-sebastien-delogu-pour-menaces-de-mort-20260526_2UBBOYZAFFBCTNIYMDOZS6QWEU/,"«Descends je vais te tuer» : à Marseille, enquête ouverte après une plainte de l’insoumis Sébastien Delogu pour menaces de mort",https://poligraph.fr/affaires/menaces-de-mort-et-violences-a-l-encontre-de-sebastien-delogu,2026-05-26T19:15:19.283Z,2026-07-24T07:04:49.055Z,PENAL
AF-000389,enquete-sur-des-statuettes-recues-en-cadeau,Affaire des statuettes : enquête du PNF sur des cadeaux reçus comme ministre,PG-001526,dominique-de-villepin,Dominique De Villepin,LFH,La France humaniste,Droite,,,Enquête préliminaire,ENQUETE_PRELIMINAIRE,Recel,RECEL,Significatif,SIGNIFICATIF,Mis en cause,DIRECT,non,2002-06-01,2026-05-19,,,,,,,,non,,,Parquet national financier,,"Le Parquet national financier a ouvert le 19 mai 2026 une enquête préliminaire visant Dominique de Villepin, du chef de recel de détournement de fonds publics et infractions connexes. L'enquête porte sur une statuette et un buste qui lui auraient été offerts par un lobbyiste lorsqu'il était ministre des Affaires étrangères (2002-2004), puis conservés à titre personnel. L'intéressé a reconnu une « faute d'appréciation » et déclare avoir restitué les objets.",2,https://www.lemonde.fr/politique/article/2026/05/20/affaire-des-statuettes-dominique-de-villepin-vise-par-une-enquete-preliminaire-du-parquet-national-financier_6691731_823448.html,Statuettes reçues en cadeau : Dominique de Villepin visé par une enquête préliminaire du Parquet national financier,https://poligraph.fr/affaires/enquete-sur-des-statuettes-recues-en-cadeau,2026-05-26T05:09:50.852Z,2026-06-05T09:53:31.368Z,PENAL
AF-000365,menaces-de-mort-contre-le-maire-d-agen-et-la-redaction-du-petit-bleu,Menaces de mort contre le maire d'Agen et la rédaction du Petit Bleu,PG-036445,laurent-bruneau,Laurent Bruneau,PS,Parti socialiste,Gauche,,,Enquête préliminaire,ENQUETE_PRELIMINAIRE,Menace,MENACE,Significatif,SIGNIFICATIF,Victime,VICTIM,non,2026-05-18,2026-05-18,,,,,,,,non,,,,,"Le maire d'Agen, Laurent Bruneau, a été visé par un courrier anonyme accompagné de balles, contenant des menaces de mort et des appels à la violence. La rédaction du Petit Bleu a également reçu un courrier similaire. Les lettres, signées 'Le Ragondin de Garonne', évoquent une haine des musulmans et des références à des attentats.",1,https://www.ladepeche.fr/2026/05/18/vous-ne-serez-pas-a-labri-non-plus-apres-le-maire-dagen-et-la-mosquee-la-redaction-de-la-depeche-du-midi-et-du-petit-bleu-a-son-tour-menacee-avec-un-13376770.php,"""Vous ne serez pas à l’abri non plus"" : après le maire d’Agen et la mosquée, la rédaction du Petit Bleu à son tour menacée avec un courrier et trois balles de gros calibre",https://poligraph.fr/affaires/menaces-de-mort-contre-le-maire-d-agen-et-la-redaction-du-petit-bleu,2026-05-19T05:17:47.854Z,2026-06-05T09:53:31.075Z,PENAL
AF-000362,plainte-pour-trafic-d-influence-et-prise-illegale-d-interets-liee-a-lagardere-news,Plainte pour trafic d'influence et prise illégale d'intérêts liée à Lagardère News,PG-000488,charles-alloncle,Charles Alloncle,,,,,,Classement sans suite,CLASSEMENT_SANS_SUITE,Trafic d'influence,TRAFIC_INFLUENCE,Critique,CRITIQUE,Mis en cause,DIRECT,oui,,,,,,,,,,non,,,Parquet national financier,,"Charles Alloncle est visé par une plainte déposée par l'association AC !! Anti-Corruption pour des faits présumés de trafic d'influence et prise illégale d'intérêts. Il est accusé d'avoir mené des travaux parlementaires en posant des questions suggérées par la direction de Lagardère News, groupe sous contrôle de l'empire Bolloré. L'affaire a été classée sans suite.",8,https://www.lemonde.fr/economie/article/2026/05/04/charles-alloncle-le-rapporteur-de-la-commission-d-enquete-sur-l-audiovisuel-public-vise-par-une-plainte-pour-prise-illegale-d-interets_6685340_3234.html,"Charles Alloncle, le rapporteur de la commission d’enquête sur l’audiovisuel public, visé par une plainte pour « prise illégale d’intérêts »",https://poligraph.fr/affaires/plainte-pour-trafic-d-influence-et-prise-illegale-d-interets-liee-a-lagardere-news,2026-05-17T19:47:31.356Z,2026-08-02T20:09:43.123Z,PENAL
AF-000361,harcelement-et-menaces-contre-emma-fourreau,Plus de 100 plaintes pour harcèlement et menaces de viol et de mort après une prise de position publique (mai 2026),PG-001029,emma-fourreau,Emma Fourreau,LFI,La France insoumise,Extrême gauche,LFI,La France insoumise,Enquête préliminaire,ENQUETE_PRELIMINAIRE,Menace,MENACE,Significatif,SIGNIFICATIF,Victime,VICTIM,non,2026-05-14,2026-05-14,,,,,,,,non,,,,,"Emma Fourreau, députée européenne LFI, a déposé plus de 100 plaintes après avoir reçu des messages d'insultes, de menaces de viol et de mort à la suite de sa prise de position publique sur un banquet « Canon français » organisé à Caen. Une enquête préliminaire a été ouverte.",1,https://www.liberation.fr/societe/police-justice/canon-francais-insultee-menacee-de-viol-et-de-mort-lelue-lfi-emma-fourreau-depose-plus-de-cent-plaintes-20260514_LLBO2YBKRBHN7HP4TRYYI5PEAU/,"Canon Français : insultée, menacée de viol et de mort, l’élue LFI Emma Fourreau dépose plus de cent plaintes",https://poligraph.fr/affaires/harcelement-et-menaces-contre-emma-fourreau,2026-05-14T11:46:21.290Z,2026-07-24T07:04:48.970Z,PENAL
AF-000358,menaces-de-mort-contre-le-maire-d-agen,Menaces de mort par courrier anonyme contre le maire d'Agen Laurent Bruneau (mai 2026),PG-036445,laurent-bruneau,Laurent Bruneau,PS,Parti socialiste,Gauche,,,Enquête préliminaire,ENQUETE_PRELIMINAIRE,Menace,MENACE,Significatif,SIGNIFICATIF,Victime,VICTIM,non,2026-05-13,2026-05-13,,,,,,,,non,,,,,"Le 13 mai 2026, Laurent Bruneau, maire socialiste d'Agen, a reçu un courrier anonyme contenant des menaces de mort accompagnées de trois balles de gros calibre. Il a immédiatement déposé plainte au commissariat d'Agen et signalé l'incident aux autorités compétentes. Une enquête a été ouverte.",2,https://www.sudouest.fr/justice/jamais-je-ne-cederai-aux-intimidations-reagit-le-maire-d-agen-vise-par-des-menaces-de-mort-29049111.php,"« Jamais je ne céderai aux intimidations », réagit le maire d’Agen, visé par des menaces de mort",https://poligraph.fr/affaires/menaces-de-mort-contre-le-maire-d-agen,2026-05-13T20:00:28.910Z,2026-05-14T20:12:45.262Z,PENAL
AF-000357,renvoye-pour-harcelement-sexuel-et-agressions-sexuelles-sur-deux-collaborateurs,Renvoi devant le tribunal correctionnel pour harcèlement sexuel et agressions sexuelles sur deux collaborateurs,PG-036444,francois-asselineau,François Asselineau,UPR,Union populaire républicaine,,,,Renvoi devant le tribunal,RENVOI_TRIBUNAL,Agression sexuelle,AGRESSION_SEXUELLE,Significatif,SIGNIFICATIF,Mis en cause,DIRECT,non,2020-01-01,2021-01-01,,,,,,,,non,,,Tribunal correctionnel de Paris,,"François Asselineau, président de l'Union populaire républicaine (UPR), est renvoyé devant le tribunal correctionnel de Paris pour « harcèlement sexuel par une personne abusant de l'autorité que lui confère sa fonction », « agressions sexuelles » et « tentative d'agression sexuelle » sur deux collaborateurs. Les faits remontent à 2020 et ont donné lieu à des plaintes ainsi qu'à une mise en examen en 2021. Il conteste les accusations.",2,https://www.franceinfo.fr/politique/francois-asselineau/info-franceinfo-francois-asselineau-finalement-renvoye-devant-le-tribunal-correctionnel-notamment-pour-harcelement-sexuel-et-agressions-sexuelles-sur-deux-collaborateurs_8002061.html#xtor=RSS-3-%5Bgeneral%5D,"INFO FRANCEINFO. François Asselineau finalement renvoyé devant le tribunal correctionnel, notamment pour ""harcèlement sexuel"" et ""agressions sexuelles"" sur deux collaborateurs",https://poligraph.fr/affaires/renvoye-pour-harcelement-sexuel-et-agressions-sexuelles-sur-deux-collaborateurs,2026-05-13T19:11:01.226Z,2026-06-05T10:02:05.527Z,PENAL
AF-000356,martin-concussion-perception-liquide-grenoble-2017-2020,"Enquête pour concussion (perception en liquide via le maire de Grenoble, 2017-2020)",PG-000037,elisa-martin,Élisa Martin,LFI,La France insoumise,Extrême gauche,LFI,La France insoumise,Enquête préliminaire,ENQUETE_PRELIMINAIRE,Autre,AUTRE,Significatif,SIGNIFICATIF,Mis en cause,DIRECT,non,2017-01-01,2024-06-05,,,,,,,,non,,,Parquet de Valence (dépaysement),,"Entre 2017 et 2020, alors adjointe au maire de Grenoble Éric Piolle, Élisa Martin (LFI) aurait perçu en liquide 16 800 € à raison d'environ 400 € par mois, via un ancien collaborateur du maire. Ces versements auraient eu pour but de compenser la baisse de 25 % des indemnités d'élus décidée par la majorité municipale en 2017. Devenue députée de l'Isère en 2022, elle est mise en cause aux côtés d'Éric Piolle dans l'enquête préliminaire ouverte le 5 juin 2024 par le parquet de Grenoble pour concussion. L'enquête a été dépaysée au parquet de Valence le 30 juin 2025. Aucune mise en examen n'est intervenue à ce stade.",4,https://www.liberation.fr/societe/police-justice/enquete-ouverte-contre-eric-piolle-et-la-deputee-lfi-elisa-martin-pour-perception-illicite-dargent-20240605_Q23QHAL5BBAXPIP4ZHIT4NDZVI/,Enquête ouverte contre Eric Piolle et la députée LFI Elisa Martin pour perception illicite d'argent,https://poligraph.fr/affaires/martin-concussion-perception-liquide-grenoble-2017-2020,2026-05-12T15:16:26.078Z,2026-05-12T16:05:44.464Z,PENAL
AF-000355,piolle-concussion-versements-elisa-martin-2017-2020,"Enquête pour concussion (versements en liquide à Élisa Martin, 2017-2020)",PG-001797,eric-piolle,Eric Piolle,EELV,Les Écologistes – Europe Écologie Les Verts,Gauche,EELV,Les Écologistes – Europe Écologie Les Verts,Enquête préliminaire,ENQUETE_PRELIMINAIRE,Autre,AUTRE,Significatif,SIGNIFICATIF,Mis en cause,DIRECT,non,2017-01-01,2024-06-05,,,,,,,,non,,,Parquet de Valence (dépaysement),,"Entre 2017 et 2020, alors maire de Grenoble (EELV), Éric Piolle aurait versé en liquide 16 800 € à Élisa Martin (alors adjointe au maire, puis députée LFI dès 2022), à raison d'environ 400 € par mois, via un ancien collaborateur. Ces versements auraient eu pour but de compenser la baisse de 25 % des indemnités d'élus décidée par la majorité municipale en 2017. L'affaire a été révélée le 5 juin 2024 par Le Canard Enchaîné. Le parquet de Grenoble a ouvert une enquête préliminaire pour concussion (perception illicite d'argent par un agent public, article 432-10 du Code pénal). L'enquête a été dépaysée au parquet de Valence le 30 juin 2025. Aucune mise en examen n'est intervenue à ce stade. Éric Piolle conteste les faits et invoque représenter une certaine éthique en politique.",4,https://www.liberation.fr/societe/police-justice/enquete-ouverte-contre-eric-piolle-et-la-deputee-lfi-elisa-martin-pour-perception-illicite-dargent-20240605_Q23QHAL5BBAXPIP4ZHIT4NDZVI/,Enquête ouverte contre Eric Piolle et la députée LFI Elisa Martin pour perception illicite d'argent,https://poligraph.fr/affaires/piolle-concussion-versements-elisa-martin-2017-2020,2026-05-12T15:16:25.909Z,2026-05-12T16:05:44.175Z,PENAL
AF-000345,enquete-du-parquet-europeen-sur-des-formations-aux-medias-financees-par-des-fonds-europeens,"Enquête du Parquet européen sur des formations média-training financées par des fonds européens (RN, campagne 2022)",PG-001072,jordan-bardella,Jordan Bardella,RN,Rassemblement National,Extrême droite,,,Enquête préliminaire,ENQUETE_PRELIMINAIRE,Détournement de fonds publics,DETOURNEMENT_FONDS_PUBLICS,Significatif,SIGNIFICATIF,Mentionné,MENTIONED_ONLY,non,2022-01-01,2026-05-07,,,,,,,,non,,,Parquet européen,,"Le Parquet européen a ouvert en mai 2026 une enquête pour soupçons de fraude concernant l'utilisation de fonds européens pour des formations de média-training destinées au Rassemblement national (RN), notamment à Jordan Bardella, durant la campagne présidentielle 2022. L'association AC !! Anti-Corruption a saisi la justice. Le RN conteste les accusations et dénonce une « instrumentalisation politique ». Jordan Bardella est mentionné comme bénéficiaire présumé des formations, sans être personnellement visé par une mise en cause à ce stade ; l'enquête porte sur l'utilisation des fonds par le parti.",4,https://www.franceinfo.fr/politique/front-national/le-parquet-europeen-enquete-sur-des-soupcons-de-fraude-autour-de-formations-aux-medias-dont-auraient-notamment-beneficie-jordan-bardella-le-rn-denonce-une-instrumentalisation-politique_7989767.html#xtor=RSS-3-%5Bgeneral%5D,Le Parquet européen enquête sur des soupçons de fraude autour de formations aux médias dont auraient notamment bénéficié Jordan Bardella,https://poligraph.fr/affaires/enquete-du-parquet-europeen-sur-des-formations-aux-medias-financees-par-des-fonds-europeens,2026-05-07T19:09:33.251Z,2026-05-13T09:48:07.383Z,PENAL
AF-000337,saisine-de-la-cjr-contre-sebastien-lecornu-pour-entrave-a-l-execution-de-la-loi,Saisine de la Cour de justice de la République (CJR) par LFI pour entrave à l'exécution de la loi sur le travail du 1er mai,PG-000986,sebastien-lecornu,Sébastien Lecornu,RE,Renaissance,Centre,RE,Renaissance,Enquête préliminaire,ENQUETE_PRELIMINAIRE,Autre,AUTRE,Significatif,SIGNIFICATIF,Mis en cause,DIRECT,non,2026-05-01,,,,,,,,,non,,,Cour de justice de la République (CJR),,"Le 1er mai 2026, la France Insoumise (LFI) a saisi la Cour de justice de la République (CJR) contre Sébastien Lecornu, Premier ministre, l'accusant d'avoir tenté de faire échec à l'exécution de la loi en relayant publiquement le cas d'un boulanger ouvert le 1er mai malgré l'interdiction du travail ce jour-là. La CJR est compétente pour juger les actes commis par les membres du gouvernement dans l'exercice de leurs fonctions. L'affaire est au stade de la saisine ; aucune mise en examen n'a été prononcée.",1,https://www.liberation.fr/politique/travail-le-1er-mai-lfi-saisit-la-cour-de-justice-de-la-republique-contre-sebastien-lecornu-20260501_FN3REWH7IBHUPBIWO3OAGXPFXI/,Travail le 1er-Mai : LFI saisit la Cour de justice de la République contre Sébastien Lecornu,https://poligraph.fr/affaires/saisine-de-la-cjr-contre-sebastien-lecornu-pour-entrave-a-l-execution-de-la-loi,2026-05-02T05:07:04.872Z,2026-07-24T07:04:48.820Z,PENAL
AF-000336,affaire-des-travaux-de-la-villa-salesse-a-arcachon,Plainte pour faux et conflit d'intérêts illégal sur les travaux de la villa Salesse à Arcachon,PG-013979,yves-foulon,Yves Foulon,LR,Les Républicains,Droite,LR,Les Républicains,Enquête préliminaire,ENQUETE_PRELIMINAIRE,Prise illégale d'intérêts,PRISE_ILLEGALE_INTERETS,Significatif,SIGNIFICATIF,Mis en cause,DIRECT,non,2024-01-01,2026-04-30,,,,,,,,non,,,,,"L'association anticorruption AC !! a déposé plainte contre Yves Foulon, maire LR d'Arcachon, pour « faux et usage de faux », « prise illégale d'intérêts » et « exécution de travaux contraires au plan local d'urbanisme intercommunal ». L'affaire concerne la démolition-reconstruction de la villa Salesse, propriété acquise en 2021 par Yves Foulon et son demi-frère, qui était la dernière villa de style néo-colonial en bord de mer à Arcachon (avec des éléments architecturaux classés). Selon l'association, le projet a été présenté comme une « extension et surélévation limitée » mais a éliminé des éléments d'intérêt historique et architectural reconnu. La justice administrative avait validé les permis de construire en 2024 ; le volet pénal vient ouvrir un nouveau front. Yves Foulon dénonce un « acharnement ».",3,https://www.sudouest.fr/gironde/arcachon/arcachon-le-maire-yves-foulon-parle-d-acharnement-apres-les-plaintes-sur-les-travaux-de-sa-villa-28884292.php,Arcachon : le maire Yves Foulon parle d’« acharnement » après les plaintes sur les travaux de sa villa,https://poligraph.fr/affaires/affaire-des-travaux-de-la-villa-salesse-a-arcachon,2026-05-01T05:10:41.837Z,2026-07-24T07:04:48.949Z,PENAL
AF-000335,affaire-des-statuettes-de-napoleon,Soupçon de prise illégale d'intérêts : deux statuettes de Napoléon reçues du lobbyiste Robert Bourgi au Quai d'Orsay,PG-001526,dominique-de-villepin,Dominique De Villepin,LFH,La France humaniste,Droite,LFH,La France humaniste,Enquête préliminaire,ENQUETE_PRELIMINAIRE,Prise illégale d'intérêts,PRISE_ILLEGALE_INTERETS,Significatif,SIGNIFICATIF,Mis en cause,DIRECT,non,,,,,,,,,,non,,,,,"Dominique de Villepin est mis en cause pour avoir reçu, alors qu'il était ministre des Affaires étrangères, deux statuettes de Napoléon d'une valeur totale estimée à 125 000 euros, offertes par le lobbyiste Robert Bourgi. Les faits ont été révélés par l'émission Complément d'enquête de France 2 en avril 2026. De Villepin conteste avoir connu l'origine et la valeur réelle des cadeaux.",2,https://www.lemonde.fr/politique/article/2026/04/29/dominique-de-villepin-a-recu-en-cadeau-deux-statuettes-lorsqu-il-etait-au-quai-d-orsay-selon-l-emission-complement-d-enquete_6684322_823448.html,"Dominique de Villepin a reçu en cadeau deux statuettes lorsqu’il était au Quai d’Orsay, selon l’émission « Complément d’enquête »",https://poligraph.fr/affaires/affaire-des-statuettes-de-napoleon,2026-04-29T19:09:13.421Z,2026-07-24T07:04:48.928Z,PENAL
AF-000334,tentatives-d-ingerence-presumees-de-lagardere-news-dans-une-commission-parlementaire,Tentatives d'ingérence de Lagardère News dans la commission d'enquête sur l'audiovisuel public,PG-000245,jeremie-patrier-leitus,Jérémie Patrier-Leitus,HOR,Horizons,Centre droit,HOR,Horizons,Enquête préliminaire,ENQUETE_PRELIMINAIRE,Conflit d'intérêts,CONFLIT_INTERETS,Significatif,SIGNIFICATIF,Mentionné,MENTIONED_ONLY,non,2026-04-26,,,,,,,,,non,,,,,"Le groupe Lagardère News, propriété de Vincent Bolloré, est accusé d'avoir tenté d'influencer les travaux de la commission d'enquête parlementaire sur l'audiovisuel public en envoyant des listes de questions à plusieurs députés. Jérémie Patrier-Leitus, président de cette commission, a confirmé avoir reçu ces sollicitations et déclaré les avoir rejetées, en évoquant un risque d'ingérence sur le travail parlementaire. Ces faits ont été révélés par une enquête du journal Le Monde le 26 avril 2026.",1,https://www.franceinfo.fr/economie/medias/des-tentatives-d-ingerence-une-enquete-du-monde-revele-que-le-groupe-lagardere-a-tente-de-peser-sur-la-commission-d-enquete-sur-l-audiovisuel-public_7969616.html#xtor=RSS-3-%5Bgeneral%5D,"""Des tentatives d'ingérence"" : une enquête du ""Monde"" révèle que le groupe Lagardère a tenté de peser sur la commission d'enquête sur l'audiovisuel public",https://poligraph.fr/affaires/tentatives-d-ingerence-presumees-de-lagardere-news-dans-une-commission-parlementaire,2026-04-28T19:57:23.870Z,2026-07-24T07:04:48.862Z,PENAL
AF-000332,affaire-de-favoritisme-et-detournement-de-fonds-publics-au-havre,Information judiciaire pour favoritisme et détournement de fonds publics (Cité numérique du Havre),PG-001657,edouard-philippe,Edouard Philippe,HOR,Horizons,Centre droit,,,Instruction en cours,INSTRUCTION,Favoritisme,FAVORITISME,Significatif,SIGNIFICATIF,Mis en cause,DIRECT,non,2020-07-01,2023-09-01,,,,,,,,non,,,Parquet national financier (PNF),,"Le Parquet national financier (PNF) a ouvert en 2024 une enquête préliminaire visant Édouard Philippe, maire du Havre et ancien Premier ministre, pour conflit d'intérêts illégal, favoritisme, détournement de fonds publics et harcèlement moral. L'enquête fait suite à une plainte déposée en septembre 2023 par une ancienne directrice générale adjointe de la communauté urbaine du Havre, agissant en lanceuse d'alerte. Les soupçons portent sur une convention pluriannuelle d'objectifs signée en juillet 2020 entre Édouard Philippe et Stéphanie de Bazelaire pour l'animation du « Le Havre Digital City », ainsi que sur les subventions publiques accordées à l'école 42 du Havre, propriété de Xavier Niel (2,154 millions d'euros pour l'association LH French Tech, seule candidate à l'appel à manifestation d'intérêt). Des perquisitions ont eu lieu à la mairie du Havre en avril 2024. En juin 2025, la lanceuse d'alerte s'est constituée partie civile auprès du doyen des juges d'instruction. À la suite des réquisitions du PNF du 7 mai 2026, une information judiciaire a été ouverte : un juge d'instruction enquête depuis le 19 mai 2026 sur les chefs de détournement de fonds publics, favoritisme, prise illégale d'intérêts et concussion. L'adjointe Stéphanie de Bazelaire et la directrice générale des services Claire-Sophie Tasias sont également visées. Aucune mise en examen n'est intervenue à ce stade ; Édouard Philippe conteste les accusations et affiche sa « sérénité ».",10,https://www.mediapart.fr/journal/france/230426/les-liaisons-troubles-entre-la-communaute-urbaine-du-havre-et-l-ecole-de-xavier-niel,Les liaisons troubles entre la communauté urbaine du Havre et l’école de Xavier Niel,https://poligraph.fr/affaires/affaire-de-favoritisme-et-detournement-de-fonds-publics-au-havre,2026-04-26T05:07:03.750Z,2026-06-05T09:58:26.404Z,PENAL
AF-000330,accident-de-la-route-et-enquete-pour-conduite-en-etat-d-ivresse,Enquête pour conduite en état d'ivresse et refus de dépistage après un accident (avril 2026),PG-000348,antoine-villedieu,Antoine Villedieu,RN,Rassemblement National,Extrême droite,RN,Rassemblement National,Enquête préliminaire,ENQUETE_PRELIMINAIRE,Autre,AUTRE,Significatif,SIGNIFICATIF,Mis en cause,DIRECT,non,2026-04-24,2026-04-24,,,,,,,,non,,,,,"Le 24 avril 2026, à Noidans-lès-Vesoul (Haute-Saône), Antoine Villedieu, député RN de la 1re circonscription de Haute-Saône, a provoqué un accident de la circulation au volant de sa voiture après des embardées et une « vitesse excessive eu égard aux circonstances » selon le parquet. Hospitalisé après l'accident, il a refusé de se soumettre aux tests de dépistage d'alcoolémie et de stupéfiants. Une enquête a été ouverte pour conduite sous l'empire d'un état d'ivresse manifeste, refus de se soumettre aux vérifications d'alcoolémie et de stupéfiants, et conduite à vitesse excessive. Le 27 avril 2026, son groupe parlementaire le suspend du Rassemblement national. Aucune mise en examen n'est intervenue à ce stade. Le 11 janvier 2026, Villedieu avait déjà été retrouvé inanimé devant une pharmacie avec une plaie à la tête, sans suite judiciaire.",3,https://www.lemonde.fr/societe/article/2026/04/24/antoine-villedieu-depute-rassemblement-national-de-haute-saone-vise-par-une-enquete-pour-conduite-en-etat-d-ivresse-apres-un-accident_6683128_3224.html,"Antoine Villedieu, député Rassemblement national de Haute-Saône, visé par une enquête pour « conduite en état d’ivresse » après un accident",https://poligraph.fr/affaires/accident-de-la-route-et-enquete-pour-conduite-en-etat-d-ivresse,2026-04-25T05:07:02.073Z,2026-07-24T07:04:48.798Z,PENAL
AF-000327,enquete-pour-perception-indue-de-remuneration,Enquête du PNF pour concussion (cumul salaire de policier et indemnité parlementaire),PG-000318,michael-taverne,Michaël Taverne,RN,Rassemblement National,Extrême droite,RN,Rassemblement National,Enquête préliminaire,ENQUETE_PRELIMINAIRE,Détournement de fonds publics,DETOURNEMENT_FONDS_PUBLICS,Significatif,SIGNIFICATIF,Mis en cause,DIRECT,non,2022-06-01,2026-04-21,,,,,,,,non,,,Parquet national financier (PNF),,"Michaël Taverne, député RN du Nord (12e circonscription), est visé par une enquête préliminaire ouverte par le Parquet national financier pour concussion (article 432-10 du Code pénal). Selon la Haute Autorité pour la transparence de la vie publique (HATVP), il a été placé en détachement plutôt qu'en disponibilité lors de son élection en juin 2022, ce qui lui a permis de continuer à percevoir son salaire de policier pendant deux ans en parallèle de son indemnité parlementaire de 5 953 € nets mensuels. Le montant total perçu indûment serait supérieur à 60 000 €. Taverne invoque un « imbroglio administratif » et affirme ne pas avoir l'intention de frauder ; il s'est engagé à rembourser les sommes perçues. La concussion est punie de cinq ans d'emprisonnement et 500 000 € d'amende.",3,https://www.ladepeche.fr/2026/04/23/un-depute-rn-vise-par-une-enquete-pour-avoir-continue-a-toucher-son-salaire-de-policier-ladministration-a-fait-une-boulette-13340223.php,"Un député RN visé par une enquête pour avoir continué à toucher son salaire de policier : ""L’administration a fait une boulette""",https://poligraph.fr/affaires/enquete-pour-perception-indue-de-remuneration,2026-04-24T05:04:57.732Z,2026-07-24T07:04:48.885Z,PENAL
AF-000322,plainte-pour-manquements-lors-d-une-garde-a-vue,"Garde à vue d'avril 2026 et ses suites (Défenseur des droits, classement sans suite)",PG-001014,rima-hassan,Rima Hassan,LFI,La France insoumise,Extrême gauche,LFI,La France insoumise,Enquête préliminaire,ENQUETE_PRELIMINAIRE,Autre,AUTRE,Significatif,SIGNIFICATIF,Mentionné,MENTIONED_ONLY,non,2026-04-02,2026-04-02,,,,,,,,non,,,,,"Le 2 avril 2026, Rima Hassan, eurodéputée LFI, a été placée en garde à vue à Paris en lien avec des propos tenus sur le réseau social X. Lors de cette garde à vue, un produit présenté comme de la 3-MMC a été découvert ; les analyses du parquet de Paris ont ensuite révélé qu'il s'agissait principalement de CBD, conduisant au classement sans suite de cette enquête pour absence d'infraction caractérisée. Rima Hassan a saisi la Défenseure des droits pour dénoncer des manquements déontologiques présumés : recherches disproportionnées de géolocalisation sur trois mois, placement en geôle qu'elle juge non nécessaire, et questions inappropriées sur sa pratique religieuse et les valeurs de la République. L'enquête sur les propos en ligne demeure ouverte au stade préliminaire ; aucune mise en examen ni poursuite n'a été engagée à ce stade.",5,https://www.liberation.fr/politique/apres-sa-garde-a-vue-rima-hassan-saisit-la-defenseure-des-droits-pour-de-graves-manquements-deontologiques-20260416_2KBQDQBR6ZBWNEQBXKT37A6ALY/,"Après sa garde à vue, Rima Hassan saisit la Défenseure des droits pour de «graves manquements déontologiques»",https://poligraph.fr/affaires/plainte-pour-manquements-lors-d-une-garde-a-vue,2026-04-16T19:08:04.155Z,2026-07-24T07:04:48.777Z,PENAL
AF-000319,mort-d-une-femme-a-plouasne,Mise en examen pour arrestation et détention arbitraires suivies de mort (avril 2026),PG-009244,michel-daugan,Michel Daugan,,,,,,Mise en examen,MISE_EN_EXAMEN,Violence,VIOLENCE,Significatif,SIGNIFICATIF,Mis en cause,DIRECT,non,2026-04-07,2026-04-07,,,,,,,,non,,,Tribunal judiciaire de Saint-Brieuc,,"Le 7 avril 2026, à Plouasne (Côtes-d'Armor), Catherine Josselin, 66 ans, est décédée devant son domicile après une intervention conduite par Michel Daugan, maire de la commune, et un conseiller municipal, qui ont tenté de la conduire de force vers un hôpital psychiatrique. Selon les éléments recueillis par les enquêteurs, la victime a été maintenue au sol pendant une quinzaine de minutes, les jambes attachées par une corde et une sangle. Michel Daugan a été mis en examen le 15 avril 2026 pour « arrestation et détention arbitraires suivies de mort » et « violences commises en réunion ayant entraîné la mort sans intention de la donner », puis placé en détention provisoire. Il a annoncé sa démission de maire devant la chambre d'instruction le 30 avril 2026, à 87 ans, et a été remis en liberté sous contrôle judiciaire avec interdiction de paraître à Plouasne. Son adjoint a également été mis en examen et placé sous contrôle judiciaire. Daugan conserve à ce stade son mandat de conseiller départemental.",4,https://www.ouest-france.fr/societe/faits-divers/le-maire-de-plouasne-incarcere-et-un-conseiller-municipal-sous-controle-judiciaire-apres-la-mort-dune-femme-af7a810e-3915-11f1-84b8-e1d91f8f7aaa?utm_source=fluxpublicfrance&utm_medium=fluxrss&utm_campaign=banquedecontenu,Le maire de Plouasne incarcéré et un conseiller municipal sous contrôle judiciaire après la mort d’une femme,https://poligraph.fr/affaires/mort-d-une-femme-a-plouasne,2026-04-16T05:06:14.463Z,2026-05-13T08:43:54.543Z,PENAL
AF-000315,gaby-charroux-favoritisme-semivim-2025,Mise en examen de Gaby Charroux pour favoritisme dans l'affaire Semivim,PG-006164,gaby-charroux,Gaby Charroux,PCF,Parti communiste français,Extrême gauche,PCF,Parti communiste français,Mise en examen,MISE_EN_EXAMEN,Favoritisme,FAVORITISME,Critique,CRITIQUE,Mis en cause,DIRECT,oui,,2025-04-29,,,,,,,,non,,,,,"Gaby Charroux est mis en examen le 29 avril 2025 pour favoritisme dans le cadre d'une affaire de corruption liée à la Semivim, société d'économie mixte de logement social de Martigues. Gaby Charroux bénéficie de la présomption d'innocence.",3,https://fr.wikipedia.org/wiki/Gaby_Charroux,Gaby Charroux - Affaires judiciaires,https://poligraph.fr/affaires/gaby-charroux-favoritisme-semivim-2025,2026-04-10T16:08:25.658Z,2026-04-10T16:16:46.295Z,PENAL
AF-000314,jean-christophe-lagarde-escroquerie-2024,Mise en examen de Jean-Christophe Lagarde pour escroquerie en bande organisée,PG-036426,jean-christophe-lagarde,Jean-Christophe Lagarde,UDI,Union des démocrates et indépendants,Centre droit,UDI,Union des démocrates et indépendants,Mise en examen,MISE_EN_EXAMEN,Recel,RECEL,Grave,GRAVE,Mis en cause,DIRECT,non,,2024-12-01,,,,,,,,non,,,,,"Jean-Christophe Lagarde est mis en examen en décembre 2024 pour escroquerie en bande organisée et recel, à la suite d'une plainte du journaliste Aziz Zemouri. Jean-Christophe Lagarde bénéficie de la présomption d'innocence.",1,https://fr.wikipedia.org/wiki/Jean-Christophe_Lagarde,Jean-Christophe Lagarde - Affaires judiciaires,https://poligraph.fr/affaires/jean-christophe-lagarde-escroquerie-2024,2026-04-10T16:08:25.489Z,2026-04-10T16:13:37.016Z,PENAL
AF-000313,jean-christophe-lagarde-emploi-fictif-2022,Condamnation de Jean-Christophe Lagarde pour emploi fictif d'assistante parlementaire,PG-036426,jean-christophe-lagarde,Jean-Christophe Lagarde,UDI,Union des démocrates et indépendants,Centre droit,UDI,Union des démocrates et indépendants,Condamnation (1ère instance),CONDAMNATION_PREMIERE_INSTANCE,Emploi fictif,EMPLOI_FICTIF,Critique,CRITIQUE,Mis en cause,DIRECT,oui,2009-01-01,2020-01-01,2022-12-07,60000,10,0,24,,,non,"10 mois de prison avec sursis, 60 000 euros d'amende, 2 ans d'inéligibilité, restitution de 75 000 euros",,,,"Jean-Christophe Lagarde est condamné le 7 décembre 2022 pour détournement de fonds publics lié à l'emploi de sa belle-mère comme assistante parlementaire entre 2009 et 2010, sans travail effectif constaté. Il est condamné à dix mois de prison avec sursis et 60 000 euros d'amende, ainsi qu'à deux ans d'inéligibilité et à la restitution de 75 000 euros à l'Assemblée nationale.",2,https://fr.wikipedia.org/wiki/Jean-Christophe_Lagarde,Jean-Christophe Lagarde - Affaires judiciaires,https://poligraph.fr/affaires/jean-christophe-lagarde-emploi-fictif-2022,2026-04-10T16:08:25.324Z,2026-09-01T16:35:54.567Z,PENAL
AF-000312,laurent-brosse-violences-et-tentative-d-agression-sexuelle,Condamnation de Laurent Brosse pour violences et tentative d'agression sexuelle,PG-032081,laurent-brosse,Laurent Brosse,LR,Les Républicains,Droite,LR,Les Républicains,Condamnation (1ère instance),CONDAMNATION_PREMIERE_INSTANCE,Agression sexuelle,AGRESSION_SEXUELLE,Critique,CRITIQUE,Mis en cause,DIRECT,non,,,2025-12-01,,10,0,0,,,non,"10 mois de prison avec sursis et 2 ans de sursis probatoire (cour d'appel de Versailles, 1er décembre 2025). Agression sexuelle requalifiée en tentative; relaxe pour la séquestration. Inéligibilité écartée.",Sursis probatoire de deux ans. Inscription au fichier judiciaire automatisé des auteurs d'infractions sexuelles ou violentes (FIJAIS).,Cour d'appel de Versailles,,"La cour d'appel de Versailles a condamné Laurent Brosse, maire de Conflans-Sainte-Honorine, le 1er décembre 2025, à dix mois de prison avec sursis assortis de deux ans de sursis probatoire, pour violences et harcèlement sur son ancienne compagne. L'agression sexuelle retenue en première instance a été requalifiée en tentative d'agression sexuelle, et il a été relaxé du chef de séquestration. La cour a écarté la peine complémentaire de cinq ans d'inéligibilité prononcée en première instance, au motif que les faits n'étaient pas en rapport avec ses fonctions de maire. Il conserve donc son mandat et reste éligible. Son nom est inscrit au fichier judiciaire automatisé des auteurs d'infractions sexuelles ou violentes (FIJAIS). Aucune source publique n'établit l'issue d'un éventuel pourvoi en cassation.",3,https://bonpote.com/municipales-2026-candidats-vss-violences-sexuelle/,Municipales 2026 : candidats VSS réélus,https://poligraph.fr/affaires/laurent-brosse-violences-et-tentative-d-agression-sexuelle,2026-04-10T16:08:25.151Z,2026-09-16T09:08:06.094Z,PENAL
AF-000311,andre-santini-harcelement-agression-sexuelle-2024,Enquête visant André Santini pour harcèlement sexuel et agression sexuelle,PG-001383,andre-santini,André Santini,UDI,Union des démocrates et indépendants,Centre droit,UDI,Union des démocrates et indépendants,Instruction en cours,INSTRUCTION,Harcèlement sexuel,HARCELEMENT_SEXUEL,Critique,CRITIQUE,Mis en cause,DIRECT,non,,2024-10-01,,,,,,,,non,,,,,"André Santini fait l'objet d'une enquête judiciaire ouverte en octobre 2024 pour des faits présumés de harcèlement moral, harcèlement sexuel et agression sexuelle. Des enregistrements évoquant des comportements coercitifs ont été rendus publics. André Santini bénéficie de la présomption d'innocence.",1,https://bonpote.com/municipales-2026-candidats-vss-violences-sexuelle/,Municipales 2026 : candidats VSS réélus,https://poligraph.fr/affaires/andre-santini-harcelement-agression-sexuelle-2024,2026-04-10T16:08:24.984Z,2026-04-10T16:12:34.421Z,PENAL
AF-000310,louis-aliot-assistants-parlementaires-fn-2025,Condamnation de Louis Aliot dans l'affaire des assistants parlementaires du FN,PG-001807,louis-aliot,Louis Aliot,RN,Rassemblement National,Extrême droite,RN,Rassemblement National,"Condamnation non définitive, pourvoi en cassation en cours",POURVOI_EN_CASSATION,Détournement de fonds publics,DETOURNEMENT_FONDS_PUBLICS,Critique,CRITIQUE,Mis en cause,DIRECT,oui,2004-01-01,2015-01-01,2026-07-07,5000,12,0,24,0,,non,"Un an de prison avec sursis, 5 000 € d'amende, deux ans d'inéligibilité avec sursis","En appel (cour d'appel de Paris, 7 juillet 2026) : 1 an de prison avec sursis, 5 000 € d'amende et 2 ans d'inéligibilité avec sursis ; l'inéligibilité étant assortie du sursis, Louis Aliot conserve sa mairie de Perpignan. En première instance (31 mars 2025) : 18 mois de prison (dont 12 avec sursis) et 3 ans d'inéligibilité. Louis Aliot s'est pourvu en cassation, comme les dix autres condamnés ; le parquet général y a renoncé. La décision n'est pas définitive.",Cour d'appel de Paris,,"Louis Aliot est condamné en première instance dans l'affaire des assistants parlementaires du Front national. Il est reconnu coupable de détournement de fonds publics pour avoir participé, entre 2004 et 2016, à un système de rémunération de collaborateurs du FN avec des fonds du Parlement européen, pour un préjudice estimé à 4,5 millions d'euros. Il est condamné à dix-huit mois de prison dont douze avec sursis et trois ans d'inéligibilité. Louis Aliot a fait appel de cette décision. Le 7 juillet 2026, la cour d'appel de Paris a confirmé sa culpabilité pour détournement de fonds publics et l'a condamné à un an de prison avec sursis, 5 000 euros d'amende et deux ans d'inéligibilité avec sursis. L'inéligibilité étant assortie du sursis, Louis Aliot conserve son mandat de maire de Perpignan et la présidence de Perpignan Méditerranée Métropole. Les onze condamnés se sont pourvus en cassation, le parquet général y a renoncé : la décision n'est pas définitive.",7,https://www.publicsenat.fr/actualites/politique/proces-du-rn-louis-aliot-bien-que-condamne-a-3-ans-dineligibilite-conserve-sa-mairie-de-perpignan,"Procès du RN : Louis Aliot, bien que condamné à 3 ans d'inéligibilité, conserve sa mairie de Perpignan",https://poligraph.fr/affaires/louis-aliot-assistants-parlementaires-fn-2025,2026-04-10T16:08:24.791Z,2026-08-23T10:16:47.300Z,PENAL
AF-000309,damien-abad-tentative-viol-2024,Mise en examen de Damien Abad pour tentative de viol,PG-001708,damien-abad,Damien Abad,,,,,,Mise en examen,MISE_EN_EXAMEN,Agression sexuelle,AGRESSION_SEXUELLE,Critique,CRITIQUE,Mis en cause,DIRECT,non,2010-01-01,2022-05-21,,,,,,,,non,,,,,"Damien Abad est mis en examen le 16 mai 2024 pour tentative de viol sur une élue centriste en 2010. Deux autres femmes l'accusent de viols commis en 2010 et 2011, pour lesquels il est placé sous le statut de témoin assisté. L'enquête fait suite aux révélations de Mediapart publiées le jour de sa nomination comme ministre des Solidarités en mai 2022. Son immunité parlementaire est levée en mai 2023. Damien Abad conteste l'ensemble des accusations portées contre lui. Il bénéficie de la présomption d'innocence.",2,https://www.franceinfo.fr/societe/justice/l-ex-ministre-damien-abad-mis-en-examen-pour-tentative-de-viol-confirme-le-parquet-de-paris-a-franceinfo_6548594.html,L'ex-ministre Damien Abad mis en examen pour tentative de viol,https://poligraph.fr/affaires/damien-abad-tentative-viol-2024,2026-04-10T16:08:24.580Z,2026-04-10T16:11:15.713Z,PENAL
AF-000305,rima-hassan-plainte-pour-violation-du-secret-de-l-enquete,Plainte pour violation du secret de l'enquête,PG-001014,rima-hassan,Rima Hassan,LFI,La France insoumise,Extrême gauche,LFI,La France insoumise,Enquête préliminaire,ENQUETE_PRELIMINAIRE,Autre,AUTRE,Significatif,SIGNIFICATIF,Plaignant,PLAINTIFF,non,2026-04-02,,,,,,,,,non,,,Parquet de Paris,,Rima Hassan a déposé plainte pour violation du secret de l'enquête après des fuites dans la presse concernant des éléments de sa garde à vue pour apologie du terrorisme. Son avocat dénonce des violations répétées et des fuites organisées pour nuire à sa réputation.,3,https://www.franceinfo.fr/societe/harcelement/info-franceinfo-l-eurodeputee-lfi-rima-hassan-a-porte-plainte-pour-cyberharcelement-contre-le-journaliste-jean-quatremer_8128661.html#xtor=RSS-3-%5Bgeneral%5D,INFO FRANCEINFO. L'eurodéputée LFI Rima Hassan a porté plainte pour cyberharcèlement contre le journaliste Jean Quatremer,https://poligraph.fr/affaires/rima-hassan-plainte-pour-violation-du-secret-de-l-enquete,2026-04-08T19:07:00.216Z,2026-08-02T20:11:07.253Z,PENAL
AF-000302,rima-hassan-detention-stupefiants-3mmc-cbd-garde-a-vue,Détention de stupéfiants (3-MMC) découverte lors de la garde à vue,PG-001014,rima-hassan,Rima Hassan,LFI,La France insoumise,Extrême gauche,LFI,La France insoumise,Classement sans suite,CLASSEMENT_SANS_SUITE,Autre,AUTRE,Significatif,SIGNIFICATIF,Mis en cause,DIRECT,non,2026-04-02,,,,,,,,,non,,,,,"Lors de la fouille des effets personnels de Rima Hassan pendant sa garde à vue du 2 avril 2026, les enquêteurs découvrent des substances s'apparentant à du CBD et de la 3-MMC (drogue de synthèse). La garde à vue est étendue aux chefs de « transport », « détention » et « usage de stupéfiants ». Rima Hassan déclare avoir acheté du CBD à Bruxelles et que la drogue de synthèse se trouvait là « à son insu ». Le parquet indique que ces éléments feront l'objet d'une procédure séparée. Des analyses sont en cours.",3,https://www.franceinfo.fr/politique/la-france-insoumise/la-garde-a-vue-de-rima-hassan-levee-l-eurodeputee-lfi-convoquee-le-7-juillet-pour-etre-jugee-pour-apologie-de-terrorisme_7911794.html#xtor=RSS-3-%5Bgeneral%5D,"La garde à vue de Rima Hassan levée, l'eurodéputée LFI convoquée le 7 juillet pour être jugée pour ""apologie de terrorisme""",https://poligraph.fr/affaires/rima-hassan-detention-stupefiants-3mmc-cbd-garde-a-vue,2026-04-03T05:07:13.231Z,2026-07-24T07:04:49.352Z,PENAL
AF-000301,rima-hassan-garde-a-vue-apologie-terrorisme-tweet-okamoto,Apologie du terrorisme pour un tweet citant Kōzō Okamoto,PG-001014,rima-hassan,Rima Hassan,LFI,La France insoumise,Extrême gauche,LFI,La France insoumise,Renvoi devant le tribunal,RENVOI_TRIBUNAL,Incitation à la haine,INCITATION_HAINE,Grave,GRAVE,Mis en cause,DIRECT,non,2026-03-26,2026-04-02,,,,,,,,non,,,,,"Le 26 mars 2026, Rima Hassan publie sur X un message avec des drapeaux japonais et palestinien, citant Kōzō Okamoto, membre de l'Armée rouge japonaise auteur de l'attentat de l'aéroport de Lod en 1972. L'Observatoire juif de France dépose plainte. Le pôle national de lutte contre la haine en ligne (PNLH) ouvre une enquête le 27 mars. Le 2 avril, elle est placée en garde à vue puis libérée dans la soirée. Elle est convoquée devant le tribunal correctionnel le 7 juillet 2026. Son avocat Me Vincent Brengarth dénonce une procédure « parfaitement illégale » et annonce une demande de nullité.",8,https://www.lemonde.fr/politique/article/2026/04/02/l-eurodeputee-lfi-rima-hassan-en-garde-a-vue_6676157_823448.html,"Rima Hassan, eurodéputée LFI, en garde à vue ; son entourage dénonce « un nouveau cap franchi dans le harcèlement judiciaire »",https://poligraph.fr/affaires/rima-hassan-garde-a-vue-apologie-terrorisme-tweet-okamoto,2026-04-02T19:08:05.728Z,2026-07-24T07:04:49.331Z,PENAL
AF-000299,emploi-fictif-assistant-parlementaire-yann-bompard,Emploi fictif d'assistant parlementaire,PG-034080,yann-bompard,Yann Bompard,LS,Ligue du Sud,,LS,Ligue du Sud,Appel en cours,APPEL_EN_COURS,Emploi fictif,EMPLOI_FICTIF,Grave,GRAVE,Mis en cause,DIRECT,non,2022-11-01,,2026-01-26,,18,0,,,,non,,,,,"Yann Bompard est condamné pour avoir occupé un emploi fictif d'assistant parlementaire de la députée Marie-France Lorho entre novembre 2022 et février 2023. L'Assemblée nationale, partie civile, estime son préjudice à environ 75 000 euros. Le tribunal correctionnel de Marseille le condamne le 26 janvier 2026 à cinq ans d'inéligibilité avec exécution provisoire et dix-huit mois de prison avec sursis. L'inéligibilité entraîne la perte immédiate de son mandat de maire d'Orange. Yann Bompard et sa co-accusée Marie-France Lorho font appel de la décision.",3,https://www.francebleu.fr/infos/faits-divers-justice/le-maire-d-orange-condamne-a-cinq-ans-d-ineligibilite-pour-detournement-de-fonds-publics-1357827,Le maire d'Orange Yann Bompard et la députée RN de Vaucluse Marie-France Lorho condamnés à cinq ans d'inéligibilité,https://poligraph.fr/affaires/emploi-fictif-assistant-parlementaire-yann-bompard,2026-03-16T10:01:17.474Z,2026-07-31T16:31:26.768Z,PENAL
AF-000298,martine-vassal-enquete-detournement-fonds-publics-corruption-cd13,"Enquete pour detournement de fonds publics, corruption et trafic d'influence au conseil departemental des Bouches-du-Rhone",PG-036417,martine-vassal,Martine Vassal,LR,Les Républicains,Droite,LR,Les Républicains,Enquête préliminaire,ENQUETE_PRELIMINAIRE,Détournement de fonds publics,DETOURNEMENT_FONDS_PUBLICS,Grave,GRAVE,Mentionné,MENTIONED_ONLY,non,2025-08-26,,,,,,,,,non,,,,,"Deux enquetes preliminaires ouvertes par le parquet de Marseille en aout 2025 apres un signalement d'Erwan Davoux, ancien directeur des relations internationales du conseil departemental des Bouches-du-Rhone (2022-2025). Les faits presumes portent sur des detournements de fonds publics, de la corruption et du trafic d'influence au sein du departement preside par Martine Vassal depuis 2015. Des perquisitions ont ete menees en septembre 2025 au conseil departemental, a la metropole Aix-Marseille-Provence et aux domiciles de Martine Vassal et de son directeur de cabinet Marc Jolibois. Le conseil departemental a depose une plainte en retour contre Erwan Davoux pour chantage.",1,https://marsactu.fr/la-justice-ouvre-une-enquete-preliminaire-apres-un-signalement-visant-martine-vassal/,La justice ouvre une enquete preliminaire apres un signalement visant Martine Vassal,https://poligraph.fr/affaires/martine-vassal-enquete-detournement-fonds-publics-corruption-cd13,2026-03-15T23:10:10.896Z,2026-03-15T23:10:10.896Z,PENAL
AF-000297,francois-grosdidier-detournement-fonds-publics-remuneration-woippy,Detournement de fonds publics pour remuneration irreguliere a Woippy,PG-001752,francois-grosdidier,François Grosdidier,LR,Les Républicains,Droite,,,Renvoi devant le tribunal,RENVOI_TRIBUNAL,Détournement de fonds publics,DETOURNEMENT_FONDS_PUBLICS,Significatif,SIGNIFICATIF,Mis en cause,DIRECT,oui,2010-01-01,2024-01-01,,,,,,,,non,,,,,"Alors qu'il etait maire de Woippy (2001-2017), Francois Grosdidier aurait gonfle les chiffres de population officielle de la commune pour justifier des budgets de personnel plus eleves, permettant la remuneration irreguliere de collaborateurs. Le montant estime des remunerations irregulieres s'eleve a environ 569 000 euros. En 2024, le juge d'instruction a prononce un non-lieu partiel, mais la chambre de l'instruction de la cour d'appel de Paris, saisie par Anticor, a infirme partiellement cette decision : le non-lieu pour favoritisme a ete confirme, mais le renvoi devant le tribunal correctionnel pour detournement de fonds publics a ete ordonne. Grosdidier a forme un pourvoi en cassation, suspendant la procedure dans l'attente de la decision de la Cour de cassation.",1,https://www.francebleu.fr/grand-est/moselle-57/metz/le-maire-de-metz-francois-grosdidier-renvoye-devant-la-justice-pour-detournement-de-fonds-publics-1834575,Le maire de Metz Francois Grosdidier renvoye devant la justice pour detournement de fonds publics,https://poligraph.fr/affaires/francois-grosdidier-detournement-fonds-publics-remuneration-woippy,2026-03-12T16:59:21.098Z,2026-03-12T22:06:36.257Z,PENAL
AF-000296,nicolas-sansu-plainte-harcelement-decembre-2025,Plainte pour harcelement deposee par une ancienne relation,PG-000046,nicolas-sansu,Nicolas Sansu,PCF,Parti communiste français,Extrême gauche,PCF,Parti communiste français,Enquête préliminaire,ENQUETE_PRELIMINAIRE,Harcèlement moral,HARCELEMENT_MORAL,Significatif,SIGNIFICATIF,Mis en cause,DIRECT,non,2025-12-22,2025-12-23,,,,,,,,non,,,,,"Le 22 decembre 2025, une ancienne relation de Nicolas Sansu a depose plainte pour harcelement aupres du parquet de Bourges. Selon la plaignante, le depute se serait presente en etat d'ebriete a ce qu'il pensait etre son domicile (mauvaise adresse), aurait crie et jete un chargeur de telephone contre la fenetre. La plaignante affirme que le harcelement dure depuis plusieurs annees. Le PCF du Cher a suspendu ses droits de parti et lui a demande de se mettre en retrait de toutes ses responsabilites. Sansu conteste les faits, parlant d'une 'mauvaise histoire d'amour'. Une enquete a ete ouverte par le parquet de Bourges.",1,https://www.francebleu.fr/infos/faits-divers-justice/cher-le-depute-nicolas-sansu-vise-par-une-plainte-pour-harcelement-par-une-ancienne-relation-8663588,Cher : le depute Nicolas Sansu vise par une plainte pour harcelement par une ancienne relation,https://poligraph.fr/affaires/nicolas-sansu-plainte-harcelement-decembre-2025,2026-03-12T16:12:42.702Z,2026-03-12T22:06:11.490Z,PENAL
AF-000295,valerie-boyer-diffamation-farida-benaouda-mosquee-bleuets-marseille,Poursuites pour diffamation envers Farida Benaouda (mosquee des Bleuets),PG-000807,valerie-boyer,Valérie Boyer,LR,Les Républicains,Droite,LR,Les Républicains,Procès en cours,PROCES_EN_COURS,Diffamation,DIFFAMATION,Significatif,SIGNIFICATIF,Mis en cause,DIRECT,non,2024-06-01,2024-11-01,,,,,,,,non,,,,,"Valerie Boyer, ainsi que les conseillers municipaux Catherine Pila et Pierre Robin, ont ete cites a comparaitre devant le tribunal correctionnel de Marseille pour diffamation publique envers Farida Benaouda, elue du Printemps marseillais. Les propos vises ont ete tenus sur X (ex-Twitter) et dans La Provence, concernant la mosquee des Bleuets dans le 13e arrondissement de Marseille. Une premiere audience a eu lieu fin 2024, suivie d'un renvoi. L'audience est fixee au 2 septembre 2025.",1,https://marsactu.fr/bref/valerie-boyer-catherine-pila-et-pierre-robin-juges-en-septembre-2025-pour-diffamation/,"Valerie Boyer, Catherine Pila et Pierre Robin juges en septembre 2025 pour diffamation",https://poligraph.fr/affaires/valerie-boyer-diffamation-farida-benaouda-mosquee-bleuets-marseille,2026-03-12T15:22:40.489Z,2026-03-12T22:05:41.324Z,PENAL
AF-000294,christine-engrand-delit-de-fuite-guines-septembre-2025,Enquete pour delit de fuite apres un accident a Guines,PG-000331,christine-engrand,Christine Engrand,,,,NI,Non-inscrits,Enquête préliminaire,ENQUETE_PRELIMINAIRE,Autre,AUTRE,Significatif,SIGNIFICATIF,Mis en cause,DIRECT,non,2025-09-22,2025-09-23,,,,,,,,non,,,,,"Le 22 septembre 2025, une Volkswagen Beetle blanche appartenant a Christine Engrand a percute un vehicule en stationnement a Guines (Pas-de-Calais), a quelques centaines de metres de son bureau parlementaire, puis a quitte les lieux sans s'arreter. Une plainte a ete deposee le lendemain et l'enquete a ete confiee a l'Unite de police judiciaire de Calais. Le dossier est en cours d'instruction au parquet de Boulogne-sur-Mer. Fait aggravant : le tribunal de Boulogne avait juge en mai 2025 qu'Engrand n'avait pas de permis de conduire valide depuis 2009.",1,https://www.mediacites.fr/enquete/lille/2026/03/09/la-deputee-ex-rn-christine-engrand-impliquee-dans-un-delit-de-fuite/,La deputee (ex-RN) Christine Engrand impliquee dans un delit de fuite,https://poligraph.fr/affaires/christine-engrand-delit-de-fuite-guines-septembre-2025,2026-03-12T14:21:57.423Z,2026-07-24T07:04:49.289Z,PENAL
AF-000293,aurelien-tache-plainte-prefet-diffamation-police-tue,Plainte du prefet du Val-d'Oise pour diffamation envers les forces de l'ordre,PG-000157,aurelien-tache,Aurélien Taché,LFI,La France insoumise,Extrême gauche,LFI,La France insoumise,Enquête préliminaire,ENQUETE_PRELIMINAIRE,Diffamation,DIFFAMATION,Significatif,SIGNIFICATIF,Mis en cause,DIRECT,non,2025-08-01,2025-08-20,,,,,,,,non,,,,,"En aout 2025, le prefet du Val-d'Oise a depose plainte pour diffamation contre Aurelien Tache. Le depute avait ecrit sur X que ""la police tue partout"" en reference a la mort de Gabriel Bee, tue par un gendarme dans la nuit du 20-21 mai 2025 a Auge (Val-d'Oise).",1,https://www.franceinfo.fr/faits-divers/police/violences-policieres/le-prefet-du-val-d-oise-porte-plainte-contre-le-depute-lfi-aurelien-tache-apres-ses-propos-concernant-la-police_7444615.html,Le prefet du Val-d Oise porte plainte contre le depute LFI Aurelien Tache apres ses propos concernant la police,https://poligraph.fr/affaires/aurelien-tache-plainte-prefet-diffamation-police-tue,2026-03-12T11:10:00.138Z,2026-03-12T21:55:48.770Z,PENAL
AF-000292,sebastien-delogu-convocation-police-propos-adama-traore,Convocation policiere pour propos sur la mort d'Adama Traore,PG-000249,sebastien-delogu,Sébastien Delogu,LFI,La France insoumise,Extrême gauche,LFI,La France insoumise,Enquête préliminaire,ENQUETE_PRELIMINAIRE,Diffamation,DIFFAMATION,Significatif,SIGNIFICATIF,Mis en cause,DIRECT,non,2026-03-01,2026-03-05,,,,,,,,non,,,,,"En mars 2026, Sebastien Delogu est convoque par la police a Marseille apres une plainte du prefet de region. Le depute avait declare lors d'une reunion de campagne municipale que ""la police tue partout"", en reference a la mort d'Adama Traore. Le prefet a depose plainte pour diffamation envers les forces de l'ordre.",1,https://www.lejdd.fr/politique/propos-sur-la-mort-dadama-traore-sebastien-delogu-convoque-par-la-police-a-marseille-168195,Propos sur la mort d'Adama Traore : Sebastien Delogu convoque par la police a Marseille,https://poligraph.fr/affaires/sebastien-delogu-convocation-police-propos-adama-traore,2026-03-12T11:09:59.968Z,2026-03-12T21:52:13.959Z,PENAL
AF-000291,pascal-markowsky-enquete-banqueroute-liquidation-mpc,Enquete pour banqueroute apres la liquidation judiciaire de MPC,PG-000462,pascal-markowsky,Pascal Markowsky,RN,Rassemblement National,Extrême droite,RN,Rassemblement National,Enquête préliminaire,ENQUETE_PRELIMINAIRE,Abus de biens sociaux,ABUS_BIENS_SOCIAUX,Significatif,SIGNIFICATIF,Mis en cause,DIRECT,non,2025-05-27,2025-06-01,,,,,,,,non,,,,,"La societe MPC (Media Publicite Conseil), entreprise d'imprimerie et de signaletique de Pascal Markowsky, a ete placee en liquidation judiciaire le 27 mai 2025 par le tribunal de commerce de La Rochelle. Le parquet de La Rochelle a ouvert une enquete pour banqueroute. Cette affaire est distincte des commandes d'imprimerie surfacturees, et porte specifiquement sur les conditions de la faillite de l'entreprise.",1,https://lesjours.fr/obsessions/rn-derniere-marche-2/ep2-pascal-markowsky-banqueroute/,Les affaires du depute RN Pascal Markowsky dans le viseur de la justice,https://poligraph.fr/affaires/pascal-markowsky-enquete-banqueroute-liquidation-mpc,2026-03-12T11:09:59.770Z,2026-03-12T21:51:35.908Z,PENAL
AF-000290,marine-tondelier-relaxe-diffamation-viticulteurs-narbonne,Relaxe pour diffamation envers des viticulteurs de l'Aude,PG-001741,marine-tondelier,Marine Tondelier,EELV,Les Écologistes – Europe Écologie Les Verts,Gauche,EELV,Les Écologistes – Europe Écologie Les Verts,Relaxe,RELAXE,Diffamation,DIFFAMATION,Significatif,SIGNIFICATIF,Mis en cause,DIRECT,non,2024-06-01,,2024-10-25,,,,,,,non,,,,,"Des viticulteurs de l'Aude ont depose plainte pour diffamation contre Marine Tondelier a la suite de propos tenus lors d'une visite avec Sandrine Rousseau. Le tribunal correctionnel de Narbonne l'a relaxee le 25 octobre 2024, estimant qu'il n'y avait pas d'intention diffamatoire.",1,https://www.centpourcent.com/justice-marine-tondelier-relaxee-par-le-tribunal-de-narbonne-dans-une-affaire-de-diffamation,Marine Tondelier relaxee par le tribunal de Narbonne dans une affaire de diffamation,https://poligraph.fr/affaires/marine-tondelier-relaxe-diffamation-viticulteurs-narbonne,2026-03-12T11:02:18.442Z,2026-03-12T21:50:59.448Z,PENAL
AF-000289,rima-hassan-enquete-apologie-terrorisme-declarations-hamas,Apologie du terrorisme et provocation publique (enquêtes 2024-2025),PG-001014,rima-hassan,Rima Hassan,LFI,La France insoumise,Extrême gauche,LFI,La France insoumise,Renvoi devant le tribunal,RENVOI_TRIBUNAL,Autre,AUTRE,Grave,GRAVE,Mis en cause,DIRECT,non,2024-02-01,2024-02-15,,,,,,,,non,,,,,"Depuis 2024, Rima Hassan fait l'objet d'enquêtes préliminaires pour apologie du terrorisme après plusieurs publications sur les réseaux sociaux. En avril 2025, elle est entendue en audition libre par la BRDP. Le 3 avril 2026, elle est de nouveau convoquée en audition libre pour deux faits distincts : (1) une story Instagram du 20 octobre 2025 commentée « One by one » accompagnant un article sur le Hamas, et (2) le repost le 8 mars 2025 d'une photo d'un tag « Dissoudre Nemesis à l'acide ». Elle est convoquée devant le tribunal correctionnel le 16 septembre 2026 pour ces deux chefs.",1,https://www.franceinfo.fr/faits-divers/justice-proces/rima-hassan-a-ete-entendue-en-audition-libre-par-la-police-dans-le-cadre-d-enquetes-pour-apologie-du-terrorisme_7195290.html,Rima Hassan entendue en audition libre dans le cadre d'enquetes pour apologie du terrorisme,https://poligraph.fr/affaires/rima-hassan-enquete-apologie-terrorisme-declarations-hamas,2026-03-12T10:20:29.812Z,2026-04-05T19:13:28.877Z,PENAL
AF-000288,rima-hassan-relaxe-injure-publique-anne-pernelle-richardot,Relaxe pour injure publique envers Anne-Pernelle Richardot,PG-001014,rima-hassan,Rima Hassan,LFI,La France insoumise,Extrême gauche,LFI,La France insoumise,Relaxe,RELAXE,Diffamation,DIFFAMATION,Significatif,SIGNIFICATIF,Mis en cause,DIRECT,non,2024-11-01,,2026-03-04,,,,,,,non,,,,,"En novembre 2024, Rima Hassan a qualifie la conseillere municipale PS de Strasbourg Anne-Pernelle Richardot d'""islamophobe assumee"" sur le reseau social X, apres que cette derniere a soutenu l'interdiction d'une conference sur la Palestine a l'Universite de Strasbourg. Poursuivie pour injure publique, Rima Hassan a ete relaxee le 4 mars 2026 par le tribunal correctionnel de Strasbourg, qui a juge que les propos s'inscrivaient dans un debat public entre deux elues sans depasser les limites de la liberte d'expression.",1,https://france3-regions.franceinfo.fr/grand-est/bas-rhin/strasbourg-0/accusee-d-injure-publique-par-une-elue-socialiste-l-eurodeputee-lfi-rima-hassan-relaxee-par-le-tribunal-3309102.html,"Accusee d'injure publique, l'eurodepute LFI Rima Hassan relaxee par le tribunal",https://poligraph.fr/affaires/rima-hassan-relaxe-injure-publique-anne-pernelle-richardot,2026-03-12T10:20:29.653Z,2026-03-12T20:20:02.844Z,PENAL
AF-000286,jordan-bardella-plainte-detournement-fonds-publics-media-training,Plainte pour detournement de fonds publics lies a des prestations de media training,PG-001072,jordan-bardella,Jordan Bardella,RN,Rassemblement National,Extrême droite,RN,Rassemblement National,Enquête préliminaire,ENQUETE_PRELIMINAIRE,Détournement de fonds publics,DETOURNEMENT_FONDS_PUBLICS,Critique,CRITIQUE,Mis en cause,DIRECT,oui,2023-01-01,2024-06-01,,,,,,,,non,,,,,"En 2024, une plainte a ete deposee contre Jordan Bardella pour detournement de fonds publics. L'affaire porte sur l'utilisation de fonds parlementaires europeens pour financer des prestations de media training et de communication personnelle, en dehors du cadre de son mandat de depute europeen. L'enquete preliminaire est en cours pour determiner si ces depenses etaient liees a l'activite parlementaire ou a la promotion personnelle du president du Rassemblement national.",2,https://www.franceinfo.fr/politique/front-national/une-plainte-deposee-pour-detournement-de-fonds-publics-autour-d-une-formation-de-media-training-au-rn-financee-par-le-parlement-europeen_7659658.html,Une plainte deposee pour detournement de fonds publics autour d une formation de media training au RN financee par le Parlement europeen,https://poligraph.fr/affaires/jordan-bardella-plainte-detournement-fonds-publics-media-training,2026-03-12T09:20:01.251Z,2026-07-27T09:26:38.512Z,PENAL
AF-000285,emmanuel-macron-affaire-mckinsey-information-judiciaire-comptes-de-campagne,Information judiciaire sur les comptes de campagne 2017 et le recours aux cabinets de conseil,PG-001085,emmanuel-macron,Emmanuel Macron,RE,Renaissance,Centre,RE,Renaissance,Instruction en cours,INSTRUCTION,Financement illégal de campagne,FINANCEMENT_ILLEGAL_CAMPAGNE,Critique,CRITIQUE,Mis en cause,DIRECT,oui,2015-01-01,2022-11-24,,,,,,,,non,,,,,"L'affaire est partie d'une commission d'enquête parlementaire qui a qualifié, en 2022, de « phénomène tentaculaire » les missions confiées aux cabinets privés par l'État depuis 2017. Le parquet national financier a d'abord ouvert, le 31 mars 2022, une enquête préliminaire pour blanchiment aggravé de fraude fiscale aggravée visant McKinsey, sur un possible montage fiscal des entités françaises qui leur aurait permis de ne verser aucun impôt sur les sociétés entre 2011 et 2020. Six mois plus tard, le parquet national financier a ouvert deux informations judiciaires, annoncées le 24 novembre 2022 : l'une pour tenue non conforme de comptes de campagne, portant sur les conditions d'intervention de cabinets de conseil dans les campagnes électorales de 2017 et 2022 d'Emmanuel Macron et élargie depuis aux années 2015 et 2016, l'autre pour favoritisme. Dans ce cadre, des perquisitions ont eu lieu fin 2022 au domicile de dirigeants et anciens dirigeants de McKinsey, au ministère de la Santé, au siège parisien du cabinet ainsi qu'aux sièges de Renaissance et de son association de financement. Une nouvelle perquisition a eu lieu chez McKinsey le 6 novembre 2025, dans l'information judiciaire suivie par le juge d'instruction parisien Serge Tournaire. Aucune mise en examen n'a été prononcée à ce stade et Emmanuel Macron bénéficie de l'immunité présidentielle pendant la durée de son mandat.",4,https://www.liberation.fr/societe/police-justice/le-cabinet-mckinsey-de-nouveau-perquisitionne-dans-lenquete-sur-ses-liens-avec-emmanuel-macron-20251117_HXCNKGNFE5CO3JCRAJSJLLJSBM/,Le cabinet McKinsey de nouveau perquisitionné dans l'enquête sur ses liens avec Emmanuel Macron,https://poligraph.fr/affaires/emmanuel-macron-affaire-mckinsey-information-judiciaire-comptes-de-campagne,2026-03-12T09:18:19.769Z,2026-08-06T15:26:08.311Z,PENAL
AF-000284,franck-allisio-centenaires-decedes-sur-les-listes-electorales-a-marseille,Affaire des centenaires décédés sur les listes électorales à Marseille,PG-000246,franck-allisio,Franck Allisio,RN,Rassemblement National,Extrême droite,RN,Rassemblement National,Enquête préliminaire,ENQUETE_PRELIMINAIRE,Autre,AUTRE,Significatif,SIGNIFICATIF,Plaignant,PLAINTIFF,non,,,,,,,,,,non,,,,,"Franck Allisio, candidat RN aux municipales 2026 à Marseille, a effectué un signalement au titre de l'article 40 au procureur de la République concernant la présence de 785 électeurs âgés de 100 ans ou plus sur les listes électorales marseillaises. Il dénonce des anomalies démographiques et des risques de fraude électorale, notamment la présence d'une femme née en 1905 sur les listes électorales. Précision : la démarche relève d'un signalement au procureur (article 40 du code de procédure pénale) et d'une saisine du préfet. L'INSEE a indiqué, pour les cas vérifiés, que les décès étaient enregistrés et les radiations effectuées.",1,https://www.ladepeche.fr/2026/03/11/municipales-2026-a-marseille-des-centenaires-decedes-sur-les-listes-electorales-pourquoi-des-soupcons-de-fraude-pesent-sur-la-cite-phoceenne-13266666.php,Municipales 2026 à Marseille : des centenaires décédés sur les listes électorales ? Pourquoi des soupçons de fraude pèsent sur la Cité Phocéenne,https://poligraph.fr/affaires/franck-allisio-centenaires-decedes-sur-les-listes-electorales-a-marseille,2026-03-12T05:05:45.839Z,2026-07-24T07:04:48.727Z,PENAL
AF-000283,jacques-kossowski-detournement-de-suffrage-a-courbevoie,Enquête sur des procurations contestées en maison de retraite à Courbevoie,PG-001830,jacques-kossowski,Jacques Kossowski,LR,Les Républicains,Droite,LR,Les Républicains,Enquête préliminaire,ENQUETE_PRELIMINAIRE,Autre,AUTRE,Critique,CRITIQUE,Témoin/Secondaire,INDIRECT,oui,2026-03-07,2026-03-01,,,,,,,,non,,,Parquet de Nanterre,,"Une enquête préliminaire a été ouverte par le parquet de Nanterre en mars 2026, après une plainte de la candidate d'opposition Aurélie Taquillain déposée contre X et visant l'entourage du maire de Courbevoie Jacques Kossowski, pour détournement de suffrage et abus de faiblesse. Selon des témoignages recueillis par Mediapart et Le Parisien, des procurations auraient été sollicitées auprès de résidents d'une résidence seniors en faveur de la liste du maire. Les personnes nommément citées sont le directeur de la résidence et une colistière du maire ; Jacques Kossowski n'est pas personnellement mis en cause. Le maire a déposé une contre-plainte pour dénonciation calomnieuse. Il a été réélu au second tour le 22 mars 2026.",2,https://www.defense-92.fr/elections/municipales-2026-une-enquete-preliminaire-ouverte-apres-une-plainte-deposee-pour-detournement-de-suffrage-visant-lentourage-du-maire-de-courbevoie-86786,Une enquête préliminaire ouverte après une plainte pour détournement de suffrage visant l'entourage du maire de Courbevoie,https://poligraph.fr/affaires/jacques-kossowski-detournement-de-suffrage-a-courbevoie,2026-03-11T19:09:29.199Z,2026-07-24T07:04:49.223Z,PENAL
AF-000282,soupcons-emploi-fictif-ministere-economie-2014-2021,Soupcons d'emploi fictif au ministere de l'Economie entre 2014 et 2021,PG-001786,jean-luc-moudenc,Jean Luc Moudenc,LR,Les Républicains,Droite,,,Enquête préliminaire,ENQUETE_PRELIMINAIRE,Emploi fictif,EMPLOI_FICTIF,Significatif,SIGNIFICATIF,Mis en cause,DIRECT,non,2014-01-01,2025-01-17,,,,,,,,non,,,,,"L'association Anticor a depose le 17 janvier 2025 une plainte avec constitution de partie civile aupres du doyen des juges d'instruction du tribunal judiciaire de Paris. La plainte vise des faits de detournement de fonds, complicite et recel de detournement de fonds. Selon Anticor, Jean-Luc Moudenc a occupe un poste de haut fonctionnaire au ministere de l'Economie entre 2014 et 2021, tout en exercant ses fonctions de maire de Toulouse et de president de Toulouse Metropole, et aurait percu 514 260 euros pour un travail qualifie d'""inexistant"". Deux signalements anterieurs sur les memes faits (a la HATVP et au parquet de Toulouse) avaient ete classes sans suite, Moudenc ayant demontre avoir accompli les formalites requises. Jean-Luc Moudenc qualifie ces accusations d'""attaque politique"" recurrente.",3,https://france3-regions.franceinfo.fr/occitanie/haute-garonne/toulouse/le-maire-de-toulouse-vise-par-une-plainte-contre-x-pour-soupcons-d-emploi-fictif-par-une-association-de-lutte-contre-la-corruption-3096283.html,Le maire de Toulouse vise par une plainte contre X pour soupcons d'emploi fictif,https://poligraph.fr/affaires/soupcons-emploi-fictif-ministere-economie-2014-2021,2026-03-11T18:11:57.687Z,2026-03-11T18:11:57.687Z,PENAL
AF-000281,soupcons-detournement-fonds-publics-campagne-municipale-2020,Soupcons de détournement de fonds publics lors de la campagne municipale 2020,PG-001786,jean-luc-moudenc,Jean Luc Moudenc,LR,Les Républicains,Droite,,,Enquête préliminaire,ENQUETE_PRELIMINAIRE,Détournement de fonds publics,DETOURNEMENT_FONDS_PUBLICS,Significatif,SIGNIFICATIF,Mis en cause,DIRECT,non,2019-09-01,2025-06-06,,,,,,,,non,,,,,"Une enquete preliminaire a ete ouverte par le parquet d'Auch en octobre 2025, a la suite d'une plainte de l'association Anticor deposee le 6 juin 2025. L'association accuse le maire de Toulouse d'avoir mobilise des fonctionnaires municipaux, dont son directeur de cabinet et son adjoint, pour travailler sur sa campagne de reelection 2020 pendant leurs heures de service. Les agents auraient utilise des pseudonymes et des adresses email non identifiables pour rediger des discours, preparer des elements de langage et elaborer des notes de campagne sur les ordinateurs de la mairie. Les directeurs de Tisseo (transports publics) et de l'agence d'urbanisme de Toulouse auraient egalement fourni du contenu exploite a des fins electorales. Cinq adjoints au maire sont nommes comme soupconnes de complicite. Une premiere enquete sur les memes faits avait ete classee sans suite en 2023. Jean-Luc Moudenc qualifie ces accusations d'""attaque politique"".",3,https://www.franceinfo.fr/societe/justice/la-plainte-d-anticor-pour-detournement-de-fonds-publics-contre-le-maire-de-toulouse-jean-luc-moudenc-sera-examinee-par-le-parquet-d-auch_7525606.html,La plainte d'Anticor pour detournement de fonds publics contre le maire de Toulouse sera examinee par le parquet d'Auch,https://poligraph.fr/affaires/soupcons-detournement-fonds-publics-campagne-municipale-2020,2026-03-11T18:11:57.496Z,2026-03-11T18:11:57.496Z,PENAL
AF-000280,sebastien-delogu-campagne-de-desinformation-et-diffamation-en-ligne-municipales-2026,Campagne de désinformation et diffamation en ligne - Municipales 2026,PG-000249,sebastien-delogu,Sébastien Delogu,LFI,La France insoumise,Extrême gauche,LFI,La France insoumise,Enquête préliminaire,ENQUETE_PRELIMINAIRE,Diffamation,DIFFAMATION,Significatif,SIGNIFICATIF,Victime,VICTIM,non,,,,,,,,,,non,,,Parquet de Marseille,,"Sébastien Delogu, député LFI et candidat aux municipales de Marseille, est victime d'une campagne de désinformation coordonnée. Un blog et des pages sur Facebook et X publient des accusations infondées de violences à son encontre. Des tracts avec QR codes ont été placardés dans la ville. Le parquet de Marseille a ouvert une enquête pour diffamation.",1,https://www.ladepeche.fr/2026/03/10/municipales-2026-faux-comptes-sites-anonymes-les-insoumis-francois-piquemal-et-sebastien-delogu-vise-par-une-operation-de-desinformation-13264425.php,"Municipales 2026 : faux comptes, sites anonymes… Les Insoumis François Piquemal et Sébastien Delogu visés par une opération de désinformation",https://poligraph.fr/affaires/sebastien-delogu-campagne-de-desinformation-et-diffamation-en-ligne-municipales-2026,2026-03-11T05:09:01.744Z,2026-06-07T16:11:51.483Z,PENAL
AF-000279,francois-piquemal-campagne-de-desinformation-et-diffamation-en-ligne-municipales-2026,Campagne de désinformation et diffamation en ligne - Municipales 2026,PG-000268,francois-piquemal,François Piquemal,LFI,La France insoumise,Extrême gauche,LFI,La France insoumise,Enquête préliminaire,ENQUETE_PRELIMINAIRE,Diffamation,DIFFAMATION,Significatif,SIGNIFICATIF,Victime,VICTIM,non,,,,,,,,,,non,,,,,"François Piquemal, député LFI et candidat aux municipales de Toulouse, est victime d'une campagne de désinformation orchestrée via un réseau de faux comptes et sites anonymes. Une page Facebook l'accuse notamment de faits pédocriminels sans fondement. Piquemal a déposé plainte et l'Anssi l'a alerté il y a un mois sur cette opération.",1,https://www.ladepeche.fr/2026/03/10/municipales-2026-faux-comptes-sites-anonymes-les-insoumis-francois-piquemal-et-sebastien-delogu-vise-par-une-operation-de-desinformation-13264425.php,"Municipales 2026 : faux comptes, sites anonymes… Les Insoumis François Piquemal et Sébastien Delogu visés par une opération de désinformation",https://poligraph.fr/affaires/francois-piquemal-campagne-de-desinformation-et-diffamation-en-ligne-municipales-2026,2026-03-11T05:09:01.007Z,2026-06-07T16:11:51.436Z,PENAL
AF-000278,francois-piquemal-menaces-de-mort-contre-francois-piquemal,Menaces de mort contre François Piquemal,PG-000268,francois-piquemal,François Piquemal,LFI,La France insoumise,Extrême gauche,LFI,La France insoumise,Enquête préliminaire,ENQUETE_PRELIMINAIRE,Menace,MENACE,Grave,GRAVE,Victime,VICTIM,non,2026-03-04,,,,,,,,,non,,,,,"Le candidat insoumis aux municipales 2026 à Toulouse a reçu des fleurs avec un message de condoléances lui souhaitant une mort violente, accompagné de références d'extrême droite. Ces menaces interviennent deux semaines après une attaque numérique ayant révélé ses données personnelles.",2,https://www.franceinfo.fr/elections/francois-piquemal-le-candidat-lfi-a-la-mairie-de-toulouse-va-deposer-plainte-pour-des-menaces-de-mort_7847147.html#xtor=RSS-3-%5Bgeneral%5D,"A Toulouse, François Piquemal, le candidat LFI aux municipales, va déposer plainte pour des menaces de mort",https://poligraph.fr/affaires/francois-piquemal-menaces-de-mort-contre-francois-piquemal,2026-03-06T05:33:00.663Z,2026-06-07T16:11:51.388Z,PENAL
AF-000277,stephane-le-rudulier-accusations-de-violences-volontaires-contre-stephane-le-rudulier,Accusations de violences volontaires contre Stéphane Le Rudulier,PG-000913,stephane-le-rudulier,Stéphane Le Rudulier,LR,Les Républicains,Droite,LR,Les Républicains,Enquête préliminaire,ENQUETE_PRELIMINAIRE,Violence,VIOLENCE,Significatif,SIGNIFICATIF,Mis en cause,DIRECT,non,,,,,,,,,,non,,,,,"Le sénateur LR Stéphane Le Rudulier est accusé par l'ancienne maire de Rognac de violences volontaires. Une plainte a été déposée par Sylvie Miceli-Houdais, qui relatait les coups qu'elle aurait subis. Certains fonctionnaires confirmeraient ce récit, tandis que l'élu dément les accusations.",1,https://www.lemonde.fr/societe/article/2026/03/06/le-senateur-lr-stephane-le-rudulier-accuse-de-violences-volontaires-par-l-ex-maire-de-rognac_6669706_3224.html,Le sénateur LR Stéphane Le Rudulier accusé de violences volontaires par l’ex-maire de Rognac,https://poligraph.fr/affaires/stephane-le-rudulier-accusations-de-violences-volontaires-contre-stephane-le-rudulier,2026-03-06T05:07:50.846Z,2026-06-07T16:11:51.743Z,PENAL
AF-000275,marine-tondelier-plainte-de-marine-tondelier-contre-steeve-briois-pour-injures-publiques,Plainte de Marine Tondelier contre Steeve Briois pour injures publiques,PG-001741,marine-tondelier,Marine Tondelier,EELV,Les Écologistes – Europe Écologie Les Verts,Gauche,EELV,Les Écologistes – Europe Écologie Les Verts,Enquête préliminaire,ENQUETE_PRELIMINAIRE,Injure,INJURE,Significatif,SIGNIFICATIF,Plaignant,PLAINTIFF,non,,,,,,,,,,non,,,,,"Marine Tondelier a porté plainte contre Steeve Briois, maire RN d'Hénin-Beaumont, pour injures publiques. Il s'agit d'une action en justice initiée par Tondelier à titre de plaignante.",1,https://www.liberation.fr/politique/marine-tondelier-porte-plainte-contre-steeve-briois-maire-rn-dhenin-beaumont-pour-injures-publiques-20260304_USL2MRTUIBFHXFPMJP6OFU35R4/,"Marine Tondelier porte plainte contre Steeve Briois, maire RN d’Hénin Beaumont, pour injures publiques",https://poligraph.fr/affaires/marine-tondelier-plainte-de-marine-tondelier-contre-steeve-briois-pour-injures-publiques,2026-03-05T05:39:49.708Z,2026-06-07T16:11:51.339Z,PENAL
AF-000274,jocelyn-dessigny-partage-de-contenus-supremacistes-et-antisemites-par-le-depute-dessigny,Partage de contenus suprémacistes et antisémites par le député Dessigny,PG-000222,jocelyn-dessigny,Jocelyn Dessigny,RN,Rassemblement National,Extrême droite,RN,Rassemblement National,Enquête préliminaire,ENQUETE_PRELIMINAIRE,Incitation à la haine,INCITATION_HAINE,Critique,CRITIQUE,Mis en cause,DIRECT,oui,,,,,,,,,,non,,,,,"Jocelyn Dessigny, député Rassemblement National de la 5ème circonscription, est visé par une enquête préliminaire pour partage de contenus à caractère suprémaciste et antisémite. Les faits reprochés concernent des publications partagées sur un compte Facebook contenant des propos suprémacistes, antisémites et nostalgiques du régime de Vichy. Les contenus proviendraient notamment de l'association animée par Alain Soral et du Parti de la France. Cette situation n'est pas isolée : l'élu a déjà été signalé en 2024 pour des faits similaires, constituant une récidive dans ce type de comportement. L'enquête préliminaire a été ouverte pour incitation à la haine basée sur l'origine, la religion ou l'ethnie. Cette affaire intervient dans un contexte où plusieurs élus de son parti ont fait l'objet de poursuites ou de signalements pour des contenus ou propos problématiques. Elle s'ajoute à un précédent dossier impliquant Jocelyn Dessigny, l'affaire des emplois familiaux croisés Dessigny-Ménaché, qui relevait d'une autre nature d'infraction. Sous le régime de la présomption d'innocence, l'enquête est en cours pour déterminer les responsabilités exactes dans la diffusion de ces contenus.",1,https://www.liberation.fr/politique/partage-de-propos-supremacistes-antisemites-et-de-nostalgiques-de-petain-le-depute-rn-jocelyn-dessigny-une-brebis-galeuse-en-recidive-20260301_M4IFQTYNNVH7TKWOD5U3ZUJ2CQ/,"Partage de propos suprémacistes, antisémites et nostalgiques de Pétain : le député RN Jocelyn Dessigny, une «brebis galeuse» en récidive",https://poligraph.fr/affaires/jocelyn-dessigny-partage-de-contenus-supremacistes-et-antisemites-par-le-depute-dessigny,2026-03-01T19:09:31.387Z,2026-03-11T22:26:23.664Z,PENAL
AF-000273,raphael-arnault-violences-volontaires-en-reunion-raphael-arnault,Condamnation de Raphaël Arnault pour violences volontaires en réunion,PG-000557,raphael-arnault,Raphaël Arnault,LFI,La France insoumise,Extrême gauche,LFI,La France insoumise,Condamnation définitive,CONDAMNATION_DEFINITIVE,Violence,VIOLENCE,Significatif,SIGNIFICATIF,Mis en cause,DIRECT,non,2021-04-24,,2022-02-18,,4,0,,,,non,4 mois de prison avec sursis,,Tribunal correctionnel de Lyon,,"Raphaël Arnault a été condamné pour des violences volontaires en réunion remontant à 2021. Le tribunal correctionnel de Lyon l'a condamné en février 2022 à 4 mois de prison avec sursis. Après avoir interjeté appel, la condamnation est devenue définitive en 2025, comme confirmé par l'article du Figaro qui indique que ""le député élu sous la bannière du parti désormais classé à l'extrême gauche du champ politique a été définitivement condamné à 4 mois de prison avec sursis au chef de violences volontaires en réunion"". Raphaël Arnault, fondateur de la Jeune Garde et collaborateur parlementaire d'un élu du Vaucluse puis député de la première circonscription du Vaucluse sous la bannière LFI, a toujours démenti les faits.",10,https://www.lyonmag.com/article/148734/le-depute-lfi-raphael-arnault-definitivement-condamne-pour-violences-volontaires-en-reunion-a-lyon,Le député LFI Raphaël Arnault définitivement condamné pour violences volontaires en réunion à Lyon,https://poligraph.fr/affaires/raphael-arnault-violences-volontaires-en-reunion-raphael-arnault,2026-03-01T03:09:04.934Z,2026-07-31T16:31:27.988Z,PENAL
AF-000272,rachida-dati-accusation-de-tentative-de-monnayage-de-temoignage-par-complement-d-enquete,Accusation de tentative de monnayage de témoignage par Complément d'enquête,PG-000988,rachida-dati,Rachida Dati,LR,Les Républicains,Droite,LR,Les Républicains,Instruction en cours,INSTRUCTION,Autre,AUTRE,Significatif,SIGNIFICATIF,Mentionné,MENTIONED_ONLY,non,2025-06-01,,,,,,,,,non,,,Commission d'enquête parlementaire sur l'audiovisuel public,,"Rachida Dati, ministre de la Culture des Les Républicains, a accusé l'équipe du magazine d'investigation Complément d'enquête d'avoir tenté de monnayer un témoignage auprès d'un de ses proches. Selon ses déclarations, cette démarche visait à obtenir des informations la concernant en échange d'une contrepartie financière. Cette accusation a été formulée sous serment devant une commission d'enquête parlementaire sur l'audiovisuel public en février 2026. L'équipe du magazine a catégoriquement rejeté ces allégations, niant toute tentative de corruption de témoin. L'affaire demeure à ce jour en phase d'instruction, sans que des poursuites officielles n'aient été engagées à l'encontre de l'équipe du magazine. Aucune conclusion définitive n'a été établie quant à la validité des accusations formulées. Sous le régime de la présomption d'innocence, les allégations restent à valider par les autorités compétentes. Cette situation intervient dans un contexte où Rachida Dati a fait l'objet d'autres contentieux judiciaires antérieurs.",1,https://www.franceinfo.fr/politique/rachida-dati/document-c-est-faux-elle-melange-tout-dans-des-mails-a-complement-d-enquete-un-proche-de-rachida-dati-contredit-les-accusations-de-la-ministre_7829630.html#xtor=RSS-3-%5Bgeneral%5D,"DOCUMENT. ""C’est faux !! Elle mélange tout !!"" : dans des mails à ""Complément d’enquête"", un proche de Rachida Dati contredit les accusations de la ministre",https://poligraph.fr/affaires/rachida-dati-accusation-de-tentative-de-monnayage-de-temoignage-par-complement-d-enquete,2026-02-26T05:07:04.865Z,2026-03-11T22:26:23.796Z,PENAL
AF-000271,martine-froger-instruction-judiciaire-visant-martine-froger-pour-abus-de-confiance-et-travail-dissimule,Instruction judiciaire visant Martine Froger pour abus de confiance et travail dissimulé,PG-000438,martine-froger,Martine Froger,PS,Parti socialiste,Gauche,PS,Parti socialiste,Instruction en cours,INSTRUCTION,Abus de confiance,ABUS_CONFIANCE,Grave,GRAVE,Mis en cause,DIRECT,non,2019-01-01,,,,,,,,,non,,,Tribunal judiciaire de Toulouse,,"Une information judiciaire a été ouverte le 20 octobre 2025 par le parquet de Toulouse visant Martine Froger, députée de l'Ariège, pour abus de confiance, travail dissimulé, abus de biens sociaux, omission de désignation d'un commissaire aux comptes et manquement aux obligations de déclaration à la Haute Autorité pour la Transparence de la Vie Publique. L'enquête, débutée en février 2025 suite à un signalement de Tracfin, porte sur la gestion de deux associations dont elle était directrice salariée ainsi que de la SASU ""Les jardins d'Occitanie"" entre 2019 et 2025. Des perquisitions ont été effectuées fin novembre 2025 à son domicile et dans des sièges associatifs en Ariège. Le Bureau de l'Assemblée nationale a levé son immunité parlementaire le 18 février 2026 pour permettre la poursuite des investigations. La députée, présumée innocente, affirme coopérer pleinement avec la justice.",3,https://lcp.fr/actualites/info-lcp-le-bureau-de-l-assemblee-s-apprete-a-lever-l-immunite-parlementaire-de-la,INFO LCP - Le Bureau de l'Assemblée s'apprête à lever l'immunité parlementaire de la députée Martine Froger,https://poligraph.fr/affaires/martine-froger-instruction-judiciaire-visant-martine-froger-pour-abus-de-confiance-et-travail-dissimule,2026-02-21T02:14:38.328Z,2026-03-12T13:46:20.506Z,PENAL
AF-000270,eric-zemmour-proces-en-diffamation-contre-le-rappeur-youssoupha,Procès en diffamation contre le rappeur Youssoupha,PG-000588,eric-zemmour,Éric Zemmour,REC,Reconquête,Extrême droite,,,Relaxe,RELAXE,Diffamation,DIFFAMATION,Significatif,SIGNIFICATIF,Plaignant,PLAINTIFF,non,2009-03-01,,2012-06-01,,,,,,,non,,,Cour d'appel de Paris,,"Éric Zemmour, figure publique d'orientation politique controversée, porte plainte en mars 2009 contre le rappeur Youssoupha pour injure et diffamation suite à la diffusion d'une chanson contenant des critiques personnelles à son égard. En première instance (octobre 2011), Youssoupha est condamné. Cependant, la Cour d'appel de Paris révise cette décision en juin 2012 et prononce une relaxe. La cour estime que les propos contenus dans la chanson ne dépassent pas les limites légitimes de la liberté d'expression artistique, principeprotégé par la jurisprudence française. Cette affaire s'inscrit dans un contexte marqué par plusieurs procédures judiciaires impliquant Zemmour sur des questions de droit de l'expression. Le jugement reflète la jurisprudence selon laquelle les critiques, même virulentes, exprimées dans un cadre artistique bénéficient d'une protection particulière. La relaxe en appel confirme que l'exercice de la liberté d'expression par Youssoupha, malgré son caractère politique et personnel, ne constitue pas un délit passible de condamnation pénale.",3,https://fr.wikipedia.org/wiki/%C3%89ric_Zemmour,Wikipedia — Éric Zemmour,https://poligraph.fr/affaires/eric-zemmour-proces-en-diffamation-contre-le-rappeur-youssoupha,2026-02-20T18:29:47.341Z,2026-04-09T19:14:56.202Z,PENAL
AF-000269,eric-zemmour-propos-sur-les-trafiquants-de-crack-senegalais,Affaire des propos sur les trafiquants de crack sénégalais,PG-000588,eric-zemmour,Éric Zemmour,REC,Reconquête,Extrême droite,,,Procès en cours,PROCES_EN_COURS,Incitation à la haine,INCITATION_HAINE,Critique,CRITIQUE,Mis en cause,DIRECT,oui,2021-01-01,2025-12-19,,,,,,,,non,,,XVIIe chambre correctionnelle du tribunal judiciaire de Paris,,"Éric Zemmour, dirigeant de Reconquête, est renvoyé en mai 2024 devant la XVIIe chambre correctionnelle du tribunal judiciaire de Paris pour des propos tenus entre 2021 et mars 2022 sur le plateau de CNews. Les faits Les déclarations incriminées portent sur les trafiquants de crack et établissent un lien direct avec une origine géographique. En 2021, Zemmour aurait affirmé que « tous les trafiquants de cracks sont des Sénégalais ». Une affirmation similaire a été répétée en mars 2022, déclarant que « la plupart des vendeurs de cracks sont Sénégalais clandestins ». Procédure Le renvoi en correctionnelle est intervenu en mai 2024 pour des poursuites visant la catégorie d'incitation à la haine et discrimination. Le tribunal saisi est compétent en matière de délits de presse et de discours. Le procès est en cours au moment de ce bilan. Contexte Cette affaire s'inscrit dans une trajectoire judiciaire marquée par d'autres poursuites comparables, notamment une condamnation antérieure pour provocation à la discrimination raciale (2011) et une condamnation pour injure raciale (Crépol). Sous réserve de présomption d'innocence, les éléments de dossier sont actuellement en instruction.",2,https://fr.wikipedia.org/wiki/%C3%89ric_Zemmour,Wikipedia — Éric Zemmour,https://poligraph.fr/affaires/eric-zemmour-propos-sur-les-trafiquants-de-crack-senegalais,2026-02-20T18:29:47.179Z,2026-04-09T19:14:58.142Z,PENAL
AF-000268,eric-zemmour-accusation-de-diffamation-par-cecile-duflot-pour-des-propos-sur-l-affaire-baupin,Accusation de diffamation par Cécile Duflot pour des propos sur l'affaire Baupin,PG-000588,eric-zemmour,Éric Zemmour,REC,Reconquête,Extrême droite,,,Relaxe,RELAXE,Diffamation,DIFFAMATION,Significatif,SIGNIFICATIF,Mis en cause,DIRECT,non,2016-05-12,,2018-02-06,,,,,,,non,,,Tribunal correctionnel de Paris,,"Éric Zemmour, alors intellectuel et chroniqueur, a été poursuivi en diffamation suite à des déclarations publiques concernant l'affaire Denis Baupin et la couverture médiatique de celle-ci. Contexte et faits En mai 2016, le site Mediapart publie une enquête révélant des accusations de harcèlement et d'agressions sexuelles contre Denis Baupin, figure historique de La France Insoumise et ancien vice-président de l'Assemblée nationale. Cette publication suscite une controverse publique sur les modalités de révélation. Le 12 mai 2016, lors d'une intervention sur RTL, Zemmour affirme que Mediapart a violé les règles de respect de la vie privée en diffusant les échanges de Baupin. Il allègue également que les journalistes de Mediapart agissent comme « instruments de la vengeance » de Cécile Duflot, ancienne ministre de l'Égalité des territoires, contre Emmanuelle Cosse, autre figure politique écologiste. Procédure judiciaire Cécile Duflot, estimant ses paroles diffamatoires, engage des poursuites en justice. L'affaire est jugée devant le tribunal correctionnel de Paris. Verdict Le 6 février 2018, le tribunal relaxe Éric Zemmour, jugeant que ses allégations ne constituent pas des imputations de faits précis et déterminés à caractère diffamatoire. La relaxe reconnaît le caractère d'appréciation critique de ses propos, relevant davantage du débat public que de l'imputation factuelle.",2,https://fr.wikipedia.org/wiki/%C3%89ric_Zemmour,Wikipedia — Éric Zemmour,https://poligraph.fr/affaires/eric-zemmour-accusation-de-diffamation-par-cecile-duflot-pour-des-propos-sur-l-affaire-baupin,2026-02-20T18:29:47.009Z,2026-04-09T19:14:57.694Z,PENAL
AF-000267,eric-zemmour-propos-sur-petain-sauveur-des-juifs-francais,Affaire des propos sur Pétain « sauveur des Juifs français »,PG-000588,eric-zemmour,Éric Zemmour,REC,Reconquête,Extrême droite,,,Condamnation (1ère instance),CONDAMNATION_PREMIERE_INSTANCE,Autre,AUTRE,Critique,CRITIQUE,Mis en cause,DIRECT,non,2019-10-14,,2025-04-15,10000,,,,,,oui,10 000 € d'amende pour contestation de crime contre l'humanité,,Cour d'appel de Paris,,"Éric Zemmour, dirigeant de Reconquête, est poursuivi pour contestation de crime contre l'humanité suite à ses propos tenus le 14 octobre 2019 dans l'émission Face à l'info, affirmant que « Pétain avait sauvé les juifs français ». Ces déclarations concernent la politique de collaboration du régime de Vichy envers l'occupation nazi et sa responsabilité dans la déportation de plus de 75 000 juifs de France. La première instance a prononcé une relaxe en février 2021, confirmée en appel en mai 2022. Cependant, la Cour de cassation a cassé cette décision en septembre 2023, estimant que les juges n'avaient pas correctement qualifié les éléments constitutifs de l'infraction, et a ordonné un nouveau procès. Le 2 avril 2025, la cour d'appel de Paris a condamné Éric Zemmour à 10 000 euros d'amende pour contestation de crime contre l'humanité. L'intéressé a annoncé immédiatement se pourvoir en cassation, ce qui maintient le dossier en voie de recours. Sous réserve de confirmation en cassation, cette condamnation s'inscrit dans un contexte judiciaire plus large concernant ce politicien, incluant d'autres poursuites pour provocation à la discrimination et à la haine.",17,https://fr.wikipedia.org/wiki/%C3%89ric_Zemmour,Wikipedia — Éric Zemmour,https://poligraph.fr/affaires/eric-zemmour-propos-sur-petain-sauveur-des-juifs-francais,2026-02-20T18:29:46.842Z,2026-04-09T19:14:57.990Z,PENAL
AF-000266,eric-zemmour-condamnation-pour-injure-raciale-dans-l-affaire-de-crepol,Condamnation pour injure raciale dans l'affaire de Crépol,PG-000588,eric-zemmour,Éric Zemmour,REC,Reconquête,Extrême droite,REC,Reconquête,Appel en cours,APPEL_EN_COURS,Incitation à la haine,INCITATION_HAINE,Critique,CRITIQUE,Mis en cause,DIRECT,oui,2023-11-30,,2025-03-26,9000,,,,,,oui,"9 000 euros d'amende, pouvant donner lieu à incarcération en cas de non-paiement",,Tribunal correctionnel de Paris,,"Le 30 novembre 2023, lors d'une interview en direct sur RMC et BFMTV, Éric Zemmour réagit au meurtre de Thomas Perotto à Crépol en déclarant : « Nous avons aujourd'hui une situation où nous avons deux peuples, deux France, deux jeunesses, celle de Thomas, celle de Chahid ». Il reproche aux « médias » et au « gouvernement » un « écran de fumée » par rapport « au meurtre de Thomas » et aux « dizaines de morts de la main des racailles arabo-musulmanes ». Le 26 mars 2025, le tribunal correctionnel de Paris le condamne à une amende de 9 000 euros pour injure raciale. Le tribunal souligne qu'il tient un « discours essentialiste en déduisant l'origine des individus des prénoms qu'ils portent » et « désigne comme assassins les personnes d'origine arabe et de confession musulmane qu'il traite de racailles ». Éric Zemmour fait appel de cette condamnation.",4,https://fr.wikipedia.org/wiki/%C3%89ric_Zemmour,Wikipedia — Éric Zemmour,https://poligraph.fr/affaires/eric-zemmour-condamnation-pour-injure-raciale-dans-l-affaire-de-crepol,2026-02-20T18:29:46.675Z,2026-03-04T21:16:37.366Z,PENAL
AF-000265,eric-zemmour-diatribe-anti-immigration-de-2019,Affaire de la diatribe anti-immigration de 2019,PG-000588,eric-zemmour,Éric Zemmour,REC,Reconquête,Extrême droite,,,Condamnation définitive,CONDAMNATION_DEFINITIVE,Incitation à la haine,INCITATION_HAINE,Critique,CRITIQUE,Mis en cause,DIRECT,oui,2019-09-01,,2025-09-16,15000,,,,,,non,15 000 € d'amende pour provocation à la haine raciale et injures racistes,,Cour de cassation,,"En septembre 2019, Éric Zemmour tient un discours lors de la convention de la droite avec des propos contre les musulmans et l'immigration. Le tribunal judiciaire de Paris le condamne en première instance en septembre 2020 à 10 000 euros d'amende pour injure et provocation à la haine. Relaxé en appel en 2021, sa relaxe est annulée par la Cour de cassation en février 2023. Rejugé en appel en février 2024, il est condamné à 15 000 euros d'amende pour provocation à la haine contre les migrants et les mineurs isolés et injures publiques. La Cour de cassation confirme cette condamnation en septembre 2025.",9,https://fr.wikipedia.org/wiki/%C3%89ric_Zemmour,Wikipedia — Éric Zemmour,https://poligraph.fr/affaires/eric-zemmour-diatribe-anti-immigration-de-2019,2026-02-20T18:29:46.513Z,2026-04-09T19:14:57.913Z,PENAL
AF-000262,eric-zemmour-provocation-a-la-haine-religieuse-envers-les-musulmans-c-a-vous-2016,"Provocation à la haine religieuse envers les musulmans (C à vous, 2016)",PG-000588,eric-zemmour,Éric Zemmour,REC,Reconquête,Extrême droite,,,Condamnation définitive,CONDAMNATION_DEFINITIVE,Incitation à la haine,INCITATION_HAINE,Critique,CRITIQUE,Mis en cause,DIRECT,oui,2016-09-16,,2019-09-17,3000,,,,,,non,3 000 € d'amende,,Cour de cassation,,"Éric Zemmour, alors éditorialiste et figure médiatique proche de la droite identitaire, est condamné définitivement pour provocation à la haine religieuse envers les musulmans. Contexte et faits Le 16 septembre 2016, lors de son passage à l'émission C à vous sur France 5 pour promouvoir son ouvrage Un quinquennat pour rien, Zemmour tient des propos caractérisés comme des incitations à la haine envers les musulmans. Cette intervention s'inscrit dans une série de prises de position controversées de l'éditorialiste sur les questions migratoires et identitaires. Procédure judiciaire L'affaire est portée devant les juridictions. Le tribunal correctionnel condamne Zemmour pour provocation à la haine en raison de son implication directe dans les déclarations publiques. La Cour de cassation confirme cette condamnation en appel. Verdict et peine Par décision définitive du 17 septembre 2019, la Cour de cassation maintient la condamnation. Zemmour est condamné au paiement d'une amende de 3 000 euros. Cette condamnation revêt un caractère définitif et s'ajoute à d'autres poursuites judiciaires dans lesquelles l'éditorialiste est impliqué, notamment l'affaire de provocation à la discrimination raciale France Ô et Canal+ en 2011. Impact Cette décision judiciaire confirmed que les propos publics de Zemmour dépassent les limites de la liberté d'expression en franchissant le seuil de l'incitation à la haine.",2,https://fr.wikipedia.org/wiki/%C3%89ric_Zemmour,Wikipedia — Éric Zemmour,https://poligraph.fr/affaires/eric-zemmour-provocation-a-la-haine-religieuse-envers-les-musulmans-c-a-vous-2016,2026-02-20T18:29:46.025Z,2026-04-09T19:14:57.769Z,PENAL
AF-000261,eric-zemmour-condamnation-pour-provocation-a-la-discrimination-raciale-france-o-et-canal-2011,"Condamnation pour provocation à la discrimination raciale (France Ô et Canal+, 2011)",PG-000588,eric-zemmour,Éric Zemmour,REC,Reconquête,Extrême droite,,,Condamnation définitive,CONDAMNATION_DEFINITIVE,Incitation à la haine,INCITATION_HAINE,Critique,CRITIQUE,Mis en cause,DIRECT,oui,2010-03-06,,2011-02-18,1000,,,,,,non,"1 000 € d'amende avec sursis, 10 502 € de dommages-intérêts aux parties civiles",,Tribunal correctionnel de Paris,,"Le 6 mars 2010, Éric Zemmour affirme sur France Ô que les employeurs ""ont le droit de refuser des Arabes ou des Noirs"", et sur Canal+ que ""la plupart des trafiquants sont noirs et arabes"". Après des poursuites de la LICRA, du MRAP, de SOS Racisme et d'autres associations, le tribunal correctionnel de Paris le condamne le 18 février 2011 pour provocation à la discrimination raciale. Il est condamné à 1000 euros d'amende avec sursis et à verser des dommages-intérêts et frais de justice aux parties civiles (total 10 502 euros). Il n'interjette pas appel.",4,https://fr.wikipedia.org/wiki/%C3%89ric_Zemmour,Wikipedia — Éric Zemmour,https://poligraph.fr/affaires/eric-zemmour-condamnation-pour-provocation-a-la-discrimination-raciale-france-o-et-canal-2011,2026-02-20T18:29:45.862Z,2026-04-09T19:14:56.503Z,PENAL
AF-000260,eric-woerth-tapie-avantage-fiscal,Affaire Tapie - Avantage fiscal,PG-000019,eric-woerth,Éric Woerth,RE,Renaissance,Centre,,,Non-lieu,NON_LIEU,Favoritisme,FAVORITISME,Critique,CRITIQUE,Mis en cause,DIRECT,oui,2009-01-01,,,,,,,,,non,,,Cour de justice de la République,,"En 2008-2009, alors qu'il est ministre du Budget, Éric Woerth est soupçonné d'avoir accordé un avantage fiscal à Bernard Tapie concernant le règlement du litige avec le Crédit lyonnais. Il aurait permis au Groupe Bernard Tapie de payer seulement 43 millions d'euros de taxes au lieu de 101 millions, et l'administration fiscale dirigée par Woerth aurait renoncé à un appel sur une ristourne de 15 millions d'euros. Mis en examen pour concussion en juillet 2021 par la Cour de justice de la République, un non-lieu a été prononcé le 3 octobre 2022, la CJR estimant qu'il n'y avait pas matière à reprocher quoi que ce soit au ministre.",6,https://fr.wikipedia.org/wiki/%C3%89ric_Woerth,Wikipedia — Éric Woerth,https://poligraph.fr/affaires/eric-woerth-tapie-avantage-fiscal,2026-02-20T18:29:45.696Z,2026-04-09T19:14:56.129Z,PENAL
AF-000259,eric-woerth-relaxe-d-eric-woerth-dans-l-affaire-sarkozy-kadhafi,Relaxe d'Éric Woerth dans l'affaire Sarkozy-Kadhafi,PG-000019,eric-woerth,Éric Woerth,RE,Renaissance,Centre,,,Appel en cours,APPEL_EN_COURS,Financement illégal de campagne,FINANCEMENT_ILLEGAL_CAMPAGNE,Critique,CRITIQUE,Mis en cause,DIRECT,oui,2006-11-01,,2025-09-25,,,,,,,non,,,Tribunal correctionnel de Paris,,"Éric Woerth, trésorier de la campagne présidentielle de Nicolas Sarkozy en 2007, avait été mis en examen en 2018 pour complicité de financement illégal de campagne électorale. Les enquêteurs avaient constaté la circulation d'environ 250 000 euros en espèces dans la campagne, dont Éric Woerth avait reconnu avoir distribué plusieurs dizaines de milliers d'euros à des salariés. Le 25 septembre 2025, le tribunal correctionnel de Paris l'a relaxé, considérant qu'il ne pouvait être jugé complice dès lors que Nicolas Sarkozy n'était pas reconnu coupable de financement illicite. Le parquet a fait appel de cette relaxe, et Éric Woerth sera rejugé en appel début 2026.",12,https://fr.wikipedia.org/wiki/%C3%89ric_Woerth,Wikipedia — Éric Woerth,https://poligraph.fr/affaires/eric-woerth-relaxe-d-eric-woerth-dans-l-affaire-sarkozy-kadhafi,2026-02-20T18:29:45.532Z,2026-04-09T19:14:55.385Z,PENAL
AF-000258,eric-woerth-hippodrome-de-compiegne-non-lieu-pour-eric-woerth,Affaire de l'hippodrome de Compiègne - Non-lieu pour Éric Woerth,PG-000019,eric-woerth,Éric Woerth,RE,Renaissance,Centre,,,Non-lieu,NON_LIEU,Prise illégale d'intérêts,PRISE_ILLEGALE_INTERETS,Critique,CRITIQUE,Mis en cause,DIRECT,oui,2010-03-16,,2014-12-11,,,,,,,non,,,Cour de justice de la République,,"En mars 2010, Éric Woerth, alors ministre du Budget, a autorisé la vente de 57 hectares de la forêt de Compiègne (incluant un hippodrome et un golf) à la Société des courses de Compiègne pour 2,5 millions d'euros. Cette vente a été contestée pour prix bradé, absence de mise en concurrence et soupçons de favoritisme en raison des liens locaux du ministre. Saisi par des députés socialistes en novembre 2010, la Cour de justice de la République a accordé un non-lieu à Éric Woerth en décembre 2014 pour prise illégale d'intérêts, estimant ne pas disposer d'assez d'éléments pour le poursuivre. Deux de ses anciens collaborateurs (Sébastien Proto et Cédric de Lestrange) ont en revanche été mis en examen en janvier 2017 pour abus d'autorité dans le volet non-ministériel de l'affaire. Un non-lieu de 2015 concernant le volet non-ministériel a été définitivement confirmé en cassation en 2021.",8,https://fr.wikipedia.org/wiki/%C3%89ric_Woerth,Wikipedia — Éric Woerth,https://poligraph.fr/affaires/eric-woerth-hippodrome-de-compiegne-non-lieu-pour-eric-woerth,2026-02-20T18:29:45.024Z,2026-04-09T19:14:56.576Z,PENAL
AF-000257,eric-woerth-woerth-bettencourt-relaxe-d-eric-woerth,Affaire Woerth-Bettencourt : relaxe d'Éric Woerth,PG-000019,eric-woerth,Éric Woerth,RE,Renaissance,Centre,,,Relaxe,RELAXE,Trafic d'influence,TRAFIC_INFLUENCE,Critique,CRITIQUE,Mis en cause,DIRECT,oui,2007-02-07,,2015-05-28,,,,,,0,non,,Relaxe totale prononcée sur les deux chefs d'accusation,Tribunal correctionnel de Bordeaux,,"Éric Woerth, alors ministre du Travail et trésorier de l'UMP, a été mis en examen en février 2012 pour trafic d'influence passif et recel de financement illicite de parti politique dans l'affaire Bettencourt, qui a éclaté en juin 2010 avec la publication d'enregistrements pirates par Mediapart. Il était soupçonné d'avoir reçu 150 000 euros en liquide via Patrice de Maistre, gestionnaire de fortune de Liliane Bettencourt, pour la campagne présidentielle de 2007. Le 28 mai 2015, le tribunal correctionnel de Bordeaux a prononcé sa relaxe sur les deux chefs d'accusation (trafic d'influence passif et recel d'abus de faiblesse), estimant que la remise d'argent n'était pas totalement acquise et qu'il n'était pas démontré qu'Éric Woerth avait connaissance de l'origine illicite de cette somme et de la vulnérabilité de Liliane Bettencourt. Le tribunal a néanmoins exprimé de fortes suspicions, notant que Woerth n'avait probablement pas rencontré Patrice de Maistre uniquement pour parler de ""l'avenir des petites entreprises"", mais n'a pas trouvé suffisamment d'éléments probants pour une condamnation.",4,https://fr.wikipedia.org/wiki/%C3%89ric_Woerth,Wikipedia — Éric Woerth,https://poligraph.fr/affaires/eric-woerth-woerth-bettencourt-relaxe-d-eric-woerth,2026-02-20T18:29:44.446Z,2026-04-09T19:14:55.609Z,PENAL
AF-000256,laurent-wauquiez-emplois-fictifs-a-la-region-auvergne-rhone-alpes,Affaire des emplois fictifs à la région Auvergne-Rhône-Alpes,PG-000012,laurent-wauquiez,Laurent Wauquiez,LR,Les Républicains,Droite,,,Enquête préliminaire,ENQUETE_PRELIMINAIRE,Emploi fictif,EMPLOI_FICTIF,Critique,CRITIQUE,Mis en cause,DIRECT,oui,2023-04-01,,,,,,,,,non,,,Parquet national financier,,"En octobre 2023, la cellule investigation de Radio France révèle que quatre collaborateurs de Laurent Wauquiez, président de la région Auvergne-Rhône-Alpes, sont soupçonnés d'occuper des emplois fictifs rémunérés par la collectivité tout en travaillant exclusivement depuis Paris sur des dossiers nationaux en vue de la présidentielle 2027. Parmi eux figurent Nawel G. (5 080 euros net), dont le poste ne figurait dans aucun organigramme selon les services administratifs de la région, Arnaud B. (environ 10 000 euros brut), Charlotte V. (4 000 euros brut) et Roch d. B. Le Parquet national financier, qui menait déjà une enquête ouverte en septembre 2020 sur les collaborateurs de Laurent Wauquiez après un rapport de la Cour régionale des comptes, a étendu son enquête à ces quatre situations. Des perquisitions ont été menées le 27 novembre 2023 dans les bureaux parisiens de la région Auvergne-Rhône-Alpes et de l'association Régions de France. Laurent Wauquiez dénonce des ""informations mensongères, erronées et malhonnêtes"" et affirme que la région justifie ces situations par le recours au télétravail, bien que celui-ci soit plafonné à deux jours par semaine au conseil régional.",6,https://fr.wikipedia.org/wiki/Laurent_Wauquiez,Wikipedia — Laurent Wauquiez,https://poligraph.fr/affaires/laurent-wauquiez-emplois-fictifs-a-la-region-auvergne-rhone-alpes,2026-02-20T18:29:44.032Z,2026-03-04T21:16:36.663Z,PENAL
AF-000255,laurent-wauquiez-condamnation-de-laurent-wauquiez-pour-diffamation-envers-philippe-kaltenbach-2,Condamnation de Laurent Wauquiez pour diffamation envers Philippe Kaltenbach,PG-000012,laurent-wauquiez,Laurent Wauquiez,LR,Les Républicains,Droite,LR,Les Républicains,Condamnation définitive,CONDAMNATION_DEFINITIVE,Diffamation,DIFFAMATION,Significatif,SIGNIFICATIF,Mis en cause,DIRECT,non,,,2015-05-30,500,0,,,,,non,,4 500 euros de dommages et intérêts et frais d'avocat à verser à Philippe Kaltenbach,Cour d'appel de Versailles,,"En mai 2015, Laurent Wauquiez, député-maire du Puy-en-Velay, est condamné par la cour d'appel de Versailles à 500 euros d'amende et 4 500 euros de dommages et intérêts pour avoir traité Philippe Kaltenbach, maire socialiste de Clamart, de ""crapule"". Cette condamnation pour diffamation intervient alors que Philippe Kaltenbach faisait face à des accusations de corruption passive concernant un échange présumé d'argent contre l'attribution d'un logement social. La condamnation de Wauquiez est prononcée le 30 mai 2015, peu avant le congrès fondateur du parti Les Républicains.",4,https://fr.wikipedia.org/wiki/Laurent_Wauquiez,Wikipedia — Laurent Wauquiez,https://poligraph.fr/affaires/laurent-wauquiez-condamnation-de-laurent-wauquiez-pour-diffamation-envers-philippe-kaltenbach-2,2026-02-20T18:29:43.500Z,2026-03-04T21:16:36.505Z,PENAL
AF-000254,laurent-wauquiez-diner-des-sommets-finance-par-la-region-aura,Affaire du « dîner des sommets » financé par la région AURA,PG-000012,laurent-wauquiez,Laurent Wauquiez,LR,Les Républicains,Droite,,,Enquête préliminaire,ENQUETE_PRELIMINAIRE,Détournement de fonds publics,DETOURNEMENT_FONDS_PUBLICS,Critique,CRITIQUE,Mis en cause,DIRECT,oui,2022-06-01,,,,,,,,,non,,,Parquet national financier,,"Laurent Wauquiez, actuellement Député de la 1ère circonscription et membre des Républicains, a été le président de la région Auvergne-Rhône-Alpes (AURA) sous l'étiquette de la Droite Républicaine au moment des faits. En juin 2022, Wauquiez a organisé un dîner au château de la Chaize réunissant 90 convives, pour un coût dépassant les 100 000 euros financé par les caisses régionales. L'événement a été révélé par Mediapart en 2022. Des opposants politiques ont dénoncé un détournement présumé d'argent public. En février 2023, le Parquet national financier a ouvert une enquête préliminaire sur les conditions de financement et d'organisation de ce dîner. Plusieurs perquisitions ont été menées au siège de la région. En mai 2024, le Tribunal administratif de Lyon a enjoint Wauquiez à transmettre la liste des invités à l'événement. L'affaire demeure au stade de l'enquête préliminaire. Laurent Wauquiez bénéficie de la présomption d'innocence. Cette situation s'inscrit dans un contexte plus large de contrôles judiciaires portant sur sa gestion régionale, notamment l'Affaire des emplois fictifs à la région Auvergne-Rhône-Alpes.",4,https://fr.wikipedia.org/wiki/Laurent_Wauquiez,Wikipedia — Laurent Wauquiez,https://poligraph.fr/affaires/laurent-wauquiez-diner-des-sommets-finance-par-la-region-aura,2026-02-20T18:29:43.311Z,2026-03-04T22:00:31.868Z,PENAL
AF-000253,laurent-wauquiez-favoritisme-dans-l-attribution-d-un-marche-public-au-puy-en-velay,Affaire du favoritisme dans l'attribution d'un marché public au Puy-en-Velay,PG-000012,laurent-wauquiez,Laurent Wauquiez,LR,Les Républicains,Droite,,,Enquête préliminaire,ENQUETE_PRELIMINAIRE,Favoritisme,FAVORITISME,Critique,CRITIQUE,Mis en cause,DIRECT,oui,2021-12-01,,,,,,,,,non,,,Parquet national financier,,"Laurent Wauquiez est maire de Puy-en-Velay jusqu'en mars 2022. En tant que figure de Droite Républicaine au niveau régional, il dispose d'une influence notable sur les affaires municipales de sa collectivité. En décembre 2021, la municipalité du Puy-en-Velay procède à l'attribution d'un marché public pour la concession d'une halle alimentaire. Selon les éléments d'enquête, des pressions auraient été exercées par Wauquiez pour influencer cette attribution. Des écoutes téléphoniques révèlent que l'ancien maire aurait cherché à empêcher l'attribution du marché à un candidat issu d'une formation politique adverse, le plaçant délibérément en position de désavantage lors de la procédure. Le Parquet national financier ouvre une enquête préliminaire en mars 2022 pour favoritisme, corruption et trafic d'influence. Cette action judiciaire intervient après le départ de Wauquiez de la mairie et soulève des questions sur la régularité du processus d'adjudication. L'enquête reste en cours, et Laurent Wauquiez demeure présumé innocent. Ce dossier s'inscrit dans un contexte marqué par d'autres procédures le concernant, notamment l'affaire des emplois fictifs à la région Auvergne-Rhône-Alpes.",3,https://fr.wikipedia.org/wiki/Laurent_Wauquiez,Wikipedia — Laurent Wauquiez,https://poligraph.fr/affaires/laurent-wauquiez-favoritisme-dans-l-attribution-d-un-marche-public-au-puy-en-velay,2026-02-20T18:29:43.149Z,2026-03-04T22:00:26.805Z,PENAL
AF-000252,alexandre-vincendet-enquete-pour-prise-illegale-d-interets-et-detournement-de-fonds,Enquête pour prise illégale d'intérêts et détournement de fonds,PG-000606,alexandre-vincendet,Alexandre Vincendet,LR,Les Républicains,Droite,LR,Les Républicains,Enquête préliminaire,ENQUETE_PRELIMINAIRE,Prise illégale d'intérêts,PRISE_ILLEGALE_INTERETS,Critique,CRITIQUE,Mis en cause,DIRECT,oui,2021-01-01,,,,,,,,,non,,,,,"Alexandre Vincendet, maire de Rillieux-la-Pape depuis plusieurs années, est affilié aux Républicains. En mars 2023, le parquet de Lyon ouvre une enquête préliminaire visant le magistrat pour prise illégale d'intérêts et détournement de fonds. Les faits allégués remontent à 2021, année au cours de laquelle une navette gratuite aurait été mise en place pour l'établissement privé Saint-Charles de Rillieux-la-Pape. L'enquête porte sur les circonstances de cette mise en place et sur l'utilisation des fonds publics à cet effet. Cette affaire s'inscrit dans un contexte judiciaire déjà chargé pour le maire : plusieurs dossiers relatifs à des violences sur mineur sont en cours ou ont abouti à condamnation en 2020, puis ont donné lieu à plainte en 2021. À ce stade d'enquête préliminaire, les éléments restent sous le secret de l'instruction. Vincendet bénéficie de la présomption d'innocence. L'enquête du parquet de Lyon déterminera l'existence d'éléments suffisants pour envisager des poursuites ou un classement du dossier.",5,https://fr.wikipedia.org/wiki/Alexandre_Vincendet,Wikipedia — Alexandre Vincendet,https://poligraph.fr/affaires/alexandre-vincendet-enquete-pour-prise-illegale-d-interets-et-detournement-de-fonds,2026-02-20T18:29:42.810Z,2026-03-04T22:00:22.291Z,PENAL
AF-000251,alexandre-vincendet-plainte-pour-violences-sur-mineur-2021,Plainte pour violences sur mineur (2021),PG-000606,alexandre-vincendet,Alexandre Vincendet,LR,Les Républicains,Droite,LR,Les Républicains,Classement sans suite,CLASSEMENT_SANS_SUITE,Violence,VIOLENCE,Significatif,SIGNIFICATIF,Mis en cause,DIRECT,non,,2021-10-13,,,,,,,,non,,,,,"Alexandre Vincendet, membre des Républicains et maire de Rillieux-La-Pape, est impliqué dans plusieurs affaires judiciaires liées à des violences sur mineur. En octobre 2021, une plainte est déposée contre lui pour violences sur mineur de moins de quinze ans par une personne ayant autorité. Les faits allégués concerneraient son fils, alors âgé de cinq ans. Cette plainte s'inscrit dans un contexte marqué par d'autres procédures similaires : une condamnation antérieure pour violences sur mineur en 2020 et une autre affaire de violences sur mineur par ascendant. Concernant cette affaire de 2021, la plainte a été classée sans suite en raison de l'insuffisance de caractérisation des faits. Cette décision signifie que le parquet n'a pas estimé disposer d'éléments suffisants pour engager des poursuites pénales. Le classement sans suite n'implique ni reconnaissance ni négation de culpabilité, mais relève d'une appréciation d'opportunité des poursuites. Au-delà des affaires de violence familiale, Alexandre Vincendet fait également l'objet d'une enquête pour prise illégale d'intérêts et détournement de fonds, élargissant ainsi le spectre des questions judiciaires le concernant.",2,https://fr.wikipedia.org/wiki/Alexandre_Vincendet,Wikipedia — Alexandre Vincendet,https://poligraph.fr/affaires/alexandre-vincendet-plainte-pour-violences-sur-mineur-2021,2026-02-20T18:29:42.647Z,2026-03-04T22:00:18.214Z,PENAL
AF-000249,catherine-vautrin-penalites-de-nicolas-sarkozy,Affaire des pénalités de Nicolas Sarkozy,PG-000985,catherine-vautrin,Catherine Vautrin,HOR,Horizons,Centre droit,,,Non-lieu,NON_LIEU,Abus de confiance,ABUS_CONFIANCE,Grave,GRAVE,Mis en cause,DIRECT,non,2012-01-01,,,,,,,,,non,,,Tribunal judiciaire de Paris,,"Le 6 octobre 2014, Catherine Vautrin, en qualité d'ex-trésorière de l'UMP, est mise en examen pour abus de confiance avec Jean-François Copé dans le cadre d'une information judiciaire ouverte par le parquet de Paris. L'affaire concerne le paiement par l'UMP des pénalités infligées à Nicolas Sarkozy suite au rejet de ses comptes de campagne 2012 par le Conseil constitutionnel pour dépassement du plafond autorisé. Un non-lieu est prononcé en 2015 par le juge Renaud Van Ruymbeke pour tous les accusés.",4,https://fr.wikipedia.org/wiki/Catherine_Vautrin,Wikipedia — Catherine Vautrin,https://poligraph.fr/affaires/catherine-vautrin-penalites-de-nicolas-sarkozy,2026-02-20T18:29:42.317Z,2026-04-09T19:14:56.801Z,PENAL
AF-000248,matthieu-valet-plainte-de-sos-racisme-contre-matthieu-valet-pour-diffusion-de-propos-racistes,Plainte de SOS Racisme contre Matthieu Valet pour diffusion de propos racistes,PG-001013,matthieu-valet,Matthieu Valet,RN,Rassemblement National,Extrême droite,RN,Rassemblement National,Enquête préliminaire,ENQUETE_PRELIMINAIRE,Incitation à la haine,INCITATION_HAINE,Critique,CRITIQUE,Mis en cause,DIRECT,oui,2025-09-01,,,,,,,,,non,,,,,"Matthieu Valet, député européen et porte-parole du Rassemblement national, est visé par une plainte de l'association SOS Racisme déposée en septembre 2025. Cette plainte porte sur la diffusion de propos racistes sur ses réseaux sociaux, particulièrement sa page Facebook. Selon un article publié par Mediapart le 5 août 2025, de nombreux contenus à caractère raciste ont été publiés par des commentateurs sur la plateforme sociale de l'élu. L'association SOS Racisme a estimé qu'il y avait lieu de dénoncer cette situation aux autorités compétentes. Une enquête préliminaire a été ouverte suite à cette plainte. Elle doit permettre de déterminer les circonstances des faits et les responsabilités éventuelles en matière de diffusion de contenu discriminatoire. Matthieu Valet bénéficie de la présomption d'innocence. Les suites judiciaires de cette enquête, notamment un classement sans suite ou une ouverture d'enquête plus approfondie, seront déterminantes quant à la poursuite de cette affaire.",3,https://fr.wikipedia.org/wiki/Matthieu_Valet,Wikipedia — Matthieu Valet,https://poligraph.fr/affaires/matthieu-valet-plainte-de-sos-racisme-contre-matthieu-valet-pour-diffusion-de-propos-racistes,2026-02-20T18:29:42.147Z,2026-03-04T22:00:09.435Z,PENAL
AF-000247,matthieu-valet-detournement-de-bons-sncf,Détournement de bons SNCF,PG-001013,matthieu-valet,Matthieu Valet,RN,Rassemblement National,Extrême droite,RN,Rassemblement National,Enquête préliminaire,ENQUETE_PRELIMINAIRE,Détournement de fonds publics,DETOURNEMENT_FONDS_PUBLICS,Critique,CRITIQUE,Mis en cause,DIRECT,oui,2023-11-01,,,,,,,,,non,,,,,"Matthieu Valet, député européen du Rassemblement National, est soupçonné d'avoir détourné des bons d'achat SNCF appartenant à plusieurs collègues de la BAC de nuit du Val-de-Marne. Les faits auraient eu lieu en 2023. Selon les révélations du Canard enchaîné en novembre 2023, le service de déontologie de la police aurait soulevé des soupçons concernant l'accaparement et le détournement de ces bons. Valet aurait remboursé approximativement mille euros et reçu un blâme de sa hiérarchie. L'affaire demeure au stade de l'enquête préliminaire. Sous le régime de la présomption d'innocence, Matthieu Valet n'a pas été formellement mis en examen. Les circonstances précises du détournement et l'avancée de l'enquête n'ont pas été rendues publiques au-delà de ces éléments initiaux. Cette affaire s'inscrit dans un contexte où plusieurs dossiers judiciaires ou administratifs impliquent le parlementaire, notamment concernant l'utilisation d'un véhicule de service.",2,https://fr.wikipedia.org/wiki/Matthieu_Valet,Wikipedia — Matthieu Valet,https://poligraph.fr/affaires/matthieu-valet-detournement-de-bons-sncf,2026-02-20T18:29:41.973Z,2026-03-04T22:00:05.804Z,PENAL
AF-000245,rody-tolassy-gifle-d-une-opposante-politique,Affaire de la gifle d'une opposante politique,PG-001030,rody-tolassy,Rody Tolassy,RN,Rassemblement National,Extrême droite,RN,Rassemblement National,Enquête préliminaire,ENQUETE_PRELIMINAIRE,Violence,VIOLENCE,Significatif,SIGNIFICATIF,Mis en cause,DIRECT,non,2022-03-01,,,,,,,,,non,,,,,"Rody Tolassy, député européen du Rassemblement National, est impliqué dans un incident de violence datant de mars 2022. En mars 2022, lors d'un déplacement de Marine Le Pen en Guadeloupe, Tolassy a giflé une opposante politique. L'incident a été documenté par vidéo. Les faits relèvent directement de son implication personnelle. L'enquête préliminaire a été ouverte pour déterminer les circonstances exactes et les responsabilités juridiques. Le dossier relève de la catégorie violence. Tolassy bénéficie de la présomption d'innocence en attendant l'issue de la procédure. Cet incident s'inscrit dans le contexte des tensions politiques lors des déplacements de campagne, où la sécurité et le contrôle des interactions avec les opposants constituent des enjeux sensibles.",2,https://fr.wikipedia.org/wiki/Rody_Tolassy,Wikipedia — Rody Tolassy,https://poligraph.fr/affaires/rody-tolassy-gifle-d-une-opposante-politique,2026-02-20T18:29:41.637Z,2026-03-04T21:59:58.281Z,PENAL
AF-000244,andree-taurinya-condamnation-d-andree-taurinya-pour-diffamation-envers-gerbert-rambaud,Condamnation d'Andrée Taurinya pour diffamation envers Gerbert Rambaud,PG-000292,andree-taurinya,Andrée Taurinya,LFI,La France insoumise,Extrême gauche,LFI,La France insoumise,Appel en cours,APPEL_EN_COURS,Diffamation,DIFFAMATION,Significatif,SIGNIFICATIF,Mis en cause,DIRECT,non,2024-07-04,,2025-05-05,2000,0,,,,,non,,Dommages et intérêts de 4 450 euros à verser à Gerbert Rambaud,Tribunal correctionnel de Saint-Étienne,,"Le 5 mai 2025, le tribunal correctionnel de Saint-Étienne condamne Andrée Taurinya, députée La France Insoumise de la deuxième circonscription de la Loire, pour diffamation envers Gerbert Rambaud, vice-président de Debout la France. Les faits remontent au 4 juillet 2024, durant les élections législatives, lorsqu'elle avait publié sur le réseau social X un message qualifiant Gerbert Rambaud de ""candidat RN antisémite de la Loire qui parle d'un grand complot juif"". Le tribunal a estimé que les propos tenus par Gerbert Rambaud en 2020 sur X ne justifiaient pas le qualificatif d'antisémite et que la députée avait admis ne pas avoir vérifié ses informations, se limitant à la lecture d'un article et à la rumeur populaire. Andrée Taurinya écope d'une amende de 2 000 euros avec sursis et doit verser 4 450 euros de dommages et intérêts à Gerbert Rambaud. La députée a annoncé faire appel du jugement.",6,https://fr.wikipedia.org/wiki/Andr%C3%A9e_Taurinya,Wikipedia — Andrée Taurinya,https://poligraph.fr/affaires/andree-taurinya-condamnation-d-andree-taurinya-pour-diffamation-envers-gerbert-rambaud,2026-02-20T18:29:41.474Z,2026-03-04T21:16:35.865Z,PENAL
AF-000243,emmanuel-tache-condamnation-civile-d-emmanuel-tache-pour-usurpation-de-nom-et-de-particule,Condamnation civile d'Emmanuel Taché pour usurpation de nom et de particule,PG-000243,emmanuel-tache,Emmanuel Taché,RN,Rassemblement National,Extrême droite,RN,Rassemblement National,Condamnation (1ère instance),CONDAMNATION_PREMIERE_INSTANCE,Autre,AUTRE,Significatif,SIGNIFICATIF,Mis en cause,DIRECT,non,2022-01-01,,2025-09-12,5000,0,,,,,non,,Cessation de l'usage du nom 'de la Pagerie' sous astreinte de 200€ par infraction constatée à compter du 1er octobre 2025. Publication du jugement sur sa page Facebook pendant 90 jours. Exécution provisoire prononcée (jugement exécutoire immédiatement).,Tribunal judiciaire de Lille,,"En 2022, trois descendantes de la famille Tascher de La Pagerie, grande noblesse du Perche comptant notamment Joséphine de Beauharnais dans leur lignée, assignent en justice Emmanuel Taché, député RN des Bouches-du-Rhône élu en 2022. Elles lui reprochent de s'être fait appeler ""Emmanuel Taché de La Pagerie"" sans lien familial ni droit, estimant que cette usurpation de leur patronyme leur porte préjudice. Le 12 septembre 2025, le tribunal judiciaire de Lille condamne Emmanuel Taché à cesser d'utiliser le nom ""de la Pagerie"" à compter du 1er octobre 2025, sous astreinte de 200 euros par infraction constatée. Il est également condamné à verser 5 000 euros de dommages-intérêts aux plaignantes et à publier le jugement sur sa page Facebook pendant 90 jours. Le jugement est exécutoire immédiatement, même en cas d'appel.",8,https://fr.wikipedia.org/wiki/Emmanuel_Tach%C3%A9,Wikipedia — Emmanuel Taché,https://poligraph.fr/affaires/emmanuel-tache-condamnation-civile-d-emmanuel-tache-pour-usurpation-de-nom-et-de-particule,2026-02-20T18:29:41.305Z,2026-03-04T21:16:35.812Z,PENAL
AF-000242,emmanuel-tache-condamnation-par-les-prud-hommes-pour-travail-dissimule,Condamnation par les prud'hommes pour travail dissimulé,PG-000243,emmanuel-tache,Emmanuel Taché,RN,Rassemblement National,Extrême droite,RN,Rassemblement National,Condamnation (1ère instance),CONDAMNATION_PREMIERE_INSTANCE,Autre,AUTRE,Significatif,SIGNIFICATIF,Mis en cause,DIRECT,non,,2025-02-09,2026-02-19,,,,,,,non,,,Conseil de prud'hommes,,"Contexte politique Emmanuel Taché, député de la 16ème circonscription affilié au Rassemblement National, a été poursuivi devant les prud'hommes pour des irrégularités liées à l'emploi d'un assistant parlementaire. Faits et procédure L'ancien assistant a contesté les conditions de son engagement et de son licenciement. Il a dénoncé une situation de travail dissimulé, alléguant que des heures de travail n'avaient pas été rémunérées. Le litige a porté sur la qualification du contrat, les conditions réelles d'emploi et le montant des compensation dues au titre des heures non payées. Le Conseil de prud'hommes a statué sur ces griefs selon les règles du droit du travail et du droit du travail parlementaire applicable aux assistants élus. Verdict Le tribunal des prud'hommes a condamné Emmanuel Taché à verser 135 000 € à l'ancien assistant, reconnaissance judiciaire des préjudices alegués. Le jugement est devenu définitif au premier degré le 19 février 2026. Cette condamnation s'ajoute aux autres contentieux ayant impliqué le député, notamment une condamnation civile pour usurpation de nom et de particule.",3,https://fr.wikipedia.org/wiki/Emmanuel_Tach%C3%A9,Wikipedia — Emmanuel Taché,https://poligraph.fr/affaires/emmanuel-tache-condamnation-par-les-prud-hommes-pour-travail-dissimule,2026-02-20T18:29:41.133Z,2026-03-04T21:59:55.032Z,PENAL
AF-000241,aurelien-tache-condamnation-d-aurelien-tache-pour-outrage-et-violence-en-etat-d-ivresse,Condamnation d'Aurélien Taché pour outrage et violence en état d'ivresse,PG-000157,aurelien-tache,Aurélien Taché,LFI,La France insoumise,Extrême gauche,EELV,Les Écologistes – Europe Écologie Les Verts,Condamnation définitive,CONDAMNATION_DEFINITIVE,Violence,VIOLENCE,Significatif,SIGNIFICATIF,Mis en cause,DIRECT,non,2022-02-01,,2022-09-07,5000,0,,,,,non,,"Dommages et intérêts : 250 euros versés à sept policiers, 500 euros versés à un policier",Tribunal de Niort,,"En février 2022, Aurélien Taché, député du Val-d'Oise, a été victime d'une agression dans un bar de Niort (Deux-Sèvres). Lors de l'intervention des policiers de la brigade anti-criminalité, il a insulté les agents (""Vous êtes des baqueux de merde"") alors qu'il se trouvait en état d'ivresse. Poursuivi pour outrage et violence par personne en état d'ivresse, il a été condamné le 7 septembre 2022 par le tribunal à 5 000 euros d'amende délictuelle. Sept policiers ont reçu 250 euros de dommages et intérêts chacun, et un autre agent 500 euros. Son avocate Jade Dousselin a évoqué un ""état de sidération lié au choc physique et psychologique"" suite à l'agression.",6,https://fr.wikipedia.org/wiki/Aur%C3%A9lien_Tach%C3%A9,Wikipedia — Aurélien Taché,https://poligraph.fr/affaires/aurelien-tache-condamnation-d-aurelien-tache-pour-outrage-et-violence-en-etat-d-ivresse,2026-02-20T18:29:40.774Z,2026-03-04T21:16:35.655Z,PENAL
AF-000239,michele-tabarot-enquete-pour-detournement-de-fonds-publics-visant-philippe-tabarot-assistant-parlementaire-de-michele-tabarot,"Enquête pour détournement de fonds publics visant Philippe Tabarot, assistant parlementaire de Michèle Tabarot",PG-000016,michele-tabarot,Michèle Tabarot,LR,Les Républicains,Droite,LR,Les Républicains,Enquête préliminaire,ENQUETE_PRELIMINAIRE,Détournement de fonds publics,DETOURNEMENT_FONDS_PUBLICS,Critique,CRITIQUE,Mis en cause,DIRECT,oui,2016-01-01,,,,,,,,,non,,,null,,"Philippe Tabarot, frère de la députée LR Michèle Tabarot, a été rémunéré comme assistant parlementaire de sa sœur à l'Assemblée nationale entre 2016 et 2018, tout en cumulant simultanément des rémunérations en tant que collaborateur à la mairie du Cannet (où Michèle Tabarot exerçait encore) et comme vice-président du conseil régional de PACA. En 2016, il percevait au total environ 135 000 euros (29 000 euros comme assistant parlementaire, 66 000 euros de la mairie et plus de 40 000 euros du conseil régional). En 2017, sa rémunération totale atteignait 138 000 euros. Après avoir cessé ses fonctions d'assistant parlementaire en 2018, sa rémunération à la mairie du Cannet a augmenté de 50% pour atteindre 94 000 euros. Une enquête pour détournement de fonds publics a été ouverte concernant cette situation.",4,https://fr.wikipedia.org/wiki/Mich%C3%A8le_Tabarot,Wikipedia — Michèle Tabarot,https://poligraph.fr/affaires/michele-tabarot-enquete-pour-detournement-de-fonds-publics-visant-philippe-tabarot-assistant-parlementaire-de-michele-tabarot,2026-02-20T18:29:40.436Z,2026-03-04T21:16:35.551Z,PENAL
AF-000238,philippe-tabarot-enquete-sur-la-remuneration-au-cannet-et-la-prise-illegale-d-interets,Enquête sur la rémunération au Cannet et la prise illégale d'intérêts,PG-001000,philippe-tabarot,Philippe Tabarot,LR,Les Républicains,Droite,LR,Les Républicains,Enquête préliminaire,ENQUETE_PRELIMINAIRE,Prise illégale d'intérêts,PRISE_ILLEGALE_INTERETS,Critique,CRITIQUE,Mis en cause,DIRECT,oui,2016-01-01,,,,,,,,,non,,,Parquet national financier,,"Philippe Tabarot, ministre des Transports et membre des Républicains, est visé par une enquête du Parquet national financier portant sur ses rémunérations multiples au cours de la décennie 2010. Une perquisition menée en décembre 2022 à la mairie du Cannet, où Tabarot occupait un poste de collaborateur, a marqué l'ouverture de l'enquête. Les investigations portent sur la réalité du travail effectué en contrepartie des salaires perçus au titre de trois positions simultanées : assistant parlementaire de sa sœur, collaborateur municipal au Cannet et vice-président du conseil régional. L'enjeu central consiste à déterminer si ces rémunérations correspondaient à des services réellement rendus ou constituaient des avantages indus. Début 2025, Tabarot a été formellement visé pour détournement de fonds publics et prise illégale d'intérêts. Cette mise en examen intervient après plusieurs années d'investigations approfondies. Il convient de rappeler la présomption d'innocence applicable à tous les stades de la procédure pénale. Les faits faisant l'objet de l'enquête remontent au début des années 2010. L'affaire demeure au stade de l'enquête préliminaire auprès du Parquet national financier, spécialisé dans la poursuite des délits économiques et financiers impliquant des personnalités publiques.",4,https://fr.wikipedia.org/wiki/Philippe_Tabarot,Wikipedia — Philippe Tabarot,https://poligraph.fr/affaires/philippe-tabarot-enquete-sur-la-remuneration-au-cannet-et-la-prise-illegale-d-interets,2026-02-20T18:29:40.265Z,2026-03-04T21:59:46.402Z,PENAL
AF-000236,francis-szpiner-tayeb-benabderrahmane-extorsion-presumee,Affaire Tayeb Benabderrahmane - Extorsion présumée,PG-000855,francis-szpiner,Francis Szpiner,LR,Les Républicains,Droite,LR,Les Républicains,Enquête préliminaire,ENQUETE_PRELIMINAIRE,Autre,AUTRE,Significatif,SIGNIFICATIF,Mis en cause,DIRECT,non,2020-01-01,,,,,,,,,non,,,,,"Francis Szpiner, sénateur de Paris membre des Républicains, est mis en cause dans une enquête préliminaire pour sa participation présumée à des négociations d'extorsion. En 2022, le lobbyiste Tayeb Benabderrahmane dépose plainte contre Nasser al-Khelaïfi, patron du Paris-Saint-Germain, pour enlèvement, séquestration avec torture, association de malfaiteurs et extorsion en bande organisée. Szpiner, en sa qualité d'avocat d'al-Khelaïfi, serait soupçonné d'avoir participé à des négociations visant à obtenir la remise de fichiers confidentiels détenant par Benabderrahmane, dans le cadre d'un dispositif d'extorsion présumé. Le 27 juin 2023, l'Office central de lutte contre la criminalité organisée (OCLCO) procède à des perquisitions au cabinet et au domicile de Szpiner, en vue de saisir des éléments de preuve. Cette action judiciaire suscite des questions sur le statut d'avocat et les obligations de confidentialité attachées à cette profession. En mars 2025, la Cour de cassation confirme la validité des saisies effectuées, validant ainsi la procédure menée par les enquêteurs. L'enquête préliminaire reste en cours. Szpiner bénéficie de la présomption d'innocence et aucune mise en examen n'a été prononcée à ce stade. Cette affaire s'inscrit dans un contexte d'autres contentieux judiciaires impliquant le sénateur, notamment l'affaire de la thèse plagiée d'Arash Derambarsh.",6,https://fr.wikipedia.org/wiki/Francis_Szpiner,Wikipedia — Francis Szpiner,https://poligraph.fr/affaires/francis-szpiner-tayeb-benabderrahmane-extorsion-presumee,2026-02-20T18:29:39.519Z,2026-03-04T21:59:41.713Z,PENAL
AF-000235,francis-szpiner-these-plagiee-d-arash-derambarsh,Affaire de la thèse plagiée d'Arash Derambarsh,PG-000855,francis-szpiner,Francis Szpiner,LR,Les Républicains,Droite,,,Classement sans suite,CLASSEMENT_SANS_SUITE,Autre,AUTRE,Significatif,SIGNIFICATIF,Mis en cause,DIRECT,non,2015-01-01,,,,,,,,,non,,,,,"Francis Szpiner, alors membre des Républicains, a participé en 2015 au jury de thèse d'Arash Derambarsh, dans le contexte d'une thèse soutenue à l'université de Paris I. En 2020, la section disciplinaire du conseil académique de l'université de Paris I a établi que la thèse contenait du plagiat massif, représentant les trois quarts du document. L'instance académique a également constaté que la composition du jury ne respectait pas la régularité requise par les procédures universitaires. Suite à ces conclusions, la thèse a été annulée en avril 2023. Le classement sans suite de cette affaire reflète l'absence de poursuites judiciaires ultérieures, la question restant traitée au niveau disciplinaire et administratif universitaire. Cette affaire s'inscrit dans un contexte plus large d'enjeux d'intégrité académique et de conformité aux règles de fonctionnement des institutions d'enseignement supérieur.",3,https://fr.wikipedia.org/wiki/Francis_Szpiner,Wikipedia — Francis Szpiner,https://poligraph.fr/affaires/francis-szpiner-these-plagiee-d-arash-derambarsh,2026-02-20T18:29:39.347Z,2026-04-09T19:14:57.470Z,PENAL
AF-000234,violette-spillebout-plainte-en-diffamation-de-licia-boudersa-contre-violette-spillebout,Plainte en diffamation de Licia Boudersa contre Violette Spillebout,PG-000316,violette-spillebout,Violette Spillebout,RE,Renaissance,Centre,RE,Renaissance,Classement sans suite,CLASSEMENT_SANS_SUITE,Diffamation,DIFFAMATION,Significatif,SIGNIFICATIF,Mis en cause,DIRECT,non,2023-01-01,,,,,,,,,non,,,,,"Violette Spillebout, députée de la 9ème circonscription et membre de Renaissance, était affiliée à Ensemble pour la République au moment des faits. En 2023, Spillebout a formulé des accusations publiques contre Martine Aubry, alors maire de Lille, concernant les élections municipales de 2020. Spillebout aurait affirmé qu'Aubry avait proposé un emploi à la boxeuse Licia Boudersa en échange de son soutien politique. Estimant ces déclarations préjudiciables à sa réputation, Licia Boudersa a porté plainte contre Spillebout pour diffamation. Après instruction, le parquet a décidé de classer l'affaire sans suite le 9 mars 2025.",3,https://fr.wikipedia.org/wiki/Violette_Spillebout,Wikipedia — Violette Spillebout,https://poligraph.fr/affaires/violette-spillebout-plainte-en-diffamation-de-licia-boudersa-contre-violette-spillebout,2026-02-20T18:29:39.175Z,2026-07-24T17:21:38.186Z,PENAL
AF-000233,violette-spillebout-condamnation-de-violette-spillebout-pour-constitution-de-partie-civile-abusive,Condamnation de Violette Spillebout pour constitution de partie civile abusive,PG-000316,violette-spillebout,Violette Spillebout,RE,Renaissance,Centre,RE,Renaissance,Relaxe,RELAXE,Autre,AUTRE,Significatif,SIGNIFICATIF,Mis en cause,DIRECT,non,2020-03-01,,2024-08-31,5784.5,0,,,,,non,,"Remboursement des frais de justice : 3 784,50 euros de première instance + 2 000 euros en appel. La condamnation à 6 000 euros de dommages et intérêts pour constitution de partie civile abusive prononcée en première instance a été annulée en appel.",Cour d'appel de Douai,,"Violette Spillebout, députée macroniste de la 9e circonscription du Nord, avait porté plainte pour harcèlement sexuel contre Jacques Trentesaux, directeur de la rédaction de Mediacités, l'accusant d'avoir voulu propager des rumeurs autour de photos intimes pendant la campagne municipale de 2020 à Lille. Le 4 juillet 2023, le tribunal judiciaire de Lille relaxe le journaliste et condamne l'élue à 6 000 euros de dommages et intérêts pour constitution de partie civile abusive, ainsi qu'à 3 784,50 euros de frais de justice. En appel, la cour d'appel de Douai confirme fin août 2024 la relaxe du journaliste et annule la condamnation pour constitution abusive, mais maintient la condamnation de Violette Spillebout au remboursement des frais de justice (3 784,50 euros de première instance + 2 000 euros d'appel). La cour conclut qu'aucune faute pénale ou civile n'a été commise par le journaliste, dont la démarche relevait du travail d'investigation journalistique.",6,https://fr.wikipedia.org/wiki/Violette_Spillebout,Wikipedia — Violette Spillebout,https://poligraph.fr/affaires/violette-spillebout-condamnation-de-violette-spillebout-pour-constitution-de-partie-civile-abusive,2026-02-20T18:29:39.003Z,2026-07-26T23:01:52.756Z,PENAL
AF-000232,ersilia-soudais-plainte-d-ersilia-soudais-contre-marco-koskas-pour-menaces-de-mort,Plainte d'Ersilia Soudais contre Marco Koskas pour menaces de mort,PG-000387,ersilia-soudais,Ersilia Soudais,LFI,La France insoumise,Extrême gauche,LFI,La France insoumise,Enquête préliminaire,ENQUETE_PRELIMINAIRE,Menace,MENACE,Grave,GRAVE,Plaignant,PLAINTIFF,non,2025-02-20,,,,,,,,,non,,,,,"Le 20 février 2025, l'écrivain franco-israélien Marco Koskas publie un billet dans la Tribune Juive dans lequel il écrit vouloir ""foutre une balle dans la tête"" de la députée insoumise Ersilia Soudais, d'Eric Coquerel et ""toute la mélenchonie"". Le texte, désormais supprimé du site, ajoute qu'il n'aurait ""jamais assez de balles pour dézinguer tous ces affreux"" ni ""de revolver non plus"". Suite à ces menaces publiques, Ersilia Soudais et Eric Coquerel annoncent le 26 février 2025 déposer plainte contre l'auteur. Ersilia Soudais déplore que de telles menaces soient devenues ""tristement banales dans une société qui s'enfonce de plus en plus dans le fascisme"".",6,https://fr.wikipedia.org/wiki/Ersilia_Soudais,Wikipedia — Ersilia Soudais,https://poligraph.fr/affaires/ersilia-soudais-plainte-d-ersilia-soudais-contre-marco-koskas-pour-menaces-de-mort,2026-02-20T18:29:38.819Z,2026-03-11T12:36:23.687Z,PENAL
AF-000230,bruno-sido-compte-en-suisse-non-declare,Affaire du compte en Suisse non déclaré,PG-000665,bruno-sido,Bruno Sido,LR,Les Républicains,Droite,LR,Les Républicains,Condamnation définitive,CONDAMNATION_DEFINITIVE,Blanchiment,BLANCHIMENT,Grave,GRAVE,Mis en cause,DIRECT,non,,2014-11-13,2016-04-12,60000,6,0,,,,non,,,Tribunal correctionnel de Paris,,"Bruno Sido, sénateur de la Haute-Marne et membre des Républicains, a été confronté à une affaire de défaut de déclaration d'actifs. En novembre 2014, la Haute Autorité pour la transparence de la vie publique révèle que Sido était propriétaire d'un compte bancaire en Suisse qu'il n'avait pas déclaré conformément à ses obligations de transparence. L'intéressé avait régularisé sa situation en 2013, avant la découverte publique de cette omission. Le 12 avril 2016, le tribunal correctionnel de Paris condamne Bruno Sido à titre personnel dans le cadre d'une procédure de comparution avec reconnaissance préalable de culpabilité. La condamnation porte sur six mois d'emprisonnement assortis du sursis et une amende de 60 000 euros. Cette peine reflète le caractère volontaire de l'omission, bien que la régularisation antérieure ait pu être prise en compte. La décision du tribunal correctionnel est définitive en première instance et constitue une condamnation de droit commun pour les faits caractérisés de blanchiment, liés à la non-déclaration d'actifs étrangers. Cette affaire s'inscrit dans un contexte plus large de renforcement du contrôle des déclarations patrimoniales des élus français, particulièrement après les révélations de la crise bancaire suisse.",3,https://fr.wikipedia.org/wiki/Bruno_Sido,Wikipedia — Bruno Sido,https://poligraph.fr/affaires/bruno-sido-compte-en-suisse-non-declare,2026-02-20T18:29:38.302Z,2026-07-31T16:31:27.717Z,PENAL
AF-000229,philippe-schreck-plainte-pour-menaces-de-mort-contre-des-proches-de-philippe-schreck,Plainte pour menaces de mort contre des proches de Philippe Schreck,PG-000428,philippe-schreck,Philippe Schreck,RN,Rassemblement National,Extrême droite,RN,Rassemblement National,Enquête préliminaire,ENQUETE_PRELIMINAIRE,Menace,MENACE,Grave,GRAVE,Victime,VICTIM,non,2022-06-19,,,,,,,,,non,,,null,,"En juin 2022, Djaffer Aït Aoudia, journaliste et directeur de publication du site lecorrespondant.net, dépose plainte à Draguignan pour des menaces de mort reçues de proches de Philippe Schreck, alors candidat RN aux législatives dans le Var. Selon le procès-verbal de la plainte, Lionel Ferlaud, avocat et proche de Schreck, aurait menacé le journaliste par téléphone le jour de la publication d'un article sur Schreck, évoquant l'envoi ""d'amis corses pour vous régler votre compte"". Des menaces auraient ensuite été réitérées dans les locaux de l'ordre des avocats devant l'épouse du journaliste par Sandrine Schreck, ex-épouse du député. Le procureur de la République de Draguignan a confirmé le dépôt de plainte le 22 juin 2022 et l'ouverture d'une enquête.",7,https://fr.wikipedia.org/wiki/Philippe_Schreck,Wikipedia — Philippe Schreck,https://poligraph.fr/affaires/philippe-schreck-plainte-pour-menaces-de-mort-contre-des-proches-de-philippe-schreck,2026-02-20T18:29:38.126Z,2026-03-11T12:36:23.738Z,PENAL
AF-000228,nicolas-sarkozy-bygmalion,Affaire Bygmalion,PG-000578,nicolas-sarkozy,Nicolas Sarkozy,LR,Les Républicains,Droite,,,Condamnation définitive,CONDAMNATION_DEFINITIVE,Financement illégal de campagne,FINANCEMENT_ILLEGAL_CAMPAGNE,Critique,CRITIQUE,Mis en cause,DIRECT,oui,2012-01-01,,2025-11-26,,12,6,,,,non,"1 an de prison dont 6 mois ferme, aménagée sous bracelet électronique. Définitif (Cour de cassation, 26 novembre 2025).",détention à domicile sous surveillance électronique,Cour d'appel de Paris,,"En 2014, une information judiciaire est ouverte pour faux et usage de faux, abus de confiance, tentative d'escroquerie et complicité. La société Bygmalion aurait fait des fausses factures pour masquer les dépassements des frais de campagne de Nicolas Sarkozy lors de l'élection présidentielle de 2012. Nicolas Sarkozy est mis en examen en février 2016 pour financement illégal de campagne électorale, puis renvoyé en correctionnelle en février 2017. Il est condamné en première instance le 30 septembre 2021 à un an de prison ferme, puis en appel le 14 février 2024 à un an de prison dont six mois ferme (aménageable en détention à domicile sous surveillance électronique).",26,https://www.sudouest.fr/justice/affaire-bygmalion-nicolas-sarkozy-a-obtenu-l-amenagement-de-sa-peine-ferme-28962856.php,Affaire Bygmalion : Nicolas Sarkozy a obtenu l’aménagement de sa peine ferme,https://poligraph.fr/affaires/nicolas-sarkozy-bygmalion,2026-02-20T18:29:37.955Z,2026-08-01T14:17:23.264Z,PENAL
AF-000227,nicolas-sarkozy-bismuth-affaire-des-ecoutes,Affaire Bismuth / Affaire des écoutes,PG-000578,nicolas-sarkozy,Nicolas Sarkozy,LR,Les Républicains,Droite,,,Condamnation définitive,CONDAMNATION_DEFINITIVE,Corruption,CORRUPTION,Critique,CRITIQUE,Mis en cause,DIRECT,oui,2014-03-01,,2024-12-18,,36,12,36,,,non,"3 ans de prison dont 1 an ferme sous bracelet électronique et 3 ans d'inéligibilité. Définitif (Cour de cassation, 18 décembre 2024).",bracelet électronique,"Cour de cassation, chambre criminelle",ECLI:FR:CCASS:2024:CR01482,"En mars 2014, des écoutes judiciaires dans le cadre de l'affaire Sarkozy-Kadhafi révèlent que Nicolas Sarkozy et son avocat Thierry Herzog utilisaient des téléphones sous de faux noms (Paul Bismuth). Ils sont suspectés d'avoir corrompu Gilbert Azibert, avocat général près la Cour de cassation, pour obtenir des informations sur la procédure judiciaire de l'affaire Woerth-Bettencourt, en échange d'un appui pour l'obtention d'un poste à Monaco. Nicolas Sarkozy est mis en examen le 2 juillet 2014 pour corruption active, trafic d'influence et recel de violation du secret professionnel. Le 1er mars 2021, le tribunal correctionnel de Paris le condamne à trois ans de prison dont un an ferme pour corruption et trafic d'influence.",14,https://www.leparisien.fr/faits-divers/affaire-des-ecoutes-de-sarkozy-les-methodes-du-parquet-national-financier-en-question-26-06-2020-8342271.php,Affaire des écoutes de Sarkozy : les méthodes du parquet national financier en question,https://poligraph.fr/affaires/nicolas-sarkozy-bismuth-affaire-des-ecoutes,2026-02-20T18:29:37.779Z,2026-09-23T05:53:06.416Z,PENAL
AF-000226,nicolas-sarkozy-coupe-du-monde-2022-qatargate,Affaire de la Coupe du monde 2022 (Qatargate),PG-000578,nicolas-sarkozy,Nicolas Sarkozy,LR,Les Républicains,Droite,,,Instruction en cours,INSTRUCTION,Trafic d'influence,TRAFIC_INFLUENCE,Critique,CRITIQUE,Mis en cause,DIRECT,oui,2010-01-01,,,,,,,,,non,,,Parquet national financier,,"Nicolas Sarkozy, ancien président de la République et figure majeure des Républicains, fait l'objet d'une enquête du Parquet national financier concernant l'attribution de la Coupe du monde de football 2022 au Qatar. Les faits reprochés remontent à 2010, période pendant laquelle Sarkozy exerçait la présidence. Selon la plainte déposée par l'association Anticor en avril 2023, il serait soupçonné de trafic d'influence et de corruption d'un agent public étranger dans le processus de sélection du Qatar comme pays hôte de la compétition mondiale. L'enquête initiée par le Parquet national financier depuis 2019 examine ces accusations. Sarkozy demeure soumis à la présomption d'innocence et aucune décision judiciaire définitive n'a encore été rendue sur le fondement de ces soupçons. Cette affaire s'inscrit dans un contexte plus large de scrutins judiciaires visant l'ancien président, notamment l'Affaire Woerth-Bettencourt et l'Affaire Sarkozy-Kadhafi, qui illustrent les différentes procédures contentieuses impliquant sa responsabilité personnelle et celle de son entourage politique.",2,https://fr.wikipedia.org/wiki/Nicolas_Sarkozy,Wikipedia — Nicolas Sarkozy,https://poligraph.fr/affaires/nicolas-sarkozy-coupe-du-monde-2022-qatargate,2026-02-20T18:29:37.611Z,2026-04-09T19:14:56.430Z,PENAL
AF-000225,nicolas-sarkozy-reso-garantia,Affaire Reso-Garantia,PG-000578,nicolas-sarkozy,Nicolas Sarkozy,LR,Les Républicains,Droite,LR,Les Républicains,Enquête préliminaire,ENQUETE_PRELIMINAIRE,Trafic d'influence,TRAFIC_INFLUENCE,Critique,CRITIQUE,Mis en cause,DIRECT,oui,2020-01-01,,,,,,,,,non,,,Parquet national financier,,"Ancien président de la République et ancien ministre des Finances, Nicolas Sarkozy du parti Les Républicains fait l'objet d'une enquête préliminaire du Parquet national financier depuis 2020, dans un dossier de soupçons de trafic d'influence et de blanchiment de capitaux. L'affaire porte sur sa rémunération par la société d'assurances russe Reso-Garantia, détenue par deux oligarques russo-arméniens présentés comme proches de Vladimir Poutine. Selon les informations révélées en 2020, Nicolas Sarkozy aurait perçu un paiement de 500 000 euros au titre d'un contrat de conseil valorisé à trois millions d'euros. Cette enquête s'inscrit dans un contexte où plusieurs dossiers judiciaires impliquent ancien chef d'État, notamment l'Affaire Sarkozy-Kadhafi concernant les financements de sa campagne présidentielle de 2007, ou encore l'Affaire des sondages de l'Élysée relative à des dépenses électorales. Le dossier Reso-Garantia demeure au stade de l'enquête préliminaire, sans mise en examen à ce stade. Sous le régime de la présomption d'innocence, aucune conclusion n'a été établie quant aux accusations portées.",4,https://fr.wikipedia.org/wiki/Nicolas_Sarkozy,Wikipedia — Nicolas Sarkozy,https://poligraph.fr/affaires/nicolas-sarkozy-reso-garantia,2026-02-20T18:29:37.445Z,2026-03-04T21:59:17.631Z,PENAL
AF-000224,nicolas-sarkozy-sarkozy-kadhafi-retractation-de-ziad-takieddine,Affaire Sarkozy-Kadhafi - Rétractation de Ziad Takieddine,PG-000578,nicolas-sarkozy,Nicolas Sarkozy,LR,Les Républicains,Droite,LR,Les Républicains,Mise en examen,MISE_EN_EXAMEN,Corruption,CORRUPTION,Critique,CRITIQUE,Mis en cause,DIRECT,oui,,2023-10-06,,,,,,,,non,,,,,"Nicolas Sarkozy, ancien président de la République et dirigeant des Républicains, est mis en examen depuis octobre 2023 dans une affaire portant sur la rétractation du témoin Ziad Takieddine. Cette affaire s'inscrit dans le contexte plus large de l'enquête sur le financement supposé de la campagne présidentielle de 2007 par la Libye. Ziad Takieddine, homme d'affaires français d'origine libanaise, avait initialement déclaré avoir remis des enveloppes contenant des fonds libyen destinés au financement de la campagne. Il a par la suite rétracté ses déclarations, ce qui a suscité des investigations judiciaires approfondies sur les conditions de ce revirement. Nicolas Sarkozy a été mis en examen pour plusieurs chefs d'accusation : recel de subornation de témoin, participation à une association de malfaiteurs visant l'escroquerie au jugement en bande organisée, et participation à une association de malfaiteurs en vue de corruption active de personnel judiciaire étranger au Liban. Il bénéficie également du statut de témoin assisté sur ce dernier point. Cette procédure judiciaire demeure en cours. Conformément au principe de présomption d'innocence, Nicolas Sarkozy n'a pas été reconnu coupable des infractions pour lesquelles il est poursuivi. Cette affaire fait partie d'une série de contentieux judiciaires impliquant l'ancien président.",2,https://fr.wikipedia.org/wiki/Nicolas_Sarkozy,Wikipedia — Nicolas Sarkozy,https://poligraph.fr/affaires/nicolas-sarkozy-sarkozy-kadhafi-retractation-de-ziad-takieddine,2026-02-20T18:29:37.268Z,2026-03-04T21:59:13.330Z,PENAL
AF-000223,nicolas-sarkozy-plainte-contre-mediapart-pour-faux-et-usage-de-faux,Plainte contre Mediapart pour faux et usage de faux,PG-000578,nicolas-sarkozy,Nicolas Sarkozy,LR,Les Républicains,Droite,,,Non-lieu,NON_LIEU,Autre,AUTRE,Significatif,SIGNIFICATIF,Plaignant,PLAINTIFF,non,2012-04-30,,,,,,,,,non,,,,,"Nicolas Sarkozy, alors président de la République et membre des Républicains, a déposé plainte contre le journal Mediapart le 30 avril 2012 pour faux et usage de faux. Cette action juridique intervient suite à la publication par le journal d'articles et de documents relatifs à l'affaire Sarkozy-Kadhafi, enquête portant sur le financement libyen de la campagne présidentielle de 2007. Sarkozy conteste l'authenticité des documents diffusés par Mediapart, accusant le journal d'avoir falsifié ou altéré les pièces justificatives produites à l'appui de son investigation. La procédure juridique aboutit à un non-lieu le 30 mai 2016. Le tribunal conclut que l'accusation n'a pu apporter la preuve que les documents publiés constituaient un support fabriqué par montage ou altéré par des falsifications. Cette décision invalide la théorie du faux sur laquelle reposait la plainte initiale. Le non-lieu met fin aux poursuites judiciaires engagées contre Mediapart sur ce fondement spécifique. Il ne préjuge en rien des autres procédures concernant Sarkozy au cours de cette période, notamment l'affaire Woerth-Bettencourt et les investigations relatives au financement de sa campagne.",3,https://fr.wikipedia.org/wiki/Nicolas_Sarkozy,Wikipedia — Nicolas Sarkozy,https://poligraph.fr/affaires/nicolas-sarkozy-plainte-contre-mediapart-pour-faux-et-usage-de-faux,2026-02-20T18:29:36.748Z,2026-04-09T19:14:57.022Z,PENAL
AF-000222,nicolas-sarkozy-sarkozy-kadhafi-2,Affaire Sarkozy-Kadhafi,PG-000578,nicolas-sarkozy,Nicolas Sarkozy,LR,Les Républicains,Droite,,,Appel en cours,APPEL_EN_COURS,Financement illégal de campagne,FINANCEMENT_ILLEGAL_CAMPAGNE,Critique,CRITIQUE,Mis en cause,DIRECT,oui,2007-01-01,,2025-09-25,,60,60,,,,oui,"1ère instance : 5 ans de prison ferme avec exécution provisoire. Appel en cours, décision attendue le 30 novembre 2026.",,Cour d'appel de Paris,,"Nicolas Sarkozy est soupçonné d'avoir reçu 50 millions d'euros du régime libyen de Mouammar Kadhafi pour financer sa campagne présidentielle de 2007, alors que le montant officiel de sa campagne était de 20 millions d'euros. Il a été mis en examen en 2018 pour corruption passive, financement illicite de campagne électorale et recel de détournement de fonds publics libyens, puis en 2020 pour association de malfaiteurs. Au terme d'un premier procès ouvert le 6 janvier 2025, le tribunal correctionnel de Paris l'a déclaré coupable d'association de malfaiteurs le 25 septembre 2025 et condamné à cinq ans de prison ferme avec exécution provisoire. Incarcéré à la prison de la Santé, il a été remis en liberté sous contrôle judiciaire après une vingtaine de jours de détention, devenant le premier ancien président de la République incarcéré. Le procès en appel s'est tenu du 16 mars au 27 mai 2026 : le parquet général a requis sept ans de prison, 300 000 euros d'amende et cinq ans d'inéligibilité, le qualifiant d'instigateur d'un pacte de corruption avec la Libye ; la défense a plaidé la relaxe. La décision est attendue le 30 novembre 2026.",19,https://www.mediapart.fr/journal/france/140426/claude-voyez-cela-claude-gueant-brise-la-defense-de-nicolas-sarkozy-au-proces-des-financements-libyens,"«Claude, voyez cela»: Claude Guéant brise la défense de Nicolas Sarkozy au procès des financements libyens",https://poligraph.fr/affaires/nicolas-sarkozy-sarkozy-kadhafi-2,2026-02-20T18:29:36.578Z,2026-07-31T16:31:27.964Z,PENAL
AF-000220,nicolas-sarkozy-woerth-bettencourt,Affaire Woerth-Bettencourt,PG-000578,nicolas-sarkozy,Nicolas Sarkozy,LR,Les Républicains,Droite,,,Non-lieu,NON_LIEU,Financement illégal de campagne,FINANCEMENT_ILLEGAL_CAMPAGNE,Critique,CRITIQUE,Mis en cause,DIRECT,oui,2007-01-01,,,,,,,,,non,,,,,"Nicolas Sarkozy, alors chef de Les Républicains, a fait l'objet d'une enquête en 2010 portant sur le financement de sa campagne présidentielle de 2007. Les investigations ont soulevé des soupçons de contributions financières illégales en provenance du couple Bettencourt. Le dossier s'est ouvert après la révélation de versements importants. Nicolas Sarkozy a d'abord été enregistré en tant que témoin assisté le 22 novembre 2012, statut reconnaissant un intérêt dans l'affaire. Le 21 mars 2013, il a été mis en examen pour abus de faiblesse à l'égard de Liliane Bettencourt, en raison de son âge avancé et de sa vulnérabilité présumée lors des transactions en question. L'enquête a porté sur les modalités et la légalité du financement politique reçu, ainsi que sur les circonstances dans lesquelles les versements auraient eu lieu. Les magistrats ont examiné les allégations selon lesquelles Liliane Bettencourt aurait pu être influencée ou exploitée dans ses contributions. Le 7 octobre 2013, le juge d'instruction a rendu une ordonnance de non-lieu, mettant fin à la procédure judiciaire. Cette décision a reconnu l'absence d'éléments suffisants pour soutenir les accusations retenues contre Nicolas Sarkozy. Le non-lieu a constitué un classement définitif de l'affaire sans condamnation.",7,https://fr.wikipedia.org/wiki/Nicolas_Sarkozy,Wikipedia — Nicolas Sarkozy,https://poligraph.fr/affaires/nicolas-sarkozy-woerth-bettencourt,2026-02-20T18:29:35.202Z,2026-04-09T19:14:55.461Z,PENAL
AF-000219,nicolas-sarkozy-mise-en-examen-d-arnaud-claude-pour-blanchiment-de-fraude-fiscale-affaire-balkany,Mise en examen d'Arnaud Claude pour blanchiment de fraude fiscale (affaire Balkany),PG-000578,nicolas-sarkozy,Nicolas Sarkozy,LR,Les Républicains,Droite,LR,Les Républicains,Mise en examen,MISE_EN_EXAMEN,Autre,AUTRE,Significatif,SIGNIFICATIF,Mentionné,MENTIONED_ONLY,non,,2020-06-07,,,,,,,,non,,,,,"Arnaud Claude est un avocat associé du cabinet d'avocats « Leibovici - Claude - Sarkozy », fondé notamment en partenariat avec Nicolas Sarkozy, ancien président de la République et figure majeure des Républicains. En 2015, Arnaud Claude est mis en examen pour blanchiment de fraude fiscale. Les faits reprochés concernent les services juridiques apportés au promoteur immobilier Patrick Balkany, figure controversée du paysage politique français. La mise en examen porte spécifiquement sur le blanchiment des produits d'une fraude fiscale, dans un contexte où le cabinet représentait ce client. Arnaud Claude n'est mentionné qu'indirectement dans cette procédure : il s'agit de sa mise en examen personnelle, sans que Nicolas Sarkozy soit directement poursuivi à ce titre. Selon le principe de la présomption d'innocence, cette mise en examen ne constitue pas une reconnaissance de culpabilité. Suite à cette mise en examen, Arnaud Claude procède à des modifications structurelles importantes du cabinet : il transmet sa présidence ainsi que l'usufruit de la majorité de ses parts à son fils Christofer, restructurant ainsi l'entité juridique. Cette décision intervient dans un contexte judiciaire contraint pour l'associé fondateur.",2,https://fr.wikipedia.org/wiki/Nicolas_Sarkozy,Wikipedia — Nicolas Sarkozy,https://poligraph.fr/affaires/nicolas-sarkozy-mise-en-examen-d-arnaud-claude-pour-blanchiment-de-fraude-fiscale-affaire-balkany,2026-02-20T18:29:35.036Z,2026-03-04T21:58:50.808Z,PENAL
AF-000218,nicolas-sansu-condamnation-de-nicolas-sansu-pour-conduite-en-etat-d-ivresse-et-outrage-a-agents,Condamnation de Nicolas Sansu pour conduite en état d'ivresse et outrage à agents,PG-000046,nicolas-sansu,Nicolas Sansu,PCF,Parti communiste français,Extrême gauche,PCF,Parti communiste français,Condamnation (1ère instance),CONDAMNATION_PREMIERE_INSTANCE,Autre,AUTRE,Significatif,SIGNIFICATIF,Mis en cause,DIRECT,non,2023-02-28,,2023-05-02,300,2,0,0,,,non,,Suspension du permis de conduire pendant 4 mois ; 500 euros de dommages-intérêts à chacun des trois policiers outragés (1500 euros au total),Tribunal judiciaire de Bourges,,"Dans la nuit du 27 au 28 février 2023 à Vierzon, le député communiste du Cher Nicolas Sansu a conduit en état d'ivresse et a outragé trois policiers lors d'un contrôle routier, déclarant notamment ""Vous me cassez les couilles, vous feriez mieux d'arrêter les voleurs, moi je connais Darmanin"". Placé en garde à vue les 4 et 5 mars 2023, il a reconnu les faits et présenté ses excuses publiques. Le 2 mai 2023, le tribunal judiciaire de Bourges l'a condamné dans le cadre d'une procédure de comparution sur reconnaissance préalable de culpabilité (CRPC) à deux mois de prison avec sursis, quatre mois de suspension du permis de conduire, 300 euros d'amende et 500 euros de dommages-intérêts à chacun des trois policiers outragés. Il s'agissait de sa deuxième affaire pour outrage envers des forces de l'ordre, après des faits similaires commis en mai 2021 alors qu'il était maire de Vierzon.",8,https://fr.wikipedia.org/wiki/Nicolas_Sansu,Wikipedia — Nicolas Sansu,https://poligraph.fr/affaires/nicolas-sansu-condamnation-de-nicolas-sansu-pour-conduite-en-etat-d-ivresse-et-outrage-a-agents,2026-02-20T18:29:34.867Z,2026-07-31T16:31:27.939Z,PENAL
AF-000217,nicolas-sansu-outrage-a-agents-mai-2021,Outrage à agents (mai 2021),PG-000046,nicolas-sansu,Nicolas Sansu,PCF,Parti communiste français,Extrême gauche,PCF,Parti communiste français,Classement sans suite,CLASSEMENT_SANS_SUITE,Autre,AUTRE,Significatif,SIGNIFICATIF,Mis en cause,DIRECT,non,2021-05-19,,,,,,,,,non,,,,,"Nicolas Sansu, alors membre de la Gauche Démocrate et Républicaine, est actuellement député de la 2ème circonscription. Il adhère désormais au Parti communiste français. Le 19 mai 2021, lors d'un contrôle du respect des restrictions sanitaires liées à la Covid-19, deux policiers interviennent à la terrasse d'un bar de Vierzon pour faire respecter les jauges d'occupation imposées. Sansu proteste et invective les deux agents. Un policier porte plainte pour outrage à personne dépositaire de l'autorité publique. L'affaire suit son cours judiciaire pendant près de deux ans. Le 23 mars 2023, elle aboutit à un classement sans suite moyennant le versement d'une contribution citoyenne de 300€ et de 800€ de dommages-intérêts. Cette issue permet la clôture du dossier sans condamnation pénale définitive. Sansu bénéficie de la présomption d'innocence pour cet incident, qui s'inscrit dans le contexte des tensions sociales générées par les mesures sanitaires du printemps 2021. Il convient de noter qu'une autre affaire d'outrage à agents concernant Sansu a également donné lieu à une condamnation distinct.",3,https://fr.wikipedia.org/wiki/Nicolas_Sansu,Wikipedia — Nicolas Sansu,https://poligraph.fr/affaires/nicolas-sansu-outrage-a-agents-mai-2021,2026-02-20T18:29:34.698Z,2026-03-28T10:43:34.982Z,PENAL
AF-000216,julien-sanchez-mesures-discriminatoires-contre-les-magasins-ouverts-la-nuit,Affaire des mesures discriminatoires contre les magasins ouverts la nuit,PG-000617,julien-sanchez,Julien Sanchez,RN,Rassemblement National,Extrême droite,RN,Rassemblement National,Relaxe,RELAXE,Autre,AUTRE,Significatif,SIGNIFICATIF,Mis en cause,DIRECT,non,2016-01-01,,,,,,,,,non,,,,,"Julien Sanchez, alors maire de Beaucaire et membre du Rassemblement National, a adopté en 2016 des mesures restrictrives concernant l'ouverture de commerces la nuit dans sa commune. Ces mesures ont été contestées comme potentiellement discriminatoires, notamment en raison de leur impact sur certaines catégories de commerçants. Poursuivi devant la justice pour discrimination, Julien Sanchez a dû défendre sa décision d'ordre réglementaire. Le tribunal a examiné le bien-fondé des accusations portées contre lui, au regard du droit de la non-discrimination et des pouvoirs de police municipale. Le 15 décembre 2016, la juridiction a rendu son jugement en relaxant Julien Sanchez de tous les faits de discrimination qui lui étaient reprochés. Cette décision a clos la procédure sur ce fondement, reconnaissant l'absence de culpabilité sur les griefs en question. Actuellement député européen, Julien Sanchez a été impliqué dans d'autres contentieux, notamment une condamnation par la CEDH pour incitation à la haine.",3,https://fr.wikipedia.org/wiki/Julien_Sanchez,Wikipedia — Julien Sanchez,https://poligraph.fr/affaires/julien-sanchez-mesures-discriminatoires-contre-les-magasins-ouverts-la-nuit,2026-02-20T18:29:34.526Z,2026-03-04T21:58:41.864Z,PENAL
AF-000215,fabien-roussel-soupcons-d-emploi-fictif-comme-assistant-parlementaire,Soupçons d'emploi fictif comme assistant parlementaire,PG-001742,fabien-roussel,Fabien Roussel,PCF,Parti communiste français,Extrême gauche,PCF,Parti communiste français,Enquête préliminaire,ENQUETE_PRELIMINAIRE,Emploi fictif,EMPLOI_FICTIF,Critique,CRITIQUE,Mis en cause,DIRECT,oui,2009-01-01,,,,,,,,,non,,,,,"Une enquête préliminaire est ouverte en mars 2022 par le Parquet national financier sur des soupçons d'emploi fictif. Mediapart affirme que Fabien Roussel aurait bénéficié d'un emploi fictif comme attaché parlementaire de Jean-Jacques Candelier entre 2009 et 2014, pour un salaire mensuel de 3000 euros, en se basant sur un enregistrement, des témoignages et des documents montrant son absence de l'organigramme de l'équipe parlementaire. Fabien Roussel nie les accusations et affirme avoir réellement travaillé pour suivre des conflits dans le Douaisis.",11,https://fr.wikipedia.org/wiki/Fabien_Roussel,Wikipedia — Fabien Roussel,https://poligraph.fr/affaires/fabien-roussel-soupcons-d-emploi-fictif-comme-assistant-parlementaire,2026-02-20T18:29:34.352Z,2026-03-04T21:16:33.860Z,PENAL
AF-000214,sandrine-rousseau-baupin-denonciation-d-agressions-sexuelles-par-sandrine-rousseau,Affaire Baupin - Dénonciation d'agressions sexuelles par Sandrine Rousseau,PG-000356,sandrine-rousseau,Sandrine Rousseau,EELV,Les Écologistes – Europe Écologie Les Verts,Gauche,EELV,Les Écologistes – Europe Écologie Les Verts,Classement sans suite,CLASSEMENT_SANS_SUITE,Agression sexuelle,AGRESSION_SEXUELLE,Grave,GRAVE,Victime,VICTIM,non,2011-10-01,,2017-03-31,,,,,,,non,,,Parquet de Paris,,"En mai 2016, Sandrine Rousseau, alors secrétaire nationale adjointe d'Europe Ecologie Les Verts, fait partie des quatre élues écologistes qui accusent publiquement Denis Baupin, député et vice-président de l'Assemblée nationale, de harcèlement et d'agressions sexuelles, dans le cadre d'une enquête menée par Mediapart et France Inter. Elle dénonce notamment une agression survenue en octobre 2011 où Denis Baupin l'aurait plaquée contre un mur, les mains sur les seins, en cherchant à l'embrasser. Après plusieurs mois d'enquête, le parquet de Paris classe l'affaire sans suite en mars 2017, considérant que certains faits étaient ""susceptibles d'être qualifiés pénalement"" mais prescrits, tout en relevant l'existence de ""déclarations mesurées, constantes et corroborées par des témoignages"". Denis Baupin nie ces accusations et porte plainte pour diffamation, conduisant à la mise en examen de Sandrine Rousseau en mars 2017, qui dépose à son tour plainte pour dénonciation calomnieuse en septembre 2017.",5,https://fr.wikipedia.org/wiki/Sandrine_Rousseau,Wikipedia — Sandrine Rousseau,https://poligraph.fr/affaires/sandrine-rousseau-baupin-denonciation-d-agressions-sexuelles-par-sandrine-rousseau,2026-02-20T18:29:34.006Z,2026-03-04T21:16:33.811Z,PENAL
AF-000213,stephane-ravier-favoritisme-partage-de-marche-public,Affaire de favoritisme (partage de marché public),PG-000960,stephane-ravier,Stéphane Ravier,NI,Non-inscrits,,NI,Non-inscrits,Condamnation (1ère instance),CONDAMNATION_PREMIERE_INSTANCE,Favoritisme,FAVORITISME,Critique,CRITIQUE,Mis en cause,DIRECT,oui,2016-01-01,,2026-02-17,5000,3,0,12,,,non,"3 mois de prison avec sursis, 1 an d'inéligibilité et 5 000 euros d'amende pour favoritisme (première instance, tribunal de Marseille, 17 février 2026).",,,,"Stéphane Ravier, sénateur des Bouches-du-Rhône et alors sans affiliation partisane, a été jugé en première instance pour favoritisme dans l'exercice de ses fonctions de maire de secteur. Les faits remontent à 2016 et concernent le partage d'un marché public entre deux sociétés appartenant à une même personne. Cette pratique lui aurait permis d'éviter la mise en place d'une procédure d'appel d'offres obligatoire. Le jugement a lieu dix ans après les faits incriminés. Par jugement du 17 février 2026, le tribunal correctionnel le condamne à trois mois de prison avec sursis, une année d'inéligibilité et une amende de 5 000 euros. Cette condamnation intervient en première instance, ce qui signifie qu'une procédure d'appel reste possible. Cette affaire s'inscrit dans un contexte plus large d'enjeux de gestion publique et de respect des règles de transparence administrative. Elle s'ajoute à plusieurs autres procédures impliquant le sénateur, parmi lesquelles l'affaire de prise illégale d'intérêts, relative à l'embauche de son fils.",3,https://fr.wikipedia.org/wiki/St%C3%A9phane_Ravier,Wikipedia — Stéphane Ravier,https://poligraph.fr/affaires/stephane-ravier-favoritisme-partage-de-marche-public,2026-02-20T18:29:33.838Z,2026-07-31T16:31:27.086Z,PENAL
AF-000212,stephane-ravier-favoritisme-marches-publics-site-internet,Affaire de favoritisme (marchés publics site internet),PG-000960,stephane-ravier,Stéphane Ravier,NI,Non-inscrits,,NI,Non-inscrits,Enquête préliminaire,ENQUETE_PRELIMINAIRE,Favoritisme,FAVORITISME,Critique,CRITIQUE,Mis en cause,DIRECT,oui,,2022-02-01,,,,,,,,non,,,,,"Stéphane Ravier, sénateur des Bouches-du-Rhône et membre du groupe Non-inscrits, fait l'objet d'une enquête préliminaire ouverte en août 2021 par le parquet de Marseille pour des soupçons de favoritisme et recel de favoritisme dans la gestion de marchés publics. Les faits allégués concernent l'attribution de marchés publics pour la création du site internet de sa mairie de secteur. Cette procédure relève de la catégorie du favoritisme, délit caractérisé par l'attribution avantageuse de contrats publics sans respect des principes de transparence et de concurrence. L'enquête préliminaire a été diligentée par le parquet de Marseille suivant le protocole standard pour les affaires présumées de déviation de deniers publics. À ce stade de la procédure, aucune mise en examen n'a été signalée et Stéphane Ravier bénéficie de la présomption d'innocence. Aucune information n'est actuellement disponible sur l'avancement ou l'issue de cette enquête. Ce dossier s'inscrit dans un contexte judiciaire plus large impliquant Stéphane Ravier, notamment des affaires de prise illégale d'intérêts relatifs à la gestion de son office public.",2,https://fr.wikipedia.org/wiki/St%C3%A9phane_Ravier,Wikipedia — Stéphane Ravier,https://poligraph.fr/affaires/stephane-ravier-favoritisme-marches-publics-site-internet,2026-02-20T18:29:33.659Z,2026-03-04T21:58:33.556Z,PENAL
AF-000211,stephane-ravier-prise-illegale-d-interets-embauche-du-fils,Affaire de prise illégale d'intérêts (embauche du fils),PG-000960,stephane-ravier,Stéphane Ravier,NI,Non-inscrits,,NI,Non-inscrits,Appel en cours,APPEL_EN_COURS,Prise illégale d'intérêts,PRISE_ILLEGALE_INTERETS,Critique,CRITIQUE,Mis en cause,DIRECT,oui,,2024-05-29,2026-02-10,,6,0,12,,,non,,,Tribunal correctionnel de Marseille,,"Stéphane Ravier, sénateur des Bouches-du-Rhône et alors non-inscrit, a été poursuivi pour prise illégale d'intérêts suite au recrutement de son fils Thomas dans sa mairie de secteur pendant trois ans et demi. Le 29 mai 2024, le tribunal correctionnel de Marseille le condamne à six mois de prison avec sursis et un an d'inéligibilité pour cette infraction. Son fils, poursuivi conjointement, est cependant acquitté en première instance. En appel, la cour d'appel confirme le 17 février 2026 la condamnation du sénateur, maintenant la peine de six mois avec sursis et l'inéligibilité d'un an. Thomas Ravier voit sa condamnation infirmée en appel et obtient sa relaxe. Cette affaire s'inscrit dans un contexte plus large de contentieux judiciaires ayant émaillé la trajectoire de Stéphane Ravier, notamment l'affaire de favoritisme concernant des marchés publics. La décision de justice définitive confirme que le recrutement du fils constituait bien un détournement de pouvoir public à titre personnel, distinct de toute faute personnelle de ce dernier dans les conditions de son embauche.",6,https://fr.wikipedia.org/wiki/St%C3%A9phane_Ravier,Wikipedia — Stéphane Ravier,https://poligraph.fr/affaires/stephane-ravier-prise-illegale-d-interets-embauche-du-fils,2026-02-20T18:29:32.704Z,2026-07-31T16:31:27.691Z,PENAL
AF-000210,stephane-ravier-diffamation-envers-sos-mediterranee,Affaire de diffamation envers SOS Méditerranée,PG-000960,stephane-ravier,Stéphane Ravier,NI,Non-inscrits,,NI,Non-inscrits,Relaxe,RELAXE,Diffamation,DIFFAMATION,Significatif,SIGNIFICATIF,Mis en cause,DIRECT,non,2018-01-01,,,,,,,,,non,,,Cour d'appel,,"Stéphane Ravier, sénateur des Bouches-du-Rhône, non-inscrit à l'époque des faits, a été poursuivi pour diffamation publique suite à des accusations portées en 2018 contre l'ONG SOS Méditerranée. Il reprochait à l'organisation d'être « complice du trafic d'êtres humains », des propos tenus dans un contexte de débat public sur les migrations et le sauvetage en mer Méditerranée. Le tribunal correctionnel de Marseille a statué le 23 février 2024, le condamnant à 3 000 euros d'amende ainsi qu'au versement de 1 euro de préjudice moral et 3 000 euros de frais de procédure à l'ONG. Cette condamnation pour diffamation reconnaissait le caractère dommageable des accusations envers SOS Méditerranée. En mai 2025, la cour d'appel a prononcé une relaxe en raison de la prescription de l'action publique. Cette décision, fondée sur le délai écoulé entre les faits (2018) et la mise en examen, a invalidé les poursuites. L'ONG a envisagé un recours en pourvoi en cassation pour contester cette relaxe. Cette affaire s'inscrit dans une série de contentieux judiciaires impliquant le sénateur, notamment l'injure sexiste envers Samia Ghali et le tweet sur l'immigration et le meurtre en Seine-et-Marne, qui révèlent un profil de figure publique régulièrement impliquée dans des litiges de parole.",4,https://fr.wikipedia.org/wiki/St%C3%A9phane_Ravier,Wikipedia — Stéphane Ravier,https://poligraph.fr/affaires/stephane-ravier-diffamation-envers-sos-mediterranee,2026-02-20T18:29:32.535Z,2026-03-04T21:58:24.334Z,PENAL
AF-000209,stephane-ravier-injure-publique-envers-un-avocat-lyonnais,Affaire de l'injure publique envers un avocat lyonnais,PG-000960,stephane-ravier,Stéphane Ravier,NI,Non-inscrits,,NI,Non-inscrits,Action publique éteinte par prescription,PRESCRIPTION,Injure,INJURE,Significatif,SIGNIFICATIF,Mis en cause,DIRECT,non,,2023-12-19,,,,,,,,non,,,Tribunal correctionnel de Lyon,,"Stéphane Ravier, sénateur non-inscrit des Bouches-du-Rhône, a été poursuivi pour injure publique après avoir traité un avocat lyonnais de ""raclure"". Cette qualification visait le conseil qui avait assuré la défense d'un homme condamné pour un homicide routier commis en juillet 2020 à Lyon. La critique de M. Ravier s'attaquait ainsi à l'exercice de la fonction d'avocat plutôt qu'aux faits de l'espèce. Le tribunal correctionnel de Lyon a statué en décembre 2023. Il a condamné le sénateur à une amende de 10 000 euros, assorti d'une astreinte de 1 000 euros par jour en cas de non-publication de la décision sur ses réseaux sociaux, et au versement de 10 000 euros de dommages et intérêts au plaignant. Cette condamnation s'inscrit dans un contexte plus large de contentieux judiciaires impliquant M. Ravier. L'action publique s'est toutefois éteinte par prescription en octobre 2024, ce qui met fin à la procédure avant toute exécution définitive. Cette prescription intervient conformément aux délais légaux applicables aux délits d'injure publique.",4,https://fr.wikipedia.org/wiki/St%C3%A9phane_Ravier,Wikipedia — Stéphane Ravier,https://poligraph.fr/affaires/stephane-ravier-injure-publique-envers-un-avocat-lyonnais,2026-02-20T18:29:32.363Z,2026-03-04T21:58:18.139Z,PENAL
AF-000208,stephane-ravier-tweet-sur-l-immigration-et-le-meurtre-en-seine-et-marne,Affaire du tweet sur l'immigration et le meurtre en Seine-et-Marne,PG-000960,stephane-ravier,Stéphane Ravier,NI,Non-inscrits,,NI,Non-inscrits,Relaxe,RELAXE,Diffamation,DIFFAMATION,Significatif,SIGNIFICATIF,Mis en cause,DIRECT,non,2021-07-01,,,,,,,,,non,,,Tribunal correctionnel (parquet de Marseille),,"Stéphane Ravier, alors inscrit au groupe Non-inscrits au Sénat, publie le 1er juillet 2021 un tweet commentant le meurtre d'un jeune homme en Seine-et-Marne : « Théo, 18 ans, assassiné par un Sénégalais à Claye-Souilly. L'immigration tue la jeunesse de France ». Le message relie directement l'origine nationale de l'auteur de l'infraction à une critique générale de l'immigration. Le parquet de Marseille poursuit Stéphane Ravier pour diffamation raciale. En mai 2023, une amende pénale de 1 000 euros est requise devant le tribunal correctionnel. La juridiction donne raison au sénateur en le relaxant en juillet 2023, jugeant que ses propos ne constituent pas une diffamation au sens de la loi. Cette relaxe intervient dans un contexte récurrent : plusieurs autres contentieux judiciaires impliquent Stéphane Ravier, notamment l'affaire de diffamation envers SOS Méditerranée et l'affaire d'injure sexiste envers Samia Ghali. La relaxation de juillet 2023 clôt cette procédure sans condamnation.",3,https://fr.wikipedia.org/wiki/St%C3%A9phane_Ravier,Wikipedia — Stéphane Ravier,https://poligraph.fr/affaires/stephane-ravier-tweet-sur-l-immigration-et-le-meurtre-en-seine-et-marne,2026-02-20T18:29:32.197Z,2026-03-04T21:58:14.049Z,PENAL
AF-000207,stephane-ravier-injure-sexiste-envers-samia-ghali,Affaire de l'injure sexiste envers Samia Ghali,PG-000960,stephane-ravier,Stéphane Ravier,NI,Non-inscrits,,NI,Non-inscrits,Relaxe,RELAXE,Injure,INJURE,Significatif,SIGNIFICATIF,Mis en cause,DIRECT,non,2019-04-01,,,,,,,,,non,,,Cour d'appel d'Aix-en-Provence,,"Stéphane Ravier, sénateur des Bouches-du-Rhône non-inscrit, a été poursuivi pour injure sexiste après des propos tenus lors d'une réunion publique en avril 2019. Le sénateur avait déclaré à propos de la sénatrice Samia Ghali : « La sénatrice Samia G., c'est le point G. de Marseille ! », une formule exploitant à connotation sexuelle le patronyme de l'élue. Le tribunal correctionnel de Marseille a condamné Stéphane Ravier en mai 2021 à 1500 euros d'amende pour injure sexiste, estimant que les propos constituaient une atteinte à la dignité de la victime. Cependant, la cour d'appel d'Aix-en-Provence a infirmé ce jugement en mars 2022. Elle a relaxé le sénateur, considérant que les propos en question ne revêtaient pas le caractère d'une injure au sens de la loi. Cette décision représente le jugement définitif de l'affaire. Stéphane Ravier a par ailleurs été impliqué dans plusieurs autres affaires judiciaires, notamment l'affaire de prise illégale d'intérêts et l'affaire de favoritisme.",3,https://fr.wikipedia.org/wiki/St%C3%A9phane_Ravier,Wikipedia — Stéphane Ravier,https://poligraph.fr/affaires/stephane-ravier-injure-sexiste-envers-samia-ghali,2026-02-20T18:29:32.031Z,2026-03-04T21:58:09.434Z,PENAL
AF-000205,jean-hugues-ratenon-diffamation-et-injures-tract-2009,Affaire de diffamation et injures (tract 2009),PG-000163,jean-hugues-ratenon,Jean-Hugues Ratenon,LFI,La France insoumise,Extrême gauche,,,Relaxe,RELAXE,Diffamation,DIFFAMATION,Significatif,SIGNIFICATIF,Mis en cause,DIRECT,non,2009-12-11,,,,,,,,,non,,,Tribunal correctionnel,,"Jean-Hugues Ratenon, alors membre de Rézistan's Égalité 974 et actuellement député de la 5ème circonscription au sein de La France insoumise, a été poursuivi pour diffamation et injures publiques. En décembre 2009, Ratenon distribue un tract via son association « Agir pou nout tout » contenant des critiques virulentes envers Daniel Gonthier, maire de sa circonscription. Le tract utilisait des expressions péjoratives dont « comportement de voyou » et « gros blanc ». Gonthier, considéré comme citoyen chargé d'un mandat public, a déposé plainte pour diffamation et injures. L'affaire a été soumise au tribunal correctionnel. En décembre 2010, le tribunal a jugé la plainte irrecevable, décision fondée sur un vice de procédure : la consignation financière obligatoire n'avait pas été versée dans les délais prévus par la loi. Gonthier a interjeté appel, mais la cour d'appel a confirmé cette décision en avril 2011, maintenant l'irrecevabilité de l'action en justice. Cette irrecevabilité a abouti à une relaxe judiciaire de Ratenon, qui a pu continuer son engagement politique sans condamnation au fond. Cette affaire intervient en parallèle d'autres poursuites dont il a fait l'objet au cours de sa carrière politique.",4,https://fr.wikipedia.org/wiki/Jean-Hugues_Ratenon,Wikipedia — Jean-Hugues Ratenon,https://poligraph.fr/affaires/jean-hugues-ratenon-diffamation-et-injures-tract-2009,2026-02-20T18:29:31.694Z,2026-04-09T19:14:56.351Z,PENAL
AF-000204,julien-rancoule-plainte-de-sandrine-rousseau-contre-julien-rancoule-pour-pose-devant-une-pancarte-sexiste,Plainte de Sandrine Rousseau contre Julien Rancoule pour pose devant une pancarte sexiste,PG-000231,julien-rancoule,Julien Rancoule,RN,Rassemblement National,Extrême droite,RN,Rassemblement National,Enquête préliminaire,ENQUETE_PRELIMINAIRE,Injure,INJURE,Significatif,SIGNIFICATIF,Mis en cause,DIRECT,non,2024-01-26,,,,,,,,,non,,,null,,"Le 26 janvier 2024, Julien Rancoule, député RN de l'Aude, pose avec deux autres élus RN (Christophe Barthes et Frédéric Falcon) devant une pancarte affichant l'inscription « Va faire la soupe salope », ciblant les élues écologistes Sandrine Rousseau et Marine Tondelier. Cette inscription fait référence à une insulte lancée par un vigneron aux deux élues le 13 juin 2023. Le 29 janvier 2024, Sandrine Rousseau dépose une demande de sanction auprès de la présidence de l'Assemblée nationale et engage une procédure judiciaire. Julien Rancoule se défend en affirmant qu'il s'agit d'un ""cri de colère de paysans"" et qu'ils n'auraient pas utilisé ces termes eux-mêmes.",5,https://fr.wikipedia.org/wiki/Julien_Rancoule,Wikipedia — Julien Rancoule,https://poligraph.fr/affaires/julien-rancoule-plainte-de-sandrine-rousseau-contre-julien-rancoule-pour-pose-devant-une-pancarte-sexiste,2026-02-20T18:29:31.524Z,2026-03-04T21:16:33.287Z,PENAL
AF-000203,adrien-quatennens-plainte-en-diffamation-de-gerald-darmanin-contre-adrien-quatennens,Plainte en diffamation de Gérald Darmanin contre Adrien Quatennens,PG-000594,adrien-quatennens,Adrien Quatennens,LFI,La France insoumise,Extrême gauche,LFI,La France insoumise,Enquête préliminaire,ENQUETE_PRELIMINAIRE,Diffamation,DIFFAMATION,Significatif,SIGNIFICATIF,Mis en cause,DIRECT,non,2022-12-13,,,,,,,,,non,,,null,,"Le 13 décembre 2022, Gérald Darmanin, ministre de l'Intérieur, annonce porter plainte en diffamation contre Adrien Quatennens, député La France insoumise du Nord. Cette action fait suite aux propos tenus par Quatennens dans une interview à La Voix du Nord, où il affirme que sa condamnation pour violences conjugales aurait été « orchestrée depuis le ministère de l'Intérieur » et que les fuites de la procédure seraient d'origine politique. Darmanin qualifie ces accusations de « propos calomnieux » et dépose plainte le 14 décembre 2022. Le ministre réfute catégoriquement toute implication de son ministère dans la procédure judiciaire visant Quatennens et défie ce dernier de publier ses preuves.",7,https://fr.wikipedia.org/wiki/Adrien_Quatennens,Wikipedia — Adrien Quatennens,https://poligraph.fr/affaires/adrien-quatennens-plainte-en-diffamation-de-gerald-darmanin-contre-adrien-quatennens,2026-02-20T18:29:31.360Z,2026-03-04T21:16:33.235Z,PENAL
AF-000202,adrien-quatennens-condamnation-d-adrien-quatennens-pour-violences-conjugales-2,Condamnation d'Adrien Quatennens pour violences conjugales,PG-000594,adrien-quatennens,Adrien Quatennens,LFI,La France insoumise,Extrême gauche,LFI,La France insoumise,Condamnation définitive,CONDAMNATION_DEFINITIVE,Violence,VIOLENCE,Significatif,SIGNIFICATIF,Mis en cause,DIRECT,non,2021-10-01,,2022-12-13,2000,4,0,0,,,non,,Dommages et intérêts de 2 000 euros pour préjudice moral versés à l'ex-épouse,Tribunal judiciaire de Lille,,"Le 13 décembre 2022, le député Adrien Quatennens (LFI) a été condamné par le tribunal judiciaire de Lille à quatre mois de prison avec sursis et 2 000 euros de dommages et intérêts pour préjudice moral, dans le cadre d'une comparution sur reconnaissance préalable de culpabilité (plaider-coupable). Il a été reconnu coupable de violences sans incapacité commises par conjoint entre octobre et décembre 2021 (une gifle) et d'envoi régulier et malveillant de messages à son ex-épouse par SMS et WhatsApp entre août et septembre 2022. Son épouse avait dénoncé des violences physiques et psychologiques exercées depuis plusieurs années, évoquant les colères et crises de son mari. Suite à cette condamnation, le groupe LFI-Nupes l'a radié pour quatre mois (jusqu'au 13 avril 2023), conditionnant son retour à un stage de responsabilisation sur les violences faites aux femmes.",12,https://fr.wikipedia.org/wiki/Adrien_Quatennens,Wikipedia — Adrien Quatennens,https://poligraph.fr/affaires/adrien-quatennens-condamnation-d-adrien-quatennens-pour-violences-conjugales-2,2026-02-20T18:29:31.026Z,2026-07-31T16:31:27.914Z,PENAL
AF-000201,aurelien-pradie-accusations-d-homophobie-a-l-assemblee-nationale-2022,Accusations d'homophobie à l'Assemblée nationale (2022),PG-000129,aurelien-pradie,Aurélien Pradié,,,,LR,Les Républicains,Classement sans suite,CLASSEMENT_SANS_SUITE,Incitation à la haine,INCITATION_HAINE,Critique,CRITIQUE,Mis en cause,DIRECT,oui,2022-08-03,,,,,,,,,non,,,,,"Aurélien Pradié, député de la 1ère circonscription et membre des Républicains, est au cœur d'une controverse relative à des propos tenus lors d'une séance de questions au gouvernement. Le 3 août 2022, lors de débats parlementaires portant sur la variole du singe, Pradié aurait commenté une intervention de Sandrine Rousseau par la remarque : « c'est surtout une honte pour les singes ». Cette phrase, retranscrite dans le compte rendu officiel de la séance, a été interprétée comme une allusion homophobe, le contexte de la discussion portant sur une maladie disproportionnément affectant certaines communautés. Pradié a formellement démenti tenir ces propos, malgré leur présence dans la documentation officielle de l'Assemblée. Sandrine Rousseau a saisi l'instance parlementaire en déposant un recours au titre de l'homophobie manifeste, enclenchant un processus de traitement interne à l'Assemblée nationale. Sur le plan judiciaire, la situation s'est cristallisée autour d'un enjeu d'immunité parlementaire. Les poursuites judiciaires potentielles ont été écartées en raison de la protection constitutionnelle dont bénéficient les parlementaires pour leurs paroles en séance. L'affaire a connu un classement sans suite, le cadre judiciaire ne permettant pas de poursuivre les faits allégués. Cette affaire intervient dans un contexte où Pradié avait précédemment fait l'objet de sanctions électorales.",5,https://fr.wikipedia.org/wiki/Aur%C3%A9lien_Pradi%C3%A9,Wikipedia — Aurélien Pradié,https://poligraph.fr/affaires/aurelien-pradie-accusations-d-homophobie-a-l-assemblee-nationale-2022,2026-02-20T18:29:30.862Z,2026-03-04T21:57:56.369Z,PENAL
AF-000199,jean-vincent-place-mise-en-examen-pour-agression-sexuelle-a-l-etranger,Mise en examen pour agression sexuelle à l'étranger,PG-001655,jean-vincent-place,Jean-Vincent Placé,PRG,Parti radical de gauche,Gauche,PRG,Parti radical de gauche,Renvoi devant le tribunal,RENVOI_TRIBUNAL,Agression sexuelle,AGRESSION_SEXUELLE,Grave,GRAVE,Mis en cause,DIRECT,non,2017-10-01,,,,,,,,,non,,,,,"Jean-Vincent Placé, député du Parti radical de gauche à l'époque des faits, est mis en examen le 6 septembre 2024 pour agression sexuelle sur une deuxième femme. Les faits reprochés remonteraient à octobre 2017 et auraient été commis à l'étranger. Cette mise en examen intervient dans un contexte judiciaire déjà chargé pour l'homme politique. Il fait l'objet de plusieurs procédures parallèles : une condamnation pour harcèlement sexuel sur une gendarme et une mise en examen pour agressions et harcèlement sexuels mettant en cause une ancienne collaboratrice. Le statut de mise en examen signifie que le magistrat instructeur a rassemblé des éléments suffisants pour justifier des poursuites, sans pour autant préjuger de la culpabilité du mis en examen. La présomption d'innocence s'applique jusqu'au jugement définitif. Cette affaire s'inscrit dans une série d'accusations de nature sexuelle formulées contre Jean-Vincent Placé depuis plusieurs années, marquant un tournant significatif dans sa trajectoire politique.",2,https://fr.wikipedia.org/wiki/Jean-Vincent_Plac%C3%A9,Wikipedia — Jean-Vincent Placé,https://poligraph.fr/affaires/jean-vincent-place-mise-en-examen-pour-agression-sexuelle-a-l-etranger,2026-02-20T18:29:30.023Z,2026-03-12T16:50:47.336Z,PENAL
AF-000198,jean-vincent-place-mise-en-examen-pour-agressions-et-harcelement-sexuels-ancienne-collaboratrice,Mise en examen pour agressions et harcèlement sexuels (ancienne collaboratrice),PG-001655,jean-vincent-place,Jean-Vincent Placé,PRG,Parti radical de gauche,Gauche,PRG,Parti radical de gauche,Renvoi devant le tribunal,RENVOI_TRIBUNAL,Agression sexuelle,AGRESSION_SEXUELLE,Grave,GRAVE,Mis en cause,DIRECT,non,2012-01-01,,,,,,,,,non,,,,,"Jean-Vincent Placé, ancien sénateur du Parti radical de gauche, fait l'objet d'une mise en examen pour agressions sexuelles et harcèlement sexuel à partir de mars 2022. Une ancienne collaboratrice accuse le politicien de faits de harcèlement et agressions sexuelles commis entre 2012 et 2016. À la suite de cette plainte, Placé est placé en garde à vue le 28 mars 2022. Il est mis en examen le 29 mars 2022 pour agressions sexuelles et harcèlement sexuel, puis placé sous contrôle judiciaire. L'affaire a été renvoyée devant un tribunal pour jugement. Sous le régime de la présomption d'innocence, les accusations doivent être établies par la justice. Cette mise en examen intervient dans un contexte où Placé fait face à plusieurs autres procédures judiciaires, notamment une condamnation antérieure pour harcèlement sexuel sur une gendarme. Les conditions de mise sous contrôle judiciaire encadrent la liberté du mis en examen en attente de jugement. L'issue définitive de cette affaire sera déterminée par la juridiction compétente lors du procès.",5,https://fr.wikipedia.org/wiki/Jean-Vincent_Plac%C3%A9,Wikipedia — Jean-Vincent Placé,https://poligraph.fr/affaires/jean-vincent-place-mise-en-examen-pour-agressions-et-harcelement-sexuels-ancienne-collaboratrice,2026-02-20T18:29:29.858Z,2026-03-04T21:57:43.427Z,PENAL
AF-000196,jean-vincent-place-infractions-routieres-impayees,Affaire des infractions routières impayées,PG-001655,jean-vincent-place,Jean-Vincent Placé,PRG,Parti radical de gauche,Gauche,PRG,Parti radical de gauche,Classement sans suite,CLASSEMENT_SANS_SUITE,Autre,AUTRE,Significatif,SIGNIFICATIF,Mis en cause,DIRECT,non,2004-01-01,,,,,,,,,non,,,,,"Jean-Vincent Placé, membre du Parti radical de gauche, a accumulé entre 2004 et 2010 une centaine d'infractions routières commises avec un véhicule de fonction du conseil régional d'Île-de-France. Ces infractions concernaient principalement des stationnements interdits et des excès de vitesse. Les procès-verbaux correspondants n'ont pas été réglés au moment de leur émission. Le conseil régional d'Île-de-France a adressé à Placé une réclamation portant sur 133 amendes, pour un montant total de 18 161 euros. Cette dette administrativement établie a alimenté un contentieux entre l'élu et la région. Placé a déclaré avoir régularisé sa situation en avril 2014, en acquittant la somme réclamée. Après vérification et arrangement du dossier, les poursuites ont été abandonnées sans suite. La procédure a été classée sans suite en raison du règlement amiable intervenu.",3,https://fr.wikipedia.org/wiki/Jean-Vincent_Plac%C3%A9,Wikipedia — Jean-Vincent Placé,https://poligraph.fr/affaires/jean-vincent-place-infractions-routieres-impayees,2026-02-20T18:29:29.520Z,2026-03-04T21:57:35.447Z,PENAL
AF-000194,annick-petrus-tabac-de-contrebande-a-l-aeroport-de-roissy,Affaire du tabac de contrebande à l'aéroport de Roissy,PG-000912,annick-petrus,Annick Petrus,LR,Les Républicains,Droite,LR,Les Républicains,Classement sans suite,CLASSEMENT_SANS_SUITE,Autre,AUTRE,Significatif,SIGNIFICATIF,Mis en cause,DIRECT,non,2025-05-04,,,,,,,,,non,,,,,"Annick Petrus, sénatrice de Saint-Martin membre des Républicains, a été interpellée le 4 mai 2025 à l'aéroport de Roissy lors d'un contrôle douanier. Elle était en possession de 22 kilos de cigarettes non déclarées, composées de 110 cartouches de marques Marlboro et Philip Morris, d'une valeur totale de 14 250 euros. La sénateur a reconnu l'infraction de contrebande et n'a pas contesté les constatations des autorités douanières. Face à cette situation, l'administration des douanes a proposé un arrangement transactionnel, procédure permettant de résoudre l'affaire sans saisine de la justice pénale. Annick Petrus a accepté cet arrangement et s'est engagée à verser une amende de 4 900 euros. La marchandise saisie a été détruite conformément à la réglementation applicable aux produits illicites. L'affaire n'a donc pas donné lieu à des poursuites judiciaires formelles. Le classement sans suite, formalisé à l'issue de cette transaction, met un terme à la procédure administrative.",7,https://fr.wikipedia.org/wiki/Annick_Petrus,Wikipedia — Annick Petrus,https://poligraph.fr/affaires/annick-petrus-tabac-de-contrebande-a-l-aeroport-de-roissy,2026-02-20T18:29:29.183Z,2026-03-04T21:57:27.966Z,PENAL
AF-000193,jean-marie-le-pen-assistants-parlementaires-du-front-national-au-parlement-europeen,Affaire des assistants parlementaires du Front national au Parlement européen,PG-000623,jean-marie-le-pen,Jean-Marie Le Pen,,,,FN,Front national,Classement sans suite,CLASSEMENT_SANS_SUITE,Détournement de fonds publics,DETOURNEMENT_FONDS_PUBLICS,Critique,CRITIQUE,Mis en cause,DIRECT,oui,2013-01-01,,2025-03-31,0,0,,0,,,non,,"Jean-Marie Le Pen n'a pas été jugé en première instance en raison de ses facultés considérablement altérées. Les peines mentionnées dans les articles concernent d'autres prévenus (Marine Le Pen, Wallerand de Saint-Just).","Tribunal correctionnel de Paris (première instance), Cour d'appel de Paris (appel)",,"Jean-Marie Le Pen est mis en examen en 2019 pour détournement de fonds publics et complicité de ce délit dans le cadre de l'affaire des assistants parlementaires européens du Front national. Selon l'accusation, il aurait mis en place un système de détournement de fonds consistant à rémunérer des permanents du parti avec l'argent du Parlement européen sous couvert de contrats fictifs d'assistants parlementaires. Le procès en première instance devait se tenir de septembre à novembre 2024, mais le tribunal judiciaire de Paris a jugé en juillet 2024 que Jean-Marie Le Pen n'était pas apte à y assister en raison de ses facultés considérablement altérées. En première instance (mars 2025), le tribunal correctionnel a condamné 25 prévenus dont Marine Le Pen, considérée comme l'instigatrice ""à la suite de son père"" d'un système ayant permis de détourner 1,4 million d'euros. Un procès en appel s'est tenu en janvier-février 2026 devant la cour d'appel de Paris, lors duquel le parquet a requis la condamnation de tous les prévenus, dont Jean-Marie Le Pen bien que sa présence n'ait pas été mentionnée.",11,https://fr.wikipedia.org/wiki/Jean-Marie_Le_Pen,Wikipedia — Jean-Marie Le Pen,https://poligraph.fr/affaires/jean-marie-le-pen-assistants-parlementaires-du-front-national-au-parlement-europeen,2026-02-20T18:29:29.016Z,2026-03-12T08:36:40.734Z,PENAL
AF-000192,jean-marie-le-pen-frais-de-mandat-indus-de-jean-marie-le-pen-au-parlement-europeen,Affaire des frais de mandat indus de Jean-Marie Le Pen au Parlement européen,PG-000623,jean-marie-le-pen,Jean-Marie Le Pen,,,,FN,Front national,Condamnation (1ère instance),CONDAMNATION_PREMIERE_INSTANCE,Détournement de fonds publics,DETOURNEMENT_FONDS_PUBLICS,Critique,CRITIQUE,Mis en cause,DIRECT,oui,,,2025-07-16,303200.99,,,,,,non,,Obligation de remboursement de frais indûment perçus,Tribunal de l'Union européenne,,"Le Parlement européen réclame à Jean-Marie Le Pen le remboursement de 303 200,99 euros pour des dépenses personnelles indûment facturées comme frais de mandat durant ses trois décennies en tant qu'eurodéputé (jusqu'en 2019). Selon un rapport de l'Office européen de lutte antifraude (OLAF), il aurait fait rembourser via la ""ligne budgétaire 400"" des achats personnels incluant 129 bouteilles de vin, cravates, horloges, balances de cuisine, lunettes de réalité virtuelle et autres objets sans lien avec son mandat. Le secrétaire général du Parlement européen a notifié cette demande de remboursement en juillet 2024. Après le décès de Jean-Marie Le Pen le 7 janvier 2025, ses trois filles (Marine, Yann et Marie-Caroline) ont poursuivi le recours en tant qu'héritières, mais le tribunal de l'Union européenne a rejeté ce recours le 16 juillet 2025. Un pourvoi devant la Cour de justice de l'UE reste possible dans un délai de deux mois et dix jours.",8,https://fr.wikipedia.org/wiki/Jean-Marie_Le_Pen,Wikipedia — Jean-Marie Le Pen,https://poligraph.fr/affaires/jean-marie-le-pen-frais-de-mandat-indus-de-jean-marie-le-pen-au-parlement-europeen,2026-02-20T18:29:28.615Z,2026-03-04T21:16:32.608Z,PENAL
AF-000191,jean-marie-le-pen-mise-en-examen-de-jean-marie-le-pen-pour-diffamation-a-caractere-raciste,Mise en examen de Jean-Marie Le Pen pour diffamation à caractère raciste,PG-000623,jean-marie-le-pen,Jean-Marie Le Pen,,,,FN,Front national,Classement sans suite,CLASSEMENT_SANS_SUITE,Diffamation,DIFFAMATION,Significatif,SIGNIFICATIF,Mis en cause,DIRECT,non,2009-09-02,,,,,,,,,non,,,Tribunal de Paris,,"En septembre 2018, Jean-Marie Le Pen est mis en examen pour diffamation publique a caractere raciste suite a des propos tenus le 2 septembre 2009 sur RTL, ou il avait declare que ""90% des faits divers ont a leur origine soit un immigre soit une personne d'origine immigree"". Cette procedure a ete initiee par le parquet de Paris a la suite d'une plainte deposee par SOS Racisme. Le Parlement europeen avait leve son immunite parlementaire en juin 2017 pour permettre les poursuites. La procedure s'est eteinte avec le deces de Jean-Marie Le Pen le 7 janvier 2025, l'action publique s'eteignant par la mort du prevenu (article 6 du code de procedure penale).",4,https://fr.wikipedia.org/wiki/Jean-Marie_Le_Pen,Wikipedia — Jean-Marie Le Pen,https://poligraph.fr/affaires/jean-marie-le-pen-mise-en-examen-de-jean-marie-le-pen-pour-diffamation-a-caractere-raciste,2026-02-20T18:29:28.447Z,2026-03-19T14:10:16.355Z,PENAL
AF-000190,jean-marie-le-pen-relaxe-de-jean-marie-le-pen-pour-ses-propos-sur-la-fournee,"Relaxe de Jean-Marie Le Pen pour ses propos sur la ""fournée""",PG-000623,jean-marie-le-pen,Jean-Marie Le Pen,,,,FN,Front national,Relaxe,RELAXE,Incitation à la haine,INCITATION_HAINE,Critique,CRITIQUE,Mis en cause,DIRECT,oui,2014-06-06,,2021-10-29,,,,,,,non,,,Tribunal correctionnel de Paris,,"Le 6 juin 2014, Jean-Marie Le Pen prononce à propos du chanteur Patrick Bruel la phrase ""Ça ne m'étonne pas, écoutez, on fera une fournée la prochaine fois"" dans son journal de bord audiovisuel. Ces propos suscitent un tollé immédiat et le Front national retire la vidéo de son site internet à la demande de Marine Le Pen. Poursuivi pour provocation à la haine raciale, Jean-Marie Le Pen, alors âgé de 93 ans, comparaît le 1er septembre 2021 devant le tribunal correctionnel de Paris (absent à l'audience). Le tribunal reconnaît que le mot ""fournée"" renvoie à l'extermination systématique des juifs d'Europe et que les propos visaient la communauté juive, mais relaxe néanmoins Jean-Marie Le Pen le 29 octobre 2021. Le parquet général interjette appel de cette décision.",7,https://fr.wikipedia.org/wiki/Jean-Marie_Le_Pen,Wikipedia — Jean-Marie Le Pen,https://poligraph.fr/affaires/jean-marie-le-pen-relaxe-de-jean-marie-le-pen-pour-ses-propos-sur-la-fournee,2026-02-20T18:29:28.272Z,2026-03-12T08:36:40.680Z,PENAL
AF-000189,jean-marie-le-pen-relaxe-de-jean-marie-le-pen-pour-les-affiches-non-a-l-islamisme,"Relaxe de Jean-Marie Le Pen pour les affiches ""Non à l'islamisme""",PG-000623,jean-marie-le-pen,Jean-Marie Le Pen,,,,FN,Front national,Relaxe,RELAXE,Incitation à la haine,INCITATION_HAINE,Critique,CRITIQUE,Mis en cause,DIRECT,oui,2010-02-01,,2011-04-05,,,,,,0,non,,Relaxe totale,"Tribunal correctionnel de Paris (relaxe pour vice de forme le 2 décembre 2010), puis Tribunal correctionnel de Nanterre (relaxe sur le fond le 5 avril 2011)",,"En février 2010, lors de la campagne des élections régionales, le mouvement de jeunesse du Front national diffuse en région PACA et sur internet des affiches intitulées ""Non à l'islamisme"" représentant une femme intégralement voilée à côté d'une carte de France recouverte du drapeau algérien avec des minarets en forme de missiles. Jean-Marie Le Pen est poursuivi pour incitation à la haine raciale par la Licra et SOS-Racisme devant le tribunal correctionnel de Paris, qui le relaxe le 2 décembre 2010 pour des raisons de forme sans juger le fond. Le Mrap saisit ensuite le tribunal correctionnel de Nanterre, qui relaxe également Jean-Marie Le Pen le 5 avril 2011, cette fois sur le fond, estimant que le contexte électoral autorise des propos parfois exagérés et que les islamistes ne constituent pas juridiquement un groupe de personnes au regard de la loi de 1881.",7,https://fr.wikipedia.org/wiki/Jean-Marie_Le_Pen,Wikipedia — Jean-Marie Le Pen,https://poligraph.fr/affaires/jean-marie-le-pen-relaxe-de-jean-marie-le-pen-pour-les-affiches-non-a-l-islamisme,2026-02-20T18:29:28.069Z,2026-03-12T08:17:02.078Z,PENAL
AF-000188,jean-marie-le-pen-condamnation-de-jean-marie-le-pen-pour-contestation-de-crime-contre-l-humanite-chambres-a-gaz-detail-de-l-histoire-2015,Condamnation de Jean-Marie Le Pen pour contestation de crime contre l'humanité (chambres à gaz « détail de l'histoire » - 2015),PG-000623,jean-marie-le-pen,Jean-Marie Le Pen,,,,FN,Front national,Condamnation définitive,CONDAMNATION_DEFINITIVE,Autre,AUTRE,Significatif,SIGNIFICATIF,Mis en cause,DIRECT,non,2015-04-01,,2018-03-27,30000,0,,,,,non,,Condamnation pour contestation de crime contre l'humanité,Cour de cassation,,"En avril 2015, Jean-Marie Le Pen réitère ses propos controversés en affirmant maintenir que les chambres à gaz constituent « un détail » de l'Histoire de la Seconde Guerre mondiale. Le 1er mars 2017, la cour d'appel de Paris le condamne à 30 000 euros d'amende pour contestation de crime contre l'humanité. Le 27 mars 2018, la Cour de cassation rejette son pourvoi, rendant la condamnation définitive. Cette affaire s'inscrit dans une série de condamnations similaires, Jean-Marie Le Pen ayant déjà été condamné pour des propos analogues en 1991, 1999 et d'autres occasions.",5,https://fr.wikipedia.org/wiki/Jean-Marie_Le_Pen,Wikipedia — Jean-Marie Le Pen,https://poligraph.fr/affaires/jean-marie-le-pen-condamnation-de-jean-marie-le-pen-pour-contestation-de-crime-contre-l-humanite-chambres-a-gaz-detail-de-l-histoire-2015,2026-02-20T18:29:27.898Z,2026-03-04T21:16:32.400Z,PENAL
AF-000187,jean-marie-le-pen-detail-reiteration-1997,Affaire du « détail » (réitération 1997),PG-000623,jean-marie-le-pen,Jean-Marie Le Pen,,,,FN,Front national,Condamnation définitive,CONDAMNATION_DEFINITIVE,Autre,AUTRE,Significatif,SIGNIFICATIF,Mis en cause,DIRECT,non,1997-01-01,,1999-09-10,,,,,,,non,"Condamnation civile : de 1 à 5 000 francs de dommages-intérêts selon les associations, et 300 000 francs consignés pour les frais de publication du jugement. Confirmation par la cour d'appel de Versailles le 10 septembre 1999.",,Cour d'appel de Versailles,,"Jean-Marie Le Pen, président du Front national, est à l'origine de plusieurs affaires judiciaires liées à ses déclarations publiques. En 1997, il réitère sa formule controversée du « détail » concernant l'Holocauste et les chambres à gaz, propos déjà sanctionnés précédemment. Cette déclaration fait l'objet de plaintes émanant de onze associations de défense des droits humains et de mémoire. La Cour d'appel de Versailles examine l'affaire et rend son jugement le 10 septembre 1999. Le Pen est condamné à verser des dommages-intérêts aux plaignants, avec une condamnation pécuniaire comprise entre un franc symbolique et 5000 francs selon les associations poursuivantes. Cette affaire s'inscrit dans un contexte de responsabilité civile pour des propos tenus publiquement. La juridiction reconnaît le préjudice causé aux associations plaignantes, bien que le quantum des dommages demeure modéré. Cette décision fait suite à d'autres poursuites contre le politicien, notamment pour contestation de crime contre l'humanité sur les propos des chambres à gaz. La condamnation en appel confirme la responsabilité civile sans préjuger de poursuites pénales antérieures ou ultérieures.",3,https://fr.wikipedia.org/wiki/Affaire_du_%C2%AB_d%C3%A9tail_%C2%BB,Wikipedia - l'Affaire du détail,https://poligraph.fr/affaires/jean-marie-le-pen-detail-reiteration-1997,2026-02-20T18:29:27.728Z,2026-09-01T15:16:00.927Z,PENAL
AF-000186,jean-marie-le-pen-condamnation-de-jean-marie-le-pen-pour-ses-propos-sur-le-detail-de-l-histoire,"Condamnation de Jean-Marie Le Pen pour ses propos sur le ""détail de l'histoire""",PG-000623,jean-marie-le-pen,Jean-Marie Le Pen,,,,FN,Front national,Condamnation définitive,CONDAMNATION_DEFINITIVE,Autre,AUTRE,Significatif,SIGNIFICATIF,Mis en cause,DIRECT,non,1987-09-13,,1988-01-28,1,0,,,,,non,,Un franc symbolique à verser à dix parties civiles dont le MRAP et la Licra,Cour d'appel de Versailles,,"Le 13 septembre 1987, Jean-Marie Le Pen, alors député FN, déclare que les chambres à gaz sont ""un point de détail de l'histoire de la seconde guerre mondiale"", provoquant un scandale national. Il est condamné en référé le 28 janvier 1988 par la cour d'appel de Versailles à verser un franc symbolique à dix parties civiles dont le MRAP et la Licra. Il sera condamné à nouveau en 1991 pour banalisation de crimes contre l'humanité, puis en 1999, après avoir réitéré ces propos en 1997, 2008, 2009 et 2015. Cette dernière réitération en 2015 lui vaudra son exclusion du Front national par sa fille Marine Le Pen.",5,https://blog.franceinfo.fr/derriere-le-front/2016/09/12/le-mot-de-trop.html,Le mot de trop ? - Derrière le Front,https://poligraph.fr/affaires/jean-marie-le-pen-condamnation-de-jean-marie-le-pen-pour-ses-propos-sur-le-detail-de-l-histoire,2026-02-20T18:29:26.859Z,2026-03-04T21:16:32.087Z,PENAL
AF-000185,jean-marie-le-pen-condamnation-pour-apologie-de-crime-de-guerre-disque-de-chants-nazis,Condamnation pour apologie de crime de guerre (disque de chants nazis),PG-000623,jean-marie-le-pen,Jean-Marie Le Pen,,,,,,Condamnation définitive,CONDAMNATION_DEFINITIVE,Autre,AUTRE,Significatif,SIGNIFICATIF,Mis en cause,DIRECT,non,1969-01-01,,1969-11-19,,2,0,,,,non,"2 mois de prison avec sursis et 10 000 francs d'amende (gérant de la SERP éditrice du disque). Définitif après rejet du pourvoi (Cour de cassation, 14 janvier 1971).",,Cour d'appel de Paris,,"Jean-Marie Le Pen, fondateur du Front national, est condamné par la cour d'appel de Paris le 19 novembre 1969 pour apologie de crime de guerre. Les faits remontent à 1969 et concernent un disque de chants nazis édité par la Serp, société dirigée par Le Pen. Le texte figurant au dos du disque présente la montée au pouvoir d'Adolf Hitler comme un mouvement populaire et démocratique, ce qui constitue une apologie des crimes de guerre du régime nazi. La cour d'appel de Paris estime que le contenu du disque enfreint la législation sur l'apologie de crime de guerre. Cette condamnation est définitive et s'ajoute à une série d'autres poursuites judiciaires contre Le Pen au cours de sa carrière politique, notamment pour des propos contestant le génocide, des déclarations jugées diffamatoires ou discriminatoires. Cette affaire exemplifie les limites légales imposées en France à la liberté d'expression lorsqu'elle touche à la glorification des crimes nazis et de la Seconde Guerre mondiale. La condamnation reflète le cadre juridique français qui sanctionne pénalement les apologies de crimes de guerre et les crimes contre l'humanité.",4,https://fr.wikipedia.org/wiki/Jean-Marie_Le_Pen,Wikipedia — Jean-Marie Le Pen,https://poligraph.fr/affaires/jean-marie-le-pen-condamnation-pour-apologie-de-crime-de-guerre-disque-de-chants-nazis,2026-02-20T18:29:26.690Z,2026-07-31T16:31:27.139Z,PENAL
AF-000184,jean-marie-le-pen-propos-monseigneur-ebola-sur-l-immigration,Affaire des propos « Monseigneur Ebola » sur l'immigration,PG-000623,jean-marie-le-pen,Jean-Marie Le Pen,,,,FN,Front national,Classement sans suite,CLASSEMENT_SANS_SUITE,Incitation à la haine,INCITATION_HAINE,Critique,CRITIQUE,Mis en cause,DIRECT,oui,2014-05-20,,,,,,,,,non,,,,,"Le 20 mai 2014, lors d'une réunion publique à Marseille, Jean-Marie Le Pen tient des propos sur l'explosion démographique et le « risque de submersion » de la France par l'immigration, déclarant que « Monseigneur Ebola peut régler ça en trois mois », en référence à l'épidémie d'Ebola qui sévissait alors en Afrique. Ces propos, tenus initialement lors d'un cocktail de presse avant son discours public, sont confirmés par plusieurs témoignages de journalistes présents. Interrogé par Canal+, Jean-Marie Le Pen tente de justifier ses déclarations en affirmant qu'il parlait de surpopulation mondiale et non d'immigration, mais les articles confirment qu'il a bien lié les deux sujets. Les sources ne mentionnent pas de condamnation judiciaire spécifique pour ces propos d'Ebola, bien que d'autres déclarations de Jean-Marie Le Pen aient fait l'objet de poursuites pour provocation à la haine raciale.",5,https://fr.wikipedia.org/wiki/Jean-Marie_Le_Pen,Wikipedia — Jean-Marie Le Pen,https://poligraph.fr/affaires/jean-marie-le-pen-propos-monseigneur-ebola-sur-l-immigration,2026-02-20T18:29:26.162Z,2026-03-04T21:16:31.882Z,PENAL
AF-000183,jean-marie-le-pen-propos-sur-les-sidaiques-de-jean-marie-le-pen,Affaire des propos sur les « sidaïques » de Jean-Marie Le Pen,PG-000623,jean-marie-le-pen,Jean-Marie Le Pen,,,,FN,Front national,Classement sans suite,CLASSEMENT_SANS_SUITE,Diffamation,DIFFAMATION,Significatif,SIGNIFICATIF,Mis en cause,DIRECT,non,1987-05-06,,,,,,,,,non,,,null,,"Le 6 mai 1987, lors de l'emission ""L'Heure de verite"" sur Antenne 2, Jean-Marie Le Pen qualifie les malades du sida de ""sidaiques"" et les compare a des lepreux, declarant qu'ils sont contagieux par la transpiration, les larmes et la salive. Il plaide pour leur placement dans des centres medicaux specialises, diffusant de fausses informations sur les modes de contamination du VIH. Ces propos provoquent un scandale national dans le contexte de l'epidemie de sida. Aucune condamnation judiciaire specifique pour ces propos n'est documentee dans les sources disponibles. A noter : la condamnation de Jean-Marie Le Pen par la cour d'appel de Lyon le 23 mai 1991 concerne un incident distinct, le slogan de campagne ""SIDA = Socialisme, Immigration, Drogue, Affairisme"" de 1990.",7,https://www.ina.fr/ina-eclaire-actu/video/i00005231/jm-le-pen-et-le-sida-les-modes-de-contagion-la-sodomie-et-la-drogue-et-l,"JM Le Pen et le SIDA : les modes de contagion, la sodomie et la drogue et l'exclusion",https://poligraph.fr/affaires/jean-marie-le-pen-propos-sur-les-sidaiques-de-jean-marie-le-pen,2026-02-20T18:29:25.983Z,2026-03-19T14:10:16.297Z,PENAL
AF-000182,jean-marie-le-pen-condamnation-de-jean-marie-le-pen-pour-coups-et-blessures-volontaires-1960,Condamnation de Jean-Marie Le Pen pour coups et blessures volontaires (1960),PG-000623,jean-marie-le-pen,Jean-Marie Le Pen,,,,,,Condamnation définitive,CONDAMNATION_DEFINITIVE,Violence,VIOLENCE,Significatif,SIGNIFICATIF,Mis en cause,DIRECT,non,1960-02-24,,1964-04-27,,,,,,,non,"800 francs d'amende et 2 500 francs de dommages-intérêts à la victime; pas de peine de prison (tribunal de la Seine, 27 avril 1964).",,null,,"Jean-Marie Le Pen, fondateur et leader du Front national, a été condamné en 1964 pour coups et blessures volontaires commis le 24 février 1960 sur le boulevard Saint-Germain à Paris. Cette affaire intervient au début de sa trajectoire politique, avant son accession à la tête du mouvement d'extrême droite. Les faits ont causé à la victime une dent cassée et une arcade sourcilière fendue. Le jugement définitif rendu en 1964 a établi la culpabilité de Le Pen pour ces violences. Cette condamnation s'inscrit dans un ensemble de démêlés judiciaires qui marqueront sa carrière publique. Bien que cette affaire soit de nature pénale classique liée à la violence personnelle, elle demeure l'une des premières condamnations judiciaires du politicien. Elle précède de plusieurs années les multiples condamnations ultérieures pour ses propos et déclarations, notamment concernant les propos sur les « sidaïques », les chambres à gaz ou le « détail de l'histoire », qui domineront la vie judiciaire du leader nationaliste dans les décennies suivantes.",3,https://fr.wikipedia.org/wiki/Jean-Marie_Le_Pen,Wikipedia — Jean-Marie Le Pen,https://poligraph.fr/affaires/jean-marie-le-pen-condamnation-de-jean-marie-le-pen-pour-coups-et-blessures-volontaires-1960,2026-02-20T18:29:25.634Z,2026-07-24T10:21:37.615Z,PENAL
AF-000181,guillaume-peltier-utilisation-de-fonds-publics-pour-des-micro-partis,Affaire de l'utilisation de fonds publics pour des micro-partis,PG-001034,guillaume-peltier,Guillaume Peltier,IDL,Identité-Libertés,Extrême droite,IDL,Identité-Libertés,Enquête préliminaire,ENQUETE_PRELIMINAIRE,Détournement de fonds publics,DETOURNEMENT_FONDS_PUBLICS,Critique,CRITIQUE,Mis en cause,DIRECT,oui,,2022-01-24,,,,,,,,non,,,,,"Guillaume Peltier, députée européenne, est impliquée dans une affaire concernant l'utilisation de fonds publics au bénéfice de micro-partis politiques. À l'époque des faits, elle était affiliée au parti Identité-Libertés. Le 24 janvier 2022, le procureur de Blois a ouvert une enquête préliminaire suite aux révélations publiées par le journal d'investigation Mediapart. Cette enquête porte sur des détournements présumés de fonds publics utilisés pour financer ses micro-partis politiques. L'affaire est actuellement en phase d'enquête préliminaire. En vertu de la présomption d'innocence, aucune mise en examen n'a été prononcée à ce stade, et les faits restent à caractériser lors de l'instruction judiciaire. Cette affaire s'inscrit dans un contexte plus large de contrôle des financements politiques en France, notamment concernant les mécanismes d'allocation des fonds publics aux partis et formations politiques. Les révélations de Mediapart ont relancé le débat public sur la transparence et l'utilisation des deniers publics dans le secteur politique.",2,https://fr.wikipedia.org/wiki/Guillaume_Peltier,Wikipedia — Guillaume Peltier,https://poligraph.fr/affaires/guillaume-peltier-utilisation-de-fonds-publics-pour-des-micro-partis,2026-02-20T18:29:25.460Z,2026-03-04T21:57:10.556Z,PENAL
AF-000179,jean-jacques-panunzi-marches-publics-condamnation-pour-favoritisme,Affaire des marchés publics - condamnation pour favoritisme,PG-000696,jean-jacques-panunzi,Jean-Jacques Panunzi,LR,Les Républicains,Droite,LR,Les Républicains,Condamnation (1ère instance),CONDAMNATION_PREMIERE_INSTANCE,Favoritisme,FAVORITISME,Critique,CRITIQUE,Mis en cause,DIRECT,oui,,2016-10-18,2017-01-24,5000,12,0,,,,non,,,,,"Jean-Jacques Panunzi, sénateur de Corse-du-Sud, membre des Républicains à l'époque des faits, a été condamné en première instance pour favoritisme dans l'attribution de marchés publics. En 2017, le tribunal correctionnel a reconnu Jean-Jacques Panunzi coupable de favoritisme et d'infraction au code du travail lors de procédures d'attribution de marchés publics. Il a été condamné conjointement avec François Colonna, co-inculpé dans cette affaire. La peine prononcée a consisté en une condamnation à un an de prison avec sursis et au versement d'une amende de 5 000 euros. Cette condamnation intervient le 24 janvier 2017 en première instance. La sentence reflète les constats établis par le tribunal concernant le non-respect des procédures de transparence et d'égalité d'accès aux marchés publics, ainsi que les violations relevées du code du travail associées à ces attributions. Condamné en première instance, Jean-Jacques Panunzi conserve la présomption d'innocence en cas de poursuite en appel. Le caractère avec sursis de la peine d'emprisonnement signifie qu'aucune incarcération n'a été mise à exécution immédiatement.",3,https://fr.wikipedia.org/wiki/Jean-Jacques_Panunzi,Wikipedia — Jean-Jacques Panunzi,https://poligraph.fr/affaires/jean-jacques-panunzi-marches-publics-condamnation-pour-favoritisme,2026-02-20T18:29:25.115Z,2026-07-31T16:31:27.666Z,PENAL
AF-000178,mathilde-panot-enquete-pour-apologie-du-terrorisme-visant-mathilde-panot-classee-sans-suite,Enquête pour apologie du terrorisme visant Mathilde Panot classée sans suite,PG-000156,mathilde-panot,Mathilde Panot,LFI,La France insoumise,Extrême gauche,LFI,La France insoumise,Classement sans suite,CLASSEMENT_SANS_SUITE,Autre,AUTRE,Significatif,SIGNIFICATIF,Mis en cause,DIRECT,non,2023-10-07,,2025-01-30,,,,,,,non,,,Parquet de Paris,,"Le 23 avril 2024, Mathilde Panot, présidente du groupe La France insoumise à l'Assemblée nationale, est convoquée par la police judiciaire de Paris dans le cadre d'une enquête pour apologie du terrorisme. Cette enquête fait suite à un communiqué publié par son groupe parlementaire le 7 octobre 2023, jour de l'attaque du Hamas contre Israël, qui mettait en parallèle cette attaque qualifiée d'« offensive armée de forces palestiniennes » et « l'intensification de la politique d'occupation israélienne ». Elle est entendue le 30 avril 2024 par la police judiciaire. La plainte à l'origine de cette enquête a été déposée par l'Organisation juive européenne (OJE). L'enquête a finalement été classée sans suite en janvier 2025.",7,https://fr.wikipedia.org/wiki/Mathilde_Panot,Wikipedia — Mathilde Panot,https://poligraph.fr/affaires/mathilde-panot-enquete-pour-apologie-du-terrorisme-visant-mathilde-panot-classee-sans-suite,2026-02-20T18:29:24.941Z,2026-03-04T21:16:31.521Z,PENAL
AF-000177,karl-olive-condamnation-de-karl-olive-pour-prise-illegale-d-interets-a-poissy,Condamnation de Karl Olive pour prise illégale d'intérêts à Poissy,PG-000400,karl-olive,Karl Olive,RE,Renaissance,Centre,,,Appel en cours,APPEL_EN_COURS,Prise illégale d'intérêts,PRISE_ILLEGALE_INTERETS,Critique,CRITIQUE,Mis en cause,DIRECT,oui,2014-01-01,,2024-11-18,0,8,0,0,,0,non,,Aucune peine d'inéligibilité prononcée,Tribunal judiciaire de Versailles,,"Karl Olive, ancien maire LR de Poissy (Yvelines) devenu député macroniste, a été condamné le 18 novembre 2024 par le tribunal judiciaire de Versailles à huit mois de prison avec sursis pour prise illégale d'intérêts. La justice lui reprochait d'avoir favorisé, par un montage juridique, le recrutement du fils d'un ami au poste de directeur de la jeunesse et des sports de la ville en 2014, ainsi que d'avoir sous-évalué la redevance du logement de fonction du père. La procureure avait dénoncé ""une forme de népotisme"" motivée par les liens d'amitié entre les prévenus. Karl Olive, qui assure avoir fait confiance à son équipe administrative, a annoncé faire appel de cette décision. Aucune peine d'inéligibilité n'a été prononcée.",11,https://fr.wikipedia.org/wiki/Karl_Olive,Wikipedia — Karl Olive,https://poligraph.fr/affaires/karl-olive-condamnation-de-karl-olive-pour-prise-illegale-d-interets-a-poissy,2026-02-20T18:29:24.765Z,2026-07-31T16:31:26.900Z,PENAL
AF-000176,julien-odoul-propos-de-julien-odoul-envers-la-journaliste-nassira-el-moaddem,Propos de Julien Odoul envers la journaliste Nassira El Moaddem,PG-000392,julien-odoul,Julien Odoul,RN,Rassemblement National,Extrême droite,RN,Rassemblement National,Enquête préliminaire,ENQUETE_PRELIMINAIRE,Incitation à la haine,INCITATION_HAINE,Critique,CRITIQUE,Mis en cause,DIRECT,oui,2024-05-01,,,,,,,,,non,,,null,,"Le 1er mai 2024, le député RN Julien Odoul déclare sur CNews dans l'émission de Jean-Marc Morandini ""Si elle n'est pas contente, qu'elle se casse"" en réaction à un tweet de la journaliste Nassira El Moaddem, française d'origine marocaine. Ces propos, perçus comme une référence à ses origines étrangères, déclenchent une campagne de cyberharcèlement raciste contre la journaliste sur l'ensemble de ses réseaux sociaux. L'affaire suscite une vague de soutien de nombreuses rédactions, sociétés de journalistes et personnalités politiques. Aucune procédure judiciaire formelle n'est mentionnée dans les articles, bien que des plaintes soient évoquées comme en cours de rédaction.",5,https://fr.wikipedia.org/wiki/Julien_Odoul,Wikipedia — Julien Odoul,https://poligraph.fr/affaires/julien-odoul-propos-de-julien-odoul-envers-la-journaliste-nassira-el-moaddem,2026-02-20T18:29:24.052Z,2026-03-04T21:16:31.312Z,PENAL
AF-000175,julien-odoul-condamnation-de-julien-odoul-pour-atteinte-a-la-presomption-d-innocence-envers-tariq-ramadan,Condamnation de Julien Odoul pour atteinte à la présomption d'innocence envers Tariq Ramadan,PG-000392,julien-odoul,Julien Odoul,RN,Rassemblement National,Extrême droite,RN,Rassemblement National,Condamnation (1ère instance),CONDAMNATION_PREMIERE_INSTANCE,Diffamation,DIFFAMATION,Significatif,SIGNIFICATIF,Mis en cause,DIRECT,non,2020-07-13,,2020-11-30,10000,0,,,,,non,,Dont 8 000 euros de dommages et intérêts et 2 000 euros au titre des frais de justice,Tribunal de Paris (juge des référés),,"Le 13 juillet 2020, Julien Odoul, élu du Rassemblement national au conseil régional de Bourgogne-Franche-Comté, qualifie Tariq Ramadan de ""violeur"" sur le plateau de LCI et relaye ses propos sur Twitter. Tariq Ramadan, alors mis en examen pour plusieurs viols qu'il conteste, attaque l'élu en justice pour atteinte à la présomption d'innocence. Le 30 novembre 2020, un juge des référés du tribunal de Paris condamne Julien Odoul à verser 10 000 euros à Tariq Ramadan, dont 8 000 euros de dommages et intérêts. La juge considère que ces propos, tenus par un homme politique élu, ont nécessairement causé un préjudice moral en présentant publiquement Tariq Ramadan comme coupable.",4,https://fr.wikipedia.org/wiki/Julien_Odoul,Wikipedia — Julien Odoul,https://poligraph.fr/affaires/julien-odoul-condamnation-de-julien-odoul-pour-atteinte-a-la-presomption-d-innocence-envers-tariq-ramadan,2026-02-20T18:29:23.882Z,2026-03-04T21:16:31.261Z,PENAL
AF-000174,julien-odoul-accusation-d-emploi-fictif-en-bourgogne-franche-comte,Accusation d'emploi fictif en Bourgogne-Franche-Comté,PG-000392,julien-odoul,Julien Odoul,RN,Rassemblement National,Extrême droite,RN,Rassemblement National,Enquête préliminaire,ENQUETE_PRELIMINAIRE,Emploi fictif,EMPLOI_FICTIF,Critique,CRITIQUE,Mis en cause,DIRECT,oui,,2021-06-06,,,,,,,,non,,,Procureur de la République de Dijon,,"Julien Odoul, député de la 3ème circonscription et membre du Rassemblement National, fait l'objet d'une enquête préliminaire pour accusation d'emploi fictif en Bourgogne-Franche-Comté. Le 4 juin 2021, Libération révèle que sept conseillers ou ex-conseillers régionaux du Rassemblement National ont adressé un signalement auprès du procureur de la République de Dijon. Ces derniers accusent Julien Odoul d'avoir employé pendant plusieurs mois une assistante fictive. L'accusation suscite une réaction politique immédiate : Marine Le Pen dénonce des « boules puantes » et des « manipulations », pointant le calendrier de la révélation intervenant deux semaines avant les élections régionales. L'enquête est en cours au moment de la divulgation publique de l'affaire. La présomption d'innocence s'applique pleinement à ce stade préliminaire de la procédure. Cette situation intervient dans un contexte de précédentes condamnations du politicien, notamment pour recel de détournement de fonds publics dans l'affaire des assistants parlementaires du FN.",3,https://fr.wikipedia.org/wiki/Julien_Odoul,Wikipedia — Julien Odoul,https://poligraph.fr/affaires/julien-odoul-accusation-d-emploi-fictif-en-bourgogne-franche-comte,2026-02-20T18:29:23.719Z,2026-03-04T21:56:56.096Z,PENAL
AF-000173,julien-odoul-condamnation-de-julien-odoul-pour-recel-de-detournement-de-fonds-publics-dans-l-affaire-des-assistants-parlementaires-du-fn,Condamnation de Julien Odoul pour recel de détournement de fonds publics dans l'affaire des assistants parlementaires du FN,PG-000392,julien-odoul,Julien Odoul,RN,Rassemblement National,Extrême droite,RN,Rassemblement National,"Condamnation non définitive, pourvoi en cassation en cours",POURVOI_EN_CASSATION,Recel,RECEL,Grave,GRAVE,Mis en cause,DIRECT,non,2014-10-01,,2026-07-07,0,8,0,12,,,non,,"En appel (cour d'appel de Paris, 7 juillet 2026), Julien Odoul est déclaré coupable de recel de détournement de fonds publics et condamné à un an d'inéligibilité avec sursis (aucune peine d'emprisonnement retenue en appel selon le dispositif rapporté). En première instance (31 mars 2025) : 8 mois de prison avec sursis et 1 an d'inéligibilité, sans exécution provisoire. Un pourvoi en cassation reste possible.",Cour d'appel de Paris,,"Julien Odoul a été condamné en première instance en mars 2025 à huit mois de prison avec sursis et un an d'inéligibilité, sans exécution provisoire, pour recel de détournement de fonds publics. Il est accusé d'avoir perçu entre 2014 et 2015 un salaire du Parlement européen en tant qu'assistant parlementaire de l'eurodéputée Mylène Troszczynski, alors qu'il travaillait en réalité pour le Front national auprès de Marine Le Pen comme conseiller spécial. Lors du procès en appel qui se tient en janvier 2026, Julien Odoul a peiné à justifier son travail pour l'eurodéputée, admettant qu'elle ne lui donnait pas de travail et qu'il s'était ""rendu utile au siège du FN"". Les enquêteurs ont retrouvé de nombreuses preuves de son activité pour Marine Le Pen (mails signés ""conseiller spécial"", CV mentionnant uniquement ce poste) et des échanges montrant qu'il ne connaissait pas son employeuse officielle quatre mois après son recrutement. Le 7 juillet 2026, la cour d'appel de Paris l'a déclaré coupable de recel de détournement de fonds publics pour la période du 1er octobre 2014 au 31 juillet 2015 et l'a condamné à huit mois d'emprisonnement intégralement assortis du sursis et un an de privation du droit d'éligibilité intégralement assorti du sursis. Les onze condamnés se sont pourvus en cassation, le parquet général y a renoncé : la décision n'est pas définitive.",16,https://fr.wikipedia.org/wiki/Julien_Odoul,Wikipedia — Julien Odoul,https://poligraph.fr/affaires/julien-odoul-condamnation-de-julien-odoul-pour-recel-de-detournement-de-fonds-publics-dans-l-affaire-des-assistants-parlementaires-du-fn,2026-02-20T18:29:23.549Z,2026-08-04T10:22:49.442Z,PENAL
AF-000172,patricia-miralles-notes-de-frais,Affaire des notes de frais,PG-000999,patricia-miralles,Patricia Mirallès,RE,Renaissance,Centre,RE,Renaissance,Classement sans suite,CLASSEMENT_SANS_SUITE,Détournement de fonds publics,DETOURNEMENT_FONDS_PUBLICS,Critique,CRITIQUE,Mis en cause,DIRECT,oui,2022-01-01,,,,,,,,,non,,,,,"Patricia Mirallès, députée Renaissance, a été au cœur d'une controverse portant sur l'utilisation de ses notes de frais parlementaires. En mai 2022, le journal Mediapart révèle que plusieurs dépenses personnelles ont été facturées aux frais de mandat : le déménagement de son fils, la réparation du disque dur de sa fille et un séjour à l'hôtel en couple. Ces dépenses, initialement contestées par l'élue, ont finalement fait l'objet d'un examen par les services de l'Assemblée nationale. Face aux conclusions des services administratifs, Patricia Mirallès procède au remboursement de l'intégralité de ces dépenses personnelles en septembre 2022. Cette démarche met fin à la controverse administrative relative à la gestion de son indemnité représentative de frais de mandat (IRFM). L'affaire n'a donné lieu à aucune poursuites judiciaire formelle et a été classée sans suite par les autorités compétentes. Le remboursement effectué par la députée clôt ainsi le dossier sur le plan administratif et judiciaire.",6,https://fr.wikipedia.org/wiki/Patricia_Mirall%C3%A8s,Wikipedia — Patricia Mirallès,https://poligraph.fr/affaires/patricia-miralles-notes-de-frais,2026-02-20T18:29:23.210Z,2026-03-04T21:56:51.812Z,PENAL
AF-000171,yael-menache-contournement-de-l-interdiction-d-embauche-familiale-par-yael-menache-et-jocelyn-dessigny,Contournement de l'interdiction d'embauche familiale par Yaël Ménaché et Jocelyn Dessigny,PG-000405,yael-menache,Yaël Ménaché,RN,Rassemblement National,Extrême droite,RN,Rassemblement National,Classement sans suite,CLASSEMENT_SANS_SUITE,Autre,AUTRE,Significatif,SIGNIFICATIF,Mis en cause,DIRECT,non,2025-07-07,,,,,,,,,non,,,null,,"En juillet-août 2025, Yaël Ménaché, députée RN de la Somme, a embauché comme collaboratrice parlementaire la fille de son collègue Jocelyn Dessigny, député RN de l'Aisne, pour un job d'été du 7 juillet au 9 août. Simultanément, Jocelyn Dessigny a recruté la propre fille de Yaël Ménaché sur la même période. Cette pratique permet de contourner la loi de 2017 qui interdit aux parlementaires d'embaucher des membres de leur famille comme collaborateurs, sans être techniquement illégale. L'affaire a été révélée par Mediapart en septembre 2025. Les deux députés, élus dans des circonscriptions voisines et connus pour leur proximité, justifient ces embauches par le besoin de remplacements estivaux et la volonté de ""mettre en valeur les jeunes"".",3,https://fr.wikipedia.org/wiki/Ya%C3%ABl_M%C3%A9nach%C3%A9,Wikipedia — Yaël Ménaché,https://poligraph.fr/affaires/yael-menache-contournement-de-l-interdiction-d-embauche-familiale-par-yael-menache-et-jocelyn-dessigny,2026-02-20T18:29:23.040Z,2026-03-04T21:16:31.060Z,PENAL
AF-000170,yael-menache-verbalisation-de-yael-menache-pour-defaut-d-assurance-automobile,Verbalisation de Yaël Ménaché pour défaut d'assurance automobile,PG-000405,yael-menache,Yaël Ménaché,RN,Rassemblement National,Extrême droite,RN,Rassemblement National,Condamnation définitive,CONDAMNATION_DEFINITIVE,Autre,AUTRE,Significatif,SIGNIFICATIF,Mis en cause,DIRECT,non,2024-12-14,,2024-12-14,,0,,0,,0,non,,Amende pour défaut d'assurance (montant non précisé dans l'article),null,,"Dans la nuit du 14 au 15 décembre 2024 vers 3 heures du matin, la députée RN de la Somme Yaël Ménaché est contrôlée par la gendarmerie dans l'Aisne à bord d'un véhicule non assuré dont elle est propriétaire. Bien qu'elle soit passagère du véhicule, elle est verbalisée pour défaut d'assurance en tant que propriétaire. Selon le rapport de police consulté par Politico, l'élue, qui a déclaré avoir consommé de l'alcool, aurait adopté un comportement verbal irrespectueux envers les gendarmes et aurait présenté sa carte de députée en affirmant bénéficier d'une immunité parlementaire. Il s'agit d'une infraction administrative au code de la route, sanctionnée par une amende.",5,https://fr.wikipedia.org/wiki/Ya%C3%ABl_M%C3%A9nach%C3%A9,Wikipedia — Yaël Ménaché,https://poligraph.fr/affaires/yael-menache-verbalisation-de-yael-menache-pour-defaut-d-assurance-automobile,2026-02-20T18:29:22.874Z,2026-03-04T21:16:31.008Z,PENAL
AF-000169,jean-luc-melenchon-condamnation-de-jean-luc-melenchon-pour-rebellion-et-intimidation-lors-de-la-perquisition-d-octobre-2018,Condamnation de Jean-Luc Mélenchon pour rébellion et intimidation lors de la perquisition d'octobre 2018,PG-001511,jean-luc-melenchon,Jean-Luc Mélenchon,LFI,La France insoumise,Extrême gauche,LFI,La France insoumise,Condamnation définitive,CONDAMNATION_DEFINITIVE,Autre,AUTRE,Significatif,SIGNIFICATIF,Mis en cause,DIRECT,non,2018-10-16,,2019-12-09,8000,3,0,,,,non,,"Condamnation pour rébellion, provocation directe à la rébellion et intimidation envers des magistrats et des dépositaires de l'autorité publique",Tribunal correctionnel de Bobigny,,"Le 16 octobre 2018, lors d'une perquisition menée par des policiers et magistrats au siège de La France insoumise dans le cadre d'enquêtes sur les comptes de campagne 2017 et les emplois d'assistants d'eurodéputés, Jean-Luc Mélenchon s'est opposé aux forces de l'ordre. Il a bousculé un représentant du parquet et un policier, appelé ses lieutenants à ""enfoncer la porte"" pour entrer dans les locaux et proféré des déclarations comme ""la République c'est moi"" et ""ma personne est sacrée"". Le 9 décembre 2019, le tribunal correctionnel de Bobigny l'a condamné à trois mois d'emprisonnement avec sursis et 8 000 euros d'amende pour ""rébellion, provocation directe à la rébellion et intimidation envers des magistrats et des dépositaires de l'autorité publique"". Jean-Luc Mélenchon a déclaré porter cette condamnation comme ""une décoration de rebelle"" et a laissé entendre qu'il ne ferait pas appel.",12,https://fr.wikipedia.org/wiki/Jean-Luc_M%C3%A9lenchon,Wikipedia — Jean-Luc Mélenchon,https://poligraph.fr/affaires/jean-luc-melenchon-condamnation-de-jean-luc-melenchon-pour-rebellion-et-intimidation-lors-de-la-perquisition-d-octobre-2018,2026-02-20T18:29:22.709Z,2026-07-31T16:31:27.889Z,PENAL
AF-000168,jean-luc-melenchon-condamnation-de-jean-luc-melenchon-pour-absence-de-mentions-legales-sur-melenchon-fr,Condamnation de Jean-Luc Mélenchon pour absence de mentions légales sur melenchon.fr,PG-001511,jean-luc-melenchon,Jean-Luc Mélenchon,LFI,La France insoumise,Extrême gauche,,,Condamnation (1ère instance),CONDAMNATION_PREMIERE_INSTANCE,Autre,AUTRE,Significatif,SIGNIFICATIF,Mis en cause,DIRECT,non,2016-01-01,,2019-07-10,1,0,,,,,non,,2000 euros au titre des frais de justice,Tribunal de Paris,,"Jean-Luc Mélenchon a été condamné en première instance par le tribunal de Paris pour l'insuffisance des mentions légales de son site internet melenchon.fr. Cette affaire fait suite à la plainte de Paulo Paranaguá, journaliste du Monde, qui avait attaqué le dirigeant de La France insoumise pour l'absence à l'époque de mentions légales sur son site, notamment l'absence du nom d'un directeur de publication jusqu'en 2017. Les juges ont considéré cette absence comme une « faute » et relevé des « manquements à la loi ». Cette omission avait empêché le journaliste d'engager une procédure au civil pour diffamation. Jean-Luc Mélenchon a été condamné à verser un euro symbolique de dommages et intérêts ainsi que 2000 euros pour les frais de justice.",6,https://fr.wikipedia.org/wiki/Jean-Luc_M%C3%A9lenchon,Wikipedia — Jean-Luc Mélenchon,https://poligraph.fr/affaires/jean-luc-melenchon-condamnation-de-jean-luc-melenchon-pour-absence-de-mentions-legales-sur-melenchon-fr,2026-02-20T18:29:22.366Z,2026-04-09T19:14:57.620Z,PENAL
AF-000167,jean-luc-melenchon-assistants-parlementaires-europeens-de-jean-luc-melenchon,Affaire des assistants parlementaires européens de Jean-Luc Mélenchon,PG-001511,jean-luc-melenchon,Jean-Luc Mélenchon,LFI,La France insoumise,Extrême gauche,,,"Instruction clôturée, sans mise en examen",INSTRUCTION_CLOTUREE_SANS_MISE_EN_EXAMEN,Emploi fictif,EMPLOI_FICTIF,Critique,CRITIQUE,Mis en cause,DIRECT,oui,2009-01-01,,,,,,,,,non,,,Tribunal judiciaire de Paris,,"En juillet 2017, à la suite d'un signalement de la députée européenne Sophie Montel (alors FN), le parquet de Paris ouvre une enquête préliminaire sur les conditions d'emploi d'assistants parlementaires européens de Jean-Luc Mélenchon, eurodéputé entre 2009 et 2017. Une information judiciaire est ouverte en novembre 2018 pour détournements de fonds publics, abus de confiance et recel. En mai 2022, deux anciens assistants (Laurent Maffeïs et Aigline de Causans) sont placés sous le statut de témoin assisté. Un rapport de l'Office européen de lutte antifraude (OLAF) chiffre à plus de 500 000 euros le préjudice pour le Parlement européen : il s'agit d'une estimation administrative, distincte de tout préjudice établi par une juridiction. Le 7 mai 2026, après huit ans d'enquête, les juges d'instruction clôturent l'information judiciaire sans qu'aucune mise en examen ait été prononcée, ni contre Jean-Luc Mélenchon ni contre des responsables de La France insoumise. L'information est révélée le 26 mai 2026 par Le Canard enchaîné, puis confirmée par l'AFP. Le parquet doit encore rendre ses réquisitions : à ce stade, aucune ordonnance de non-lieu n'a été rendue et aucune condamnation n'a été prononcée dans ce dossier.",8,https://fr.wikipedia.org/wiki/Jean-Luc_M%C3%A9lenchon,Wikipedia — Jean-Luc Mélenchon,https://poligraph.fr/affaires/jean-luc-melenchon-assistants-parlementaires-europeens-de-jean-luc-melenchon,2026-02-20T18:29:22.028Z,2026-07-27T15:07:17.876Z,PENAL
AF-000166,jean-luc-melenchon-condamnation-de-jean-luc-melenchon-pour-injure-publique-et-diffamation-envers-radio-france,Condamnation de Jean-Luc Mélenchon pour injure publique et diffamation envers Radio France,PG-001511,jean-luc-melenchon,Jean-Luc Mélenchon,LFI,La France insoumise,Extrême gauche,LFI,La France insoumise,Appel en cours,APPEL_EN_COURS,Injure,INJURE,Significatif,SIGNIFICATIF,Mis en cause,DIRECT,non,2018-10-19,,2022-01-11,500,0,,,,,non,,Amende avec sursis. 3 000 euros de dommages et intérêts à verser à Radio France.,Tribunal correctionnel de Paris,,"Le 11 janvier 2022, Jean-Luc Mélenchon a été condamné par le tribunal correctionnel de Paris pour injure publique et diffamation envers Radio France. Le chef de file de La France insoumise avait traité en octobre 2018 les journalistes de la cellule investigation de Franceinfo d'«abrutis», de «menteurs» et de «tricheurs» dans une vidéo Facebook, après la diffusion d'une enquête sur des soupçons de surfacturation lors de sa campagne présidentielle de 2017. Il a été condamné à 500 euros d'amende avec sursis et 3 000 euros de dommages et intérêts à verser à Radio France. Son avocat, Matthieu Davy, a annoncé faire appel de cette décision.",7,https://fr.wikipedia.org/wiki/Jean-Luc_M%C3%A9lenchon,Wikipedia — Jean-Luc Mélenchon,https://poligraph.fr/affaires/jean-luc-melenchon-condamnation-de-jean-luc-melenchon-pour-injure-publique-et-diffamation-envers-radio-france,2026-02-20T18:29:21.856Z,2026-03-04T21:16:30.698Z,PENAL
AF-000165,jean-luc-melenchon-condamnation-de-jean-luc-melenchon-pour-diffamation-envers-paulo-paranagua,Condamnation de Jean-Luc Mélenchon pour diffamation envers Paulo Paranagua,PG-001511,jean-luc-melenchon,Jean-Luc Mélenchon,LFI,La France insoumise,Extrême gauche,LFI,La France insoumise,Condamnation définitive,CONDAMNATION_DEFINITIVE,Diffamation,DIFFAMATION,Significatif,SIGNIFICATIF,Mis en cause,DIRECT,non,2016-11-30,,2021-09-24,500,0,,,,,non,,"1000 euros de dommages et intérêts au plaignant, 3500 euros au titre des frais de procédure. Condamnation confirmée en appel en juin 2022.",Tribunal correctionnel de Paris,,"En novembre 2016, Jean-Luc Mélenchon, alors candidat à la présidentielle, a publié un billet sur son blog ""L'ère du peuple"" dans lequel il qualifiait Paulo Paranagua, journaliste spécialiste de l'Amérique latine au Monde, d'""assassin repenti"". Le journaliste a déposé plainte en février 2017. Le 24 septembre 2021, le tribunal correctionnel de Paris a condamné Jean-Luc Mélenchon pour diffamation publique à une amende de 500 euros avec sursis, ainsi qu'à verser 1000 euros de dommages et intérêts et 3500 euros au titre des frais de procédure. En juin 2022, la condamnation a été confirmée en appel.",11,https://www.liberation.fr/societe/police-justice/jean-luc-melenchon-condamne-pour-diffamation-envers-un-ex-journaliste-du-monde-20210924_CWV57DESMVC3ZOF3E5JK2UT374,Diffamation envers Paulo Paranagua (journaliste du Monde),https://poligraph.fr/affaires/jean-luc-melenchon-condamnation-de-jean-luc-melenchon-pour-diffamation-envers-paulo-paranagua,2026-02-20T18:29:21.688Z,2026-03-04T21:16:30.645Z,PENAL
AF-000164,max-mathiasin-detournement-de-fonds-de-la-caisse-des-ecoles-de-pointe-a-pitre,Affaire du détournement de fonds de la caisse des écoles de Pointe-à-Pitre,PG-000159,max-mathiasin,Max Mathiasin,,,,,,Condamnation (1ère instance),CONDAMNATION_PREMIERE_INSTANCE,Abus de confiance,ABUS_CONFIANCE,Grave,GRAVE,Mis en cause,DIRECT,non,2016-01-01,,2024-11-19,5000,12,0,,,,non,,,,,"Max Mathiasin, député de la 3ème circonscription et membre du Libertés, Indépendants, Outre-mer et Territoires à l'époque des faits, a occupé le poste de directeur de la caisse des écoles de Pointe-à-Pitre jusqu'en 2016. En novembre 2019, une enquête est ouverte pour détournement de fonds publics d'un montant supérieur à 600 000 euros. Les fonds détournés proviennent de la caisse des écoles lors de sa gestion. En septembre 2020, Mathiasin est mis en examen pour abus de confiance et détournement de bien public. Le 19 novembre 2024, le tribunal correctionnel de première instance le condamne à douze mois d'emprisonnement avec sursis et à une amende de 5 000 euros pour abus de confiance. Cette condamnation définitive en première instance met fin à la procédure initiale engagée quatre ans plus tôt. La peine de sursis signifie que l'emprisonnement n'est pas exécuté immédiatement, à condition que le condamné ne commette pas d'infraction durant le délai d'épreuve.",7,https://fr.wikipedia.org/wiki/Max_Mathiasin,Wikipedia — Max Mathiasin,https://poligraph.fr/affaires/max-mathiasin-detournement-de-fonds-de-la-caisse-des-ecoles-de-pointe-a-pitre,2026-02-20T18:29:21.516Z,2026-07-31T16:31:27.640Z,PENAL
AF-000163,elisa-martin-concussion-visant-elisa-martin-et-eric-piolle-a-grenoble,Affaire de concussion visant Élisa Martin et Éric Piolle à Grenoble,PG-000037,elisa-martin,Élisa Martin,LFI,La France insoumise,Extrême gauche,,,Enquête préliminaire,ENQUETE_PRELIMINAIRE,Autre,AUTRE,Significatif,SIGNIFICATIF,Mis en cause,DIRECT,non,2016-01-01,,,,,,,,,non,,,,,"Le 5 juin 2024, le parquet de Grenoble a ouvert une enquête préliminaire pour ""concussion"" et ""recel de ce délit"" visant Éric Piolle, maire EELV de Grenoble, et Élisa Martin, députée LFI et ex-première adjointe. L'affaire repose sur les accusations d'Enzo Lesourt, ancien collaborateur au cabinet du maire, qui affirme avoir obtenu en 2016 une augmentation de 600 euros mensuels à condition de rétrocéder 400 euros par mois en liquide à Élisa Martin. Au total, 16 800 euros auraient été versés sur trois ans et demi. Le 24 mars 2025, l'enquête a été délocalisée au parquet de Valence pour garantir l'impartialité. Plusieurs personnes ont déjà été entendues, mais Élisa Martin et Éric Piolle n'auraient pas encore été auditionnés selon les sources. Élisa Martin a déclaré avoir été ""abasourdie"" par ces accusations et avoir pris un avocat.",6,https://fr.wikipedia.org/wiki/%C3%89lisa_Martin,Wikipedia — Élisa Martin,https://poligraph.fr/affaires/elisa-martin-concussion-visant-elisa-martin-et-eric-piolle-a-grenoble,2026-02-20T18:29:21.343Z,2026-04-09T19:14:57.542Z,PENAL
AF-000162,pascal-markowsky-commandes-d-imprimerie-de-pascal-markowsky,Affaire des commandes d'imprimerie de Pascal Markowsky,PG-000462,pascal-markowsky,Pascal Markowsky,RN,Rassemblement National,Extrême droite,RN,Rassemblement National,Enquête préliminaire,ENQUETE_PRELIMINAIRE,Prise illégale d'intérêts,PRISE_ILLEGALE_INTERETS,Critique,CRITIQUE,Mis en cause,DIRECT,oui,2024-07-01,,,,,,,,,non,,,,,"En avril 2025, le média Les Jours révèle que Pascal Markowsky, député RN de Charente-Maritime, commanderait des prestations d'imprimerie (affiches, cartes de vœux, calendriers) à sa propre entreprise MPC (Média Publicité Conseil) située à Saint-Pierre-d'Oléron, avec l'argent de son mandat parlementaire. L'enquête journalistique affirme que l'entreprise, officiellement gérée par son épouse Séverine Werbrouck (eurodéputée), tirerait des marges confortables de ces commandes, avec des soupçons de surfacturation payée par l'argent public. Le couple conteste vigoureusement ces accusations, qualifiant l'enquête de ""calomnieuse"", et affirme disposer de tous les documents prouvant leur transparence. Le procureur de La Rochelle a confirmé qu'aucune action judiciaire n'a été engagée à ce stade. Pascal Markowsky envisage de porter plainte pour diffamation contre le média.",4,https://fr.wikipedia.org/wiki/Pascal_Markowsky,Wikipedia — Pascal Markowsky,https://poligraph.fr/affaires/pascal-markowsky-commandes-d-imprimerie-de-pascal-markowsky,2026-02-20T18:29:21.172Z,2026-03-04T21:16:30.489Z,PENAL
AF-000161,pascal-markowsky-frais-kilometriques-surevalues-de-pascal-markowsky,Affaire des frais kilométriques surévalués de Pascal Markowsky,PG-000462,pascal-markowsky,Pascal Markowsky,RN,Rassemblement National,Extrême droite,RN,Rassemblement National,Enquête préliminaire,ENQUETE_PRELIMINAIRE,Autre,AUTRE,Significatif,SIGNIFICATIF,Mis en cause,DIRECT,non,2024-06-30,,,,,,,,,non,,Refus partiel de remboursement par la CNCCFP : déduction de 3 500 euros sur le montant demandé,null,,"Lors de la campagne législative de 2024 en Charente-Maritime (4e circonscription), Pascal Markowsky, député RN élu, a déclaré 25 000 kilomètres parcourus et réclamé le remboursement de 22 423 euros de frais de campagne, dont 11 971 euros pour les déplacements de son équipe et 4 700 euros de frais d'essence personnels. La Commission nationale des comptes de campagne et des financements politiques (CNCCFP) a conclu à une surévaluation des déplacements, jugeant le kilométrage déclaré anormalement élevé (équivalent à 32 trajets Paris-Marseille en trois semaines). Le candidat a justifié ces déplacements par des ""destructions systématiques et quotidiennes"" de ses affiches dans les 164 communes de sa circonscription, mais la CNCCFP a refusé une partie du remboursement et déduit 3 500 euros du montant demandé. En juin 2025, le parquet de La Rochelle a ouvert une enquête préliminaire pour banqueroute visant Pascal Markowsky et son épouse, l'eurodéputée Séverine Werbrouck, après la liquidation judiciaire de sa société de communication MPC.",5,https://fr.wikipedia.org/wiki/Pascal_Markowsky,Wikipedia — Pascal Markowsky,https://poligraph.fr/affaires/pascal-markowsky-frais-kilometriques-surevalues-de-pascal-markowsky,2026-02-20T18:29:21.002Z,2026-07-24T07:12:51.187Z,PENAL
AF-000160,pascal-markowsky-appartenance-de-pascal-markowsky-a-un-groupe-facebook-contenant-des-propos-racistes,Appartenance de Pascal Markowsky à un groupe Facebook contenant des propos racistes,PG-000462,pascal-markowsky,Pascal Markowsky,RN,Rassemblement National,Extrême droite,RN,Rassemblement National,Enquête préliminaire,ENQUETE_PRELIMINAIRE,Incitation à la haine,INCITATION_HAINE,Critique,CRITIQUE,Mis en cause,DIRECT,oui,2017-01-01,,,,,,,,,non,,,,,"Pascal Markowsky, député RN de la 4e circonscription de Charente-Maritime, a été membre entre 2017 et 2024 d'un groupe Facebook privé « Rassemblement National (direction 2027 ! ) » contenant des messages racistes, antisémites, homophobes et islamophobes, selon une enquête des Jours publiée en décembre 2024. Le groupe, qui comptait 6 500 membres, affichait une description explicitement islamophobe et menaçante. Le député affirme n'avoir jamais posté de commentaires problématiques et avoir simplement « liké une fois une photo de Jordan Bardella », expliquant suivre environ 80 groupes à l'époque sans tous les surveiller. Suite à la révélation, le député LFI Thomas Portes a saisi le 18 décembre 2024 la procureure de la République de Paris pour appel au meurtre, provocation à la haine raciale et injures à caractère raciste. Selon Sud Ouest, le procureur de La Rochelle déclarait en avril 2025 n'avoir été saisi d'aucune plainte ni poursuite à l'encontre du député.",6,https://fr.wikipedia.org/wiki/Pascal_Markowsky,Wikipedia — Pascal Markowsky,https://poligraph.fr/affaires/pascal-markowsky-appartenance-de-pascal-markowsky-a-un-groupe-facebook-contenant-des-propos-racistes,2026-02-20T18:29:20.832Z,2026-03-04T21:16:30.383Z,PENAL
AF-000157,laurent-marcangeli-condamnation-par-la-cour-des-comptes-pour-non-execution-de-decisions-de-justice,Condamnation par la Cour des comptes pour non-exécution de décisions de justice,PG-000047,laurent-marcangeli,Laurent Marcangeli,HOR,Horizons,Centre droit,HOR,Horizons,Condamnation (1ère instance),CONDAMNATION_PREMIERE_INSTANCE,Autre,AUTRE,Significatif,SIGNIFICATIF,Mis en cause,DIRECT,non,,2023-05-31,2023-05-31,10000,,,,,,non,,,Cour des comptes,,"Laurent Marcangeli, député Horizons de la 1ère circonscription, a été condamné par la Cour des comptes en mai 2023 pour manquement aux obligations légales en tant que maire d'Ajaccio. La commune, sous son autorité, n'avait pas respecté l'exécution de plusieurs jugements du tribunal administratif. Spécifiquement, un ancien salarié n'avait pas reçu dans les délais légaux les indemnités, astreintes et intérêts auxquels il avait droit selon ces décisions de justice. La Cour des comptes a établi cette responsabilité dans ses attributions de contrôle de la gestion publique locale. Marcangeli a été condamné au paiement d'une amende de 10 000 euros pour cette non-exécution caractérisée. L'arrêt indique qu'il peut être frappé d'appel devant la Cour d'appel financière dans un délai de deux mois à compter de sa notification. Elle illustre les obligations de mise en conformité qui pèsent sur les autorités locales face aux décisions judiciaires, notamment en matière de droits des salariés publics.",5,https://fr.wikipedia.org/wiki/Laurent_Marcangeli,Wikipedia — Laurent Marcangeli,https://poligraph.fr/affaires/laurent-marcangeli-condamnation-par-la-cour-des-comptes-pour-non-execution-de-decisions-de-justice,2026-02-20T18:29:20.342Z,2026-09-16T09:14:41.503Z,FINANCIER
AF-000156,sylvain-maillard-pandora-papers-societe-offshore-unik-deal-limited,Affaire des Pandora Papers - Société offshore Unik Deal Limited,PG-000086,sylvain-maillard,Sylvain Maillard,RE,Renaissance,Centre,,,Enquête préliminaire,ENQUETE_PRELIMINAIRE,Autre,AUTRE,Significatif,SIGNIFICATIF,Mis en cause,DIRECT,non,2010-09-01,,,,,,,,,non,,,null,,"En octobre 2021, les Pandora Papers révèlent que Sylvain Maillard, député LREM de Paris, apparaît comme propriétaire à hauteur de 25% d'une société offshore immatriculée aux Seychelles en septembre 2010, Unik Deal Limited, qui servait de ""base arrière financière"" à la vente de contrefaçons de toupies Beyblade en France. Son associé Florian Deloppinot a été condamné en 2014 à payer 60.000 euros pour contrefaçon et préjudice commercial à Hasbro, tandis que Sylvain Maillard n'a pas été poursuivi par la justice. Le député se défend en affirmant être victime d'une usurpation d'identité, version confirmée par Deloppinot qui reconnaît avoir créé la société et utilisé le passeport de Maillard sans le prévenir, bien qu'il lui ait attribué 25% des parts. Suite aux révélations, le ministre de l'Économie Bruno Le Maire annonce que Bercy lance des vérifications concernant la présence de résidents fiscaux français dans les Pandora Papers.",5,https://fr.wikipedia.org/wiki/Sylvain_Maillard,Wikipedia — Sylvain Maillard,https://poligraph.fr/affaires/sylvain-maillard-pandora-papers-societe-offshore-unik-deal-limited,2026-02-20T18:29:20.171Z,2026-04-09T19:14:56.654Z,PENAL
AF-000155,emmanuel-macron-kohler-mise-en-examen-pour-prise-illegale-d-interets,Affaire Kohler : mise en examen pour prise illégale d'intérêts,PG-001085,emmanuel-macron,Emmanuel Macron,RE,Renaissance,Centre,,,Mise en examen,MISE_EN_EXAMEN,Prise illégale d'intérêts,PRISE_ILLEGALE_INTERETS,Critique,CRITIQUE,Mentionné,MENTIONED_ONLY,oui,2009-01-01,,,,,,,,,non,,,Tribunal judiciaire de Paris (information judiciaire),,"Alexis Kohler, secrétaire général de l'Élysée et bras droit d'Emmanuel Macron, a été mis en examen le 23 septembre 2022 pour prise illégale d'intérêts et placé sous le statut de témoin assisté pour trafic d'influence. Il est soupçonné d'avoir dissimulé ses liens familiaux avec l'armateur italo-suisse MSC (dirigé par les cousins de sa mère, la famille Aponte) et d'avoir participé entre 2009 et 2016 à plusieurs décisions relatives à cet armateur alors qu'il était haut fonctionnaire, notamment lors de son passage à l'Agence des participations de l'État et au ministère de l'Économie. L'affaire a été révélée par Mediapart en mai 2018, et l'association Anticor a déposé plainte, conduisant à l'ouverture d'une information judiciaire en juin 2020 après un premier classement sans suite controversé. En novembre 2024, la cour d'appel de Paris a rejeté l'exception de prescription soulevée par la défense, et en mai 2025, la Cour de cassation examinait le pourvoi d'Alexis Kohler sur cette question de prescription.",10,https://fr.wikipedia.org/wiki/Emmanuel_Macron,Wikipedia — Emmanuel Macron,https://poligraph.fr/affaires/emmanuel-macron-kohler-mise-en-examen-pour-prise-illegale-d-interets,2026-02-20T18:29:20.008Z,2026-04-09T19:14:55.980Z,PENAL
AF-000153,emmanuel-macron-dupond-moretti-mise-en-examen-pour-prise-illegale-d-interets-et-relaxe,Affaire Dupond-Moretti : mise en examen pour prise illégale d'intérêts et relaxe,PG-001085,emmanuel-macron,Emmanuel Macron,RE,Renaissance,Centre,RE,Renaissance,Relaxe,RELAXE,Prise illégale d'intérêts,PRISE_ILLEGALE_INTERETS,Critique,CRITIQUE,Mentionné,MENTIONED_ONLY,oui,2020-07-31,,2023-11-29,,,,,,,non,,,Cour de justice de la République,,"En juillet 2021, le ministre de la Justice Éric Dupond-Moretti, nommé par Emmanuel Macron en juillet 2020, est mis en examen pour prise illégale d'intérêts par la Cour de justice de la République. Il est accusé d'avoir utilisé sa fonction ministérielle pour obtenir des sanctions disciplinaires contre quatre magistrats qui avaient enquêté sur ses anciens clients : le juge Édouard Levrault (affaire Monaco) et trois magistrats du Parquet national financier (affaire des fadettes). Le procès se tient du 6 au 17 novembre 2023 devant la CJR. Malgré les accusations et l'émoi dans la magistrature, Emmanuel Macron maintient sa confiance en son garde des Sceaux tout au long de la procédure. Éric Dupond-Moretti est finalement relaxé par la Cour de justice de la République.",6,https://fr.wikipedia.org/wiki/Emmanuel_Macron,Wikipedia — Emmanuel Macron,https://poligraph.fr/affaires/emmanuel-macron-dupond-moretti-mise-en-examen-pour-prise-illegale-d-interets-et-relaxe,2026-02-20T18:29:19.677Z,2026-03-04T21:16:30.020Z,PENAL
AF-000152,veronique-louwagie-condamnation-pour-licenciement-abusif-et-discrimination,Condamnation pour licenciement abusif et discrimination,PG-000057,veronique-louwagie,Véronique Louwagie,LR,Les Républicains,Droite,LR,Les Républicains,Condamnation (1ère instance),CONDAMNATION_PREMIERE_INSTANCE,Autre,AUTRE,Significatif,SIGNIFICATIF,Mis en cause,DIRECT,non,,2024-12-24,2022-12-13,,,,,,,non,"Condamnation prud'homale (13 décembre 2022) : 15 635,43 € au total (licenciement jugé nul pour discrimination, indemnité de licenciement et dommages-intérêts).",,Conseil de prud'hommes,,"Le 13 décembre 2022, le conseil de prud'hommes condamne Véronique Louwagie à verser 15 635,43 euros à son ancienne femme de ménage. Elle avait employé cette personne sans contrat de travail, sans durée de travail définie et sans planning déterminé, puis l'avait licenciée alors qu'elle était en arrêt de travail, reconnue travailleuse handicapée, souffrant d'affections reconnues comme accident du travail et maladie professionnelle. Le conseil de prud'hommes a considéré que la démarche pouvait s'apparenter à une tentative de se soustraire aux conséquences d'un possible licenciement pour inaptitude.",5,https://fr.wikipedia.org/wiki/V%C3%A9ronique_Louwagie,Wikipedia — Véronique Louwagie,https://poligraph.fr/affaires/veronique-louwagie-condamnation-pour-licenciement-abusif-et-discrimination,2026-02-20T18:29:19.510Z,2026-07-24T21:18:26.198Z,PENAL
AF-000151,marie-france-lorho-condamnation-de-marie-france-lorho-pour-emploi-fictif-de-yann-bompard,Condamnation de Marie-France Lorho pour emploi fictif de Yann Bompard,PG-000188,marie-france-lorho,Marie-France Lorho,RN,Rassemblement National,Extrême droite,RN,Rassemblement National,Appel en cours,APPEL_EN_COURS,Détournement de fonds publics,DETOURNEMENT_FONDS_PUBLICS,Critique,CRITIQUE,Mis en cause,DIRECT,oui,2021-11-01,,2026-01-26,10000,18,0,60,,,non,,Remboursement de 75 000 euros à l'Assemblée nationale. Exécution provisoire de l'inéligibilité.,Tribunal correctionnel de Marseille,,"Marie-France Lorho, députée RN du Vaucluse, a été condamnée le 26 janvier 2026 par le tribunal correctionnel de Marseille pour détournement de fonds publics et subornation de témoin. Elle est accusée d'avoir employé Yann Bompard, actuel maire d'Orange, comme collaborateur parlementaire entre novembre 2021 et février 2023, alors qu'il n'effectuait plus son travail après être devenu maire. Le tribunal a prononcé une peine de 18 mois de prison avec sursis, 10 000 euros d'amende et 5 ans d'inéligibilité avec exécution provisoire. L'Assemblée nationale, partie civile, évalue le préjudice à 75 000 euros que Marie-France Lorho devra rembourser. Des écoutes du 5 septembre 2023 ont révélé des tentatives d'incitation au mensonge pour couvrir l'affaire.",13,https://fr.wikipedia.org/wiki/Marie-France_Lorho,Wikipedia — Marie-France Lorho,https://poligraph.fr/affaires/marie-france-lorho-condamnation-de-marie-france-lorho-pour-emploi-fictif-de-yann-bompard,2026-02-20T18:29:19.343Z,2026-07-31T16:31:27.866Z,PENAL
AF-000149,stephane-le-rudulier-depenses-personnelles-sur-fonds-publics-de-la-mairie-de-rognac,Dépenses personnelles sur fonds publics de la mairie de Rognac,PG-000913,stephane-le-rudulier,Stéphane Le Rudulier,LR,Les Républicains,Droite,LR,Les Républicains,Enquête préliminaire,ENQUETE_PRELIMINAIRE,Détournement de fonds publics,DETOURNEMENT_FONDS_PUBLICS,Critique,CRITIQUE,Mis en cause,DIRECT,oui,,2024-05-28,,,,,,,,non,,,Parquet d'Aix-en-Provence,,"Stéphane Le Rudulier, sénateur des Bouches-du-Rhône et membre de Les Républicains, était à l'époque des faits maire de Rognac. En 2024, le journal Marsactu révèle que des dépenses s'élevant à plusieurs dizaines de milliers d'euros annuels ont été engagées aux frais de la municipalité sans lien apparent avec ses activités. Ces dépenses auraient été effectuées par l'ancien maire Le Rudulier et par sa successeuse. Le parquet d'Aix-en-Provence ouvre une enquête préliminaire le 17 avril 2024 pour examiner la nature de ces dépenses et établir si elles correspondent à un détournement de fonds publics. L'enquête vise à déterminer les responsabilités respectives des deux édiles et à vérifier le bien-fondé de chaque transaction incriminée. Sous le régime de la présomption d'innocence, aucune mise en examen n'a pour l'heure été prononcée. Les investigations en cours doivent permettre au parquet de qualifier précisément les faits et de décider des suites judiciaires appropriées. Cette affaire s'inscrit dans un contexte plus large de questions de gouvernance municipale et de gestion des deniers publics locaux.",3,https://fr.wikipedia.org/wiki/St%C3%A9phane_Le_Rudulier,Wikipedia — Stéphane Le Rudulier,https://poligraph.fr/affaires/stephane-le-rudulier-depenses-personnelles-sur-fonds-publics-de-la-mairie-de-rognac,2026-02-20T18:29:19.016Z,2026-03-04T21:56:35.635Z,PENAL
AF-000148,marine-le-pen-plainte-de-marine-le-pen-contre-laurent-ruquier-pour-injure-affiche-charlie-hebdo,Plainte de Marine Le Pen contre Laurent Ruquier pour injure (affiche Charlie Hebdo),PG-000148,marine-le-pen,Marine Le Pen,RN,Rassemblement National,Extrême droite,RN,Rassemblement National,Relaxe,RELAXE,Injure,INJURE,Significatif,SIGNIFICATIF,Plaignant,PLAINTIFF,non,2012-01-07,,2019-10-25,0,0,,0,,0,non,,"Marine Le Pen déboutée, Laurent Ruquier relaxé définitivement",Cour de cassation,,"Le 7 janvier 2012, Laurent Ruquier a diffusé dans son émission ""On n'est pas couché"" sur France 2 une affiche satirique de Charlie Hebdo représentant Marine Le Pen sous la forme d'un étron fumant avec le slogan ""Le Pen, la candidate qui vous ressemble"". Marine Le Pen a porté plainte contre Laurent Ruquier (et non contre Charlie Hebdo) pour injure publique. Après avoir été déboutée en première instance en 2014 et en appel en 2015, puis un renvoi ordonné par la Cour de cassation en 2016, elle a été de nouveau déboutée par la cour d'appel de Paris en 2017. Le 25 octobre 2019, la Cour de cassation a définitivement rejeté son pourvoi, estimant que ""la publication litigieuse ne dépassait pas les limites admissibles de la liberté d'expression"" compte tenu du contexte satirique et polémique de l'émission.",5,https://fr.wikipedia.org/wiki/Marine_Le_Pen,Wikipedia — Marine Le Pen,https://poligraph.fr/affaires/marine-le-pen-plainte-de-marine-le-pen-contre-laurent-ruquier-pour-injure-affiche-charlie-hebdo,2026-02-20T18:29:18.852Z,2026-06-10T16:05:18.218Z,PENAL
AF-000146,marine-le-pen-relaxe-de-marine-le-pen-pour-injure-publique-envers-une-etudiante-voilee,Relaxe de Marine Le Pen pour injure publique envers une étudiante voilée,PG-000148,marine-le-pen,Marine Le Pen,RN,Rassemblement National,Extrême droite,RN,Rassemblement National,Relaxe,RELAXE,Injure,INJURE,Significatif,SIGNIFICATIF,Mis en cause,DIRECT,non,2019-03-31,,2026-01-20,,,,,,0,non,,Relaxe totale - aucune peine,Tribunal correctionnel de Paris (17e chambre correctionnelle),,"En mars 2019, durant la campagne des élections européennes, Marine Le Pen avait commenté sur le réseau social X la photo de Yasmine Ouirhane, ancienne étudiante de Sciences Po Bordeaux désignée ""jeune européenne de l'année 2019"", en la qualifiant de promotion de l'""islam radical"". L'étudiante, qui portait le voile sur la photo, avait déposé plainte pour injure publique en raison de l'origine, l'ethnie, la nation, la race ou la religion. Le 20 janvier 2026, le tribunal correctionnel de Paris (17e chambre) a relaxé Marine Le Pen, estimant que le terme ""islam radical"" ne renvoie pas de manière évidente au jihadisme ou au terrorisme, mais à une pratique rigoriste de la religion, et qu'associer une personne à une telle pratique ne revêt pas un caractère injurieux dans le cadre d'un débat d'idées.",9,https://fr.wikipedia.org/wiki/Marine_Le_Pen,Wikipedia — Marine Le Pen,https://poligraph.fr/affaires/marine-le-pen-relaxe-de-marine-le-pen-pour-injure-publique-envers-une-etudiante-voilee,2026-02-20T18:29:18.525Z,2026-03-12T08:17:01.837Z,PENAL
AF-000145,marine-le-pen-condamnation-de-marine-le-pen-pour-detournement-de-fonds-publics-dans-l-affaire-des-assistants-parlementaires-europeens-du-fn,Condamnation de Marine Le Pen pour détournement de fonds publics dans l'affaire des assistants parlementaires européens du FN,PG-000148,marine-le-pen,Marine Le Pen,RN,Rassemblement National,Extrême droite,RN,Rassemblement National,"Condamnation non définitive, pourvoi en cassation en cours",POURVOI_EN_CASSATION,Détournement de fonds publics,DETOURNEMENT_FONDS_PUBLICS,Critique,CRITIQUE,Mis en cause,DIRECT,oui,2004-01-01,,2026-07-07,100000,36,12,45,15,,non,,"Peine d'appel (cour d'appel de Paris, 7 juillet 2026) : 3 ans de prison dont 1 an ferme aménageable sous bracelet électronique et 2 ans avec sursis ; 45 mois d'inéligibilité dont 30 avec sursis (environ 15 mois fermes, déjà purgés depuis mars 2025). En première instance (31 mars 2025) : 4 ans dont 2 ferme sous bracelet et 5 ans d'inéligibilité avec exécution provisoire ; Marine Le Pen a été déchue de son mandat de conseillère départementale du Pas-de-Calais en avril 2025. Les onze condamnés se sont pourvus en cassation ; le parquet général y a renoncé. La décision n'est pas définitive.",Cour d'appel de Paris,,"Marine Le Pen est accusée d'avoir organisé et dirigé un système frauduleux d'embauche d'assistants parlementaires européens du Front National qui travaillaient en réalité pour le parti entre 2004 et 2016, détournant environ 1,4 million d'euros de fonds publics européens. En mars 2025, elle est condamnée en première instance par le tribunal correctionnel de Paris à quatre ans de prison dont deux ferme sous bracelet électronique, cinq ans d'inéligibilité avec exécution provisoire et 100 000 euros d'amende. En appel, le parquet général a requis en février 2026 une peine de quatre ans d'emprisonnement dont un ferme, cinq ans d'inéligibilité sans exécution provisoire et 100 000 euros d'amende. Le procès en appel s'est tenu de janvier à février 2026 devant la cour d'appel de Paris et impliquait également dix autres prévenus dont Louis Aliot, Nicolas Bay, Bruno Gollnisch et Catherine Griset. Le 7 juillet 2026, la cour d'appel de Paris a confirmé la culpabilité de Marine Le Pen pour détournement de fonds publics tout en allégeant la peine : trois ans d'emprisonnement dont deux ans assortis du sursis, la partie ferme d'un an étant aménagée sous le régime de la détention à domicile sous surveillance électronique, 100 000 euros d'amende et 45 mois de privation du droit d'éligibilité dont 30 mois assortis du sursis. Cette inéligibilité réduite (environ 15 mois fermes, déjà purgés depuis mars 2025) rouvre en principe la possibilité d'une candidature à l'élection présidentielle de 2027. Le soir même de l'arrêt, Marine Le Pen s'est déclarée candidate, tout en indiquant vouloir contester l'aménagement sous bracelet électronique via son pourvoi en cassation. Les onze condamnés se sont pourvus en cassation, le parquet général y a renoncé : la décision n'est pas définitive.",26,https://fr.wikipedia.org/wiki/Marine_Le_Pen,Wikipedia — Marine Le Pen,https://poligraph.fr/affaires/marine-le-pen-condamnation-de-marine-le-pen-pour-detournement-de-fonds-publics-dans-l-affaire-des-assistants-parlementaires-europeens-du-fn,2026-02-20T18:29:18.357Z,2026-08-23T10:16:47.300Z,PENAL
AF-000144,marine-le-pen-riwal-financement-des-campagnes-legislatives-fn-2012,Affaire Riwal - Financement des campagnes législatives FN 2012,PG-000148,marine-le-pen,Marine Le Pen,RN,Rassemblement National,Extrême droite,RN,Rassemblement National,Condamnation définitive,CONDAMNATION_DEFINITIVE,Financement illégal de campagne,FINANCEMENT_ILLEGAL_CAMPAGNE,Critique,CRITIQUE,Mis en cause,DIRECT,oui,2012-06-01,,2020-06-16,18750,0,,,,,non,,Condamnation du RN en tant que personne morale pour recel d'abus de biens sociaux,Tribunal correctionnel de Paris,,"Cette affaire concerne le financement des campagnes législatives du Front National en 2012, impliquant la société Riwal de Frédéric Chatillon, principal prestataire du parti. En 2017, treize personnes sont mises en examen, dont Marine Le Pen à qui il est reproché d'avoir employé fictivement deux de ses conseillers (Nicolas Bay et David Rachline) en CDD pendant sa campagne, rémunérés par Riwal plutôt que par le FN. Le 16 juin 2020, le tribunal correctionnel de Paris relaxe le parti de l'accusation principale de surfacturation des kits de campagne, mais condamne le Rassemblement national (RN) à 18 750 euros d'amende pour recel d'abus de biens sociaux. Le parquet fait appel de ce jugement. En 2024, la Cour de cassation rejette les pourvois du RN et de proches de Marine Le Pen, rendant définitive la condamnation du parti.",8,https://fr.wikipedia.org/wiki/Marine_Le_Pen,Wikipedia — Marine Le Pen,https://poligraph.fr/affaires/marine-le-pen-riwal-financement-des-campagnes-legislatives-fn-2012,2026-02-20T18:29:18.043Z,2026-03-04T21:16:29.568Z,PENAL
AF-000143,marine-le-pen-jeanne-condamnation-definitive-du-rassemblement-national-pour-recel-d-abus-de-biens-sociaux,Affaire Jeanne : condamnation définitive du Rassemblement national pour recel d'abus de biens sociaux,PG-000148,marine-le-pen,Marine Le Pen,RN,Rassemblement National,Extrême droite,RN,Rassemblement National,Condamnation définitive,CONDAMNATION_DEFINITIVE,Recel,RECEL,Grave,GRAVE,Mis en cause,DIRECT,non,2012-06-01,,2024-06-19,250000,0,,,,,non,,Condamnation du Rassemblement national en tant que personne morale,Cour de cassation,,"En 2010, des proches de Marine Le Pen créent le micro-parti Jeanne qui reçoit 9 millions d'euros en 2012. Une information judiciaire est ouverte en avril 2014 pour escroquerie en bande organisée concernant les activités financières de cette structure, utilisée dans le cadre des kits de campagne pour les élections législatives de 2012. En première instance en juin 2020, le Front national (devenu Rassemblement national) a été condamné à une amende de 18 750 euros pour recel d'abus de biens sociaux et relaxé de la principale accusation de surfacturation. Le 19 juin 2024, la Cour de cassation a confirmé le jugement d'appel, condamnant définitivement le RN à une amende de 250 000 euros, rendant cette condamnation définitive. L'affaire concerne un montage complexe visant à détourner les remboursements de frais de campagne électorale au profit du microparti Jeanne.",17,https://fr.wikipedia.org/wiki/Marine_Le_Pen,Wikipedia — Marine Le Pen,https://poligraph.fr/affaires/marine-le-pen-jeanne-condamnation-definitive-du-rassemblement-national-pour-recel-d-abus-de-biens-sociaux,2026-02-20T18:29:17.877Z,2026-03-04T21:16:29.519Z,PENAL
AF-000142,marine-le-pen-condamnation-de-marine-le-pen-pour-diffamation-envers-la-cimade-2,Condamnation de Marine Le Pen pour diffamation envers la Cimade,PG-000148,marine-le-pen,Marine Le Pen,RN,Rassemblement National,Extrême droite,RN,Rassemblement National,Condamnation définitive,CONDAMNATION_DEFINITIVE,Diffamation,DIFFAMATION,Significatif,SIGNIFICATIF,Mis en cause,DIRECT,non,2022-01-01,,2025-12-16,500,0,,,,,non,,,Cour de cassation,,"En janvier 2022, lors d'un entretien sur BFMTV en pleine campagne présidentielle, Marine Le Pen accuse les associations humanitaires d'être ""parfois complices des passeurs"" et vise directement la Cimade, l'accusant d'organiser ""la filière d'immigration clandestine en provenance des Comores"" à Mayotte. La Cimade, association engagée contre la xénophobie et l'exclusion des personnes immigrées, porte plainte pour diffamation. Marine Le Pen est condamnée en première instance, puis la condamnation est confirmée en appel par la cour d'appel de Paris le 11 septembre 2024 à 500 euros d'amende avec sursis. Le 16 décembre 2025, la Cour de cassation rejette le pourvoi de Marine Le Pen et rend la condamnation définitive, jugeant que ""les limites de la liberté d'expression ont été dépassées"".",8,https://fr.wikipedia.org/wiki/Marine_Le_Pen,Wikipedia — Marine Le Pen,https://poligraph.fr/affaires/marine-le-pen-condamnation-de-marine-le-pen-pour-diffamation-envers-la-cimade-2,2026-02-20T18:29:17.713Z,2026-03-04T21:16:29.469Z,PENAL
AF-000140,marine-le-pen-condamnation-de-marine-le-pen-pour-procedure-abusive-contre-georges-tron-et-l-afp,Annulation de la condamnation de Marine Le Pen pour procedure abusive contre Georges Tron et l'AFP,PG-000148,marine-le-pen,Marine Le Pen,RN,Rassemblement National,Extrême droite,RN,Rassemblement National,Classement sans suite,CLASSEMENT_SANS_SUITE,Autre,AUTRE,Significatif,SIGNIFICATIF,Plaignant,PLAINTIFF,non,2011-05-25,,2014-01-24,,,,,,,non,,1500 euros de dommages et intérêts à Georges Tron et 1500 euros à l'AFP,Tribunal correctionnel de Paris,,"Le 25 mai 2011, Georges Tron, alors secrétaire d'État à la Fonction publique, déclare à l'AFP observer que les plaintes pour agressions sexuelles viennent de Gilbert Collard, ""proche de Marine Le Pen, avec laquelle je suis en conflit depuis des mois"". Marine Le Pen porte plainte pour diffamation contre Georges Tron et l'AFP. Le 24 janvier 2014, le tribunal correctionnel de Paris relaxe Georges Tron et Emmanuel Hoog (PDG de l'AFP) et condamne Marine Le Pen pour procédure abusive, estimant que sa plainte relevait d'une ""interprétation manifestement tendancieuse et exagérée du texte"". Elle est condamnée à verser 1500 euros de dommages et intérêts à chacune des parties. Marine Le Pen annonce faire appel de cette décision.",6,https://fr.wikipedia.org/wiki/Marine_Le_Pen,Wikipedia — Marine Le Pen,https://poligraph.fr/affaires/marine-le-pen-condamnation-de-marine-le-pen-pour-procedure-abusive-contre-georges-tron-et-l-afp,2026-02-20T18:29:17.211Z,2026-03-12T08:17:02.156Z,PENAL
AF-000139,marine-le-pen-condamnation-de-marine-le-pen-pour-diffamation-envers-christian-baeckeroot,Condamnation de Marine Le Pen pour diffamation envers Christian Baeckeroot,PG-000148,marine-le-pen,Marine Le Pen,RN,Rassemblement National,Extrême droite,RN,Rassemblement National,Condamnation définitive,CONDAMNATION_DEFINITIVE,Diffamation,DIFFAMATION,Significatif,SIGNIFICATIF,Mis en cause,DIRECT,non,2008-01-01,,2011-01-27,1500,0,,,,,non,,1.000 euros de dommages et intérêts,Cour d'appel,,"Marine Le Pen et Louis Aliot ont été condamnés en appel le 27 janvier 2011 pour diffamation envers Christian Baeckeroot, ancien membre du Front National. L'affaire concernait des accusations portées en 2008 par le FN envers Baeckeroot, qui aurait qualifié Carl Lang (alors vice-président du parti) de ""merde"", ""ordure"" et ""salopard"". Marine Le Pen a été condamnée à 1.500 euros d'amende avec sursis et 1.000 euros de dommages et intérêts. Le pourvoi en cassation a été rejeté le 11 octobre 2011, rendant la condamnation définitive.",5,https://fr.wikipedia.org/wiki/Marine_Le_Pen,Wikipedia — Marine Le Pen,https://poligraph.fr/affaires/marine-le-pen-condamnation-de-marine-le-pen-pour-diffamation-envers-christian-baeckeroot,2026-02-20T18:29:16.874Z,2026-03-04T21:16:29.215Z,PENAL
AF-000138,jean-yves-le-drian-benalla-passeports-diplomatiques,Affaire Benalla - Passeports diplomatiques,PG-001431,jean-yves-le-drian,Jean-Yves Le Drian,TDP,Territoires de progrès,,TDP,Territoires de progrès,Enquête préliminaire,ENQUETE_PRELIMINAIRE,Autre,AUTRE,Significatif,SIGNIFICATIF,Mentionné,MENTIONED_ONLY,non,,2018-12-27,,,,,,,,non,,,Cour de justice de la République,,"Jean-Yves Le Drian a été auditionné par la commission d'enquête du Sénat en janvier 2019 au sujet des passeports détenus par Alexandre Benalla. Le député LR Guillaume Larrivé a saisi le procureur général près la Cour de cassation, François Molins, pour demander la mise en mouvement de l'action publique contre Le Drian devant la Cour de justice de la République. Il lui est reproché d'avoir indûment délivré deux passeports diplomatiques à Alexandre Benalla et de ne pas les avoir fait désactiver après son limogeage de l'Élysée.",2,https://fr.wikipedia.org/wiki/Jean-Yves_Le_Drian,Wikipedia — Jean-Yves Le Drian,https://poligraph.fr/affaires/jean-yves-le-drian-benalla-passeports-diplomatiques,2026-02-20T18:29:16.712Z,2026-03-11T12:36:23.788Z,PENAL
AF-000137,bastien-lachaud-mise-en-examen-de-bastien-lachaud-dans-l-affaire-des-comptes-de-campagne-de-jean-luc-melenchon-2017,Mise en examen de Bastien Lachaud dans l'affaire des comptes de campagne de Jean-Luc Mélenchon 2017,PG-000155,bastien-lachaud,Bastien Lachaud,LFI,La France insoumise,Extrême gauche,LFI,La France insoumise,Mise en examen,MISE_EN_EXAMEN,Financement illégal de campagne,FINANCEMENT_ILLEGAL_CAMPAGNE,Critique,CRITIQUE,Mis en cause,DIRECT,oui,2017-01-01,,2021-09-22,,,,,,,non,,,Tribunal judiciaire de Paris,,"Le 22 septembre 2021, Bastien Lachaud, député LFI de Seine-Saint-Denis, est mis en examen pour prêt illicite de main-d'œuvre, faux, escroquerie et tentative d'escroquerie dans le cadre de l'enquête judiciaire sur les comptes de la campagne présidentielle de Jean-Luc Mélenchon en 2017. Il était salarié et trésorier de l'association L'Ère du Peuple qui l'a rétribué 29 000 euros brut en treize mois, prestation facturée pour près de 130 000 euros au mandataire de campagne, permettant à l'association de dégager une marge de 59 à 66%. La Commission nationale des comptes de campagne avait relevé une différence de 152 688 euros entre les salaires versés et les montants facturés, refusant de rembourser cette marge et signalant les faits à la justice. Le 16 juin 2022, la chambre de l'instruction de la cour d'appel de Paris confirme sa mise en examen et rejette sa requête en annulation des poursuites.",10,https://fr.wikipedia.org/wiki/Bastien_Lachaud,Wikipedia — Bastien Lachaud,https://poligraph.fr/affaires/bastien-lachaud-mise-en-examen-de-bastien-lachaud-dans-l-affaire-des-comptes-de-campagne-de-jean-luc-melenchon-2017,2026-02-20T18:29:16.348Z,2026-03-04T21:16:29.055Z,PENAL
AF-000136,bastien-lachaud-condamnation-de-bastien-lachaud-pour-trouble-a-l-ordre-public-lors-de-la-perquisition-au-siege-de-lfi,Condamnation de Bastien Lachaud pour trouble à l'ordre public lors de la perquisition au siège de LFI,PG-000155,bastien-lachaud,Bastien Lachaud,LFI,La France insoumise,Extrême gauche,LFI,La France insoumise,Condamnation définitive,CONDAMNATION_DEFINITIVE,Autre,AUTRE,Significatif,SIGNIFICATIF,Mis en cause,DIRECT,non,2018-10-16,,2019-12-09,6000,0,,0,,,non,,,Tribunal correctionnel de Bobigny,,"Le 16 octobre 2018, lors d'une perquisition menée par l'OCLCIFF dans les locaux de La France insoumise à Paris dans le cadre d'enquêtes sur les comptes de campagne 2017 et les emplois présumés fictifs au Parlement européen, Bastien Lachaud participe à des altercations avec les forces de l'ordre et la magistrature. Le député de Seine-Saint-Denis est poursuivi pour rébellion, provocation et actes d'intimidation. Après un procès en septembre 2019 au tribunal correctionnel de Bobigny, il est condamné le 9 décembre 2019 à une amende de 6 000 euros. Jean-Luc Mélenchon, également présent lors de la perquisition, a été condamné dans la même affaire à trois mois de prison avec sursis et 8 000 euros d'amende.",9,https://fr.wikipedia.org/wiki/Bastien_Lachaud,Wikipedia — Bastien Lachaud,https://poligraph.fr/affaires/bastien-lachaud-condamnation-de-bastien-lachaud-pour-trouble-a-l-ordre-public-lors-de-la-perquisition-au-siege-de-lfi,2026-02-20T18:29:16.183Z,2026-03-04T21:16:29.004Z,PENAL
AF-000135,andy-kerbrat-andy-kerbrat-utilisation-presumee-de-frais-de-mandat-pour-des-depenses-personnelles,Affaire Andy Kerbrat : utilisation présumée de frais de mandat pour des dépenses personnelles,PG-000295,andy-kerbrat,Andy Kerbrat,LFI,La France insoumise,Extrême gauche,LFI,La France insoumise,Enquête préliminaire,ENQUETE_PRELIMINAIRE,Détournement de fonds publics,DETOURNEMENT_FONDS_PUBLICS,Critique,CRITIQUE,Mis en cause,DIRECT,oui,2024-10-17,,,,,,,,,non,,,,,"Le député LFI de Loire-Atlantique Andy Kerbrat, âgé de 34 ans, est soupçonné d'avoir utilisé son avance de frais de mandat (AFM) pour des dépenses personnelles, incluant potentiellement l'achat de stupéfiants. Selon Mediapart, il aurait effectué des virements de son compte AFM vers son compte personnel pour environ 25 000 euros, dans un contexte d'addiction à des drogues de synthèse. Le député reconnaît avoir ""fait n'importe quoi"" avec ses frais de mandat et affirme avoir remboursé les dépenses interdites. La présidente de l'Assemblée nationale Yaël Braun-Pivet a saisi le déontologue de l'institution le 15 novembre 2024 pour un contrôle de ses dépenses et indiqué qu'elle saisirait la justice si les faits étaient avérés. Une association anti-corruption a déposé plainte contre le député, qui est actuellement visé par une procédure judiciaire pour usage de stupéfiants et en arrêt maladie.",9,https://fr.wikipedia.org/wiki/Andy_Kerbrat,Wikipedia — Andy Kerbrat,https://poligraph.fr/affaires/andy-kerbrat-andy-kerbrat-utilisation-presumee-de-frais-de-mandat-pour-des-depenses-personnelles,2026-02-20T18:29:16.013Z,2026-03-04T21:16:28.953Z,PENAL
AF-000133,philippe-juvin-plainte-pour-harcelement-moral-et-discrimination-syndicale,Plainte pour harcèlement moral et discrimination syndicale,PG-000040,philippe-juvin,Philippe Juvin,LR,Les Républicains,Droite,LR,Les Républicains,Enquête préliminaire,ENQUETE_PRELIMINAIRE,Harcèlement moral,HARCELEMENT_MORAL,Grave,GRAVE,Mis en cause,DIRECT,non,,2023-05-05,,,,,,,,non,,,,,"Philippe Juvin, membre du groupe Les Républicains, a été maire de La Garenne-Colombes avant de devenir Député de la 3ème circonscription. Il a quitté ses fonctions municipales en juillet 2022. Le 25 avril 2023, l'interco-CFDT des Hauts-de-Seine et un élu syndical déposent plainte contre Philippe Juvin pour harcèlement moral, entrave à un processus de signalement et discrimination syndicale. La plainte vise également Monique Raimbault, qui a succédé à Juvin à la mairie en juillet 2022. Selon l'organisation syndicale, des représentants du personnel auraient subi des mesures de rétorsion — notamment des restrictions d'accès ou des isolements professionnels — après avoir dénoncé les conditions de travail dégradées des employés municipaux. La CFDT soutient que ces représailles constituent une discrimination syndicale visant à dissuader les activités de défense des droits des travailleurs. L'enquête préliminaire a été ouverte afin d'examiner les fondements de ces accusations. À ce stade de la procédure, la présomption d'innocence s'applique aux personnes mises en cause. L'issue de cette enquête déterminera si des poursuites pourront être engagées.",2,https://fr.wikipedia.org/wiki/Philippe_Juvin,Wikipedia — Philippe Juvin,https://poligraph.fr/affaires/philippe-juvin-plainte-pour-harcelement-moral-et-discrimination-syndicale,2026-02-20T18:29:15.681Z,2026-03-04T21:56:31.646Z,PENAL
AF-000132,philippe-juvin-transaction-financiere-suite-a-l-auto-recours-de-philippe-juvin,Affaire de la transaction financière suite à l'auto-recours de Philippe Juvin,PG-000040,philippe-juvin,Philippe Juvin,LR,Les Républicains,Droite,LR,Les Républicains,Classement sans suite,CLASSEMENT_SANS_SUITE,Conflit d'intérêts,CONFLIT_INTERETS,Grave,GRAVE,Mis en cause,DIRECT,non,2017-03-08,,2017-12-01,,,,,,,non,,,Tribunal administratif de Cergy-Pontoise,,"En mars 2017, un permis de construire pour une résidence de trois étages à La Garenne-Colombes est délivré par délégation du maire Philippe Juvin. Le 5 mai 2017, Philippe Juvin attaque à titre personnel ce permis devant le tribunal administratif de Cergy-Pontoise, invoquant des nuisances et une perte de valeur de sa propre maison située à proximité du projet. Le 30 octobre 2017, un protocole d'accord confidentiel est signé entre le maire et le promoteur immobilier franco-suisse (groupe Promogim), prévoyant une indemnisation de 6 à 7% de la valeur de sa maison, soit environ 97 500 euros. Philippe Juvin se désiste de son recours le 13 novembre 2017 et l'affaire est abandonnée le 1er décembre 2017. L'affaire est révélée par Mediapart en novembre 2019.",7,https://fr.wikipedia.org/wiki/Philippe_Juvin,Wikipedia — Philippe Juvin,https://poligraph.fr/affaires/philippe-juvin-transaction-financiere-suite-a-l-auto-recours-de-philippe-juvin,2026-02-20T18:29:15.516Z,2026-03-04T21:16:28.795Z,PENAL
AF-000130,sandrine-josso-ineligibilite-de-sandrine-josso-pour-retard-de-comptes-de-campagne-municipale,Inéligibilité de Sandrine Josso pour retard de comptes de campagne municipale,PG-000127,sandrine-josso,Sandrine Josso,MoDem,Mouvement démocrate,Centre,,,Condamnation définitive,CONDAMNATION_DEFINITIVE,Autre,AUTRE,Significatif,SIGNIFICATIF,Mis en cause,DIRECT,non,2020-03-15,,2021-02-01,0,0,,12,,0,non,,Inéligibilité limitée aux mandats locaux uniquement,Tribunal administratif de Nantes,,"En 2021, Sandrine Josso est condamnée par le tribunal administratif de Nantes à un an d'inéligibilité pour avoir présenté avec plusieurs jours de retard ses comptes de campagne des élections municipales de La Baule en 2020, qu'elle avait perdues. Le tribunal administratif estime que cette faute est totalement imputable à la candidate, sans pour autant révéler une volonté de fraude ou un manquement d'une particulière gravité. Cette peine d'inéligibilité ne concerne que les mandats locaux et n'affecte pas son mandat de députée. Sandrine Josso n'a pas fait appel de cette décision.",4,https://fr.wikipedia.org/wiki/Sandrine_Josso,Wikipedia — Sandrine Josso,https://poligraph.fr/affaires/sandrine-josso-ineligibilite-de-sandrine-josso-pour-retard-de-comptes-de-campagne-municipale,2026-02-20T18:29:15.176Z,2026-03-04T21:16:28.688Z,PENAL
AF-000129,sandrine-josso-pret-non-rembourse-a-une-attachee-parlementaire,Affaire du prêt non remboursé à une attachée parlementaire,PG-000127,sandrine-josso,Sandrine Josso,MoDem,Mouvement démocrate,Centre,MoDem,Mouvement démocrate,Classement sans suite,CLASSEMENT_SANS_SUITE,Abus de confiance,ABUS_CONFIANCE,Grave,GRAVE,Mis en cause,DIRECT,non,2018-10-01,,2022-06-10,,,,,,,non,,,Tribunal judiciaire de Saint-Nazaire,,"En octobre 2018, Sandrine Josso, députée Modem de Loire-Atlantique, emprunte 10 000 euros à son attachée parlementaire. Cette somme n'ayant été que partiellement remboursée, l'attachée parlementaire poursuit la députée pour abus de confiance et obtient une saisie conservatoire de 6 666,60 euros en juin 2021. L'affaire est plaidée le 10 mai 2022 devant le tribunal judiciaire de Saint-Nazaire, présidé par Cécile Capeau. Le 10 juin 2022, la juge des référés déboutte l'attachée parlementaire de sa demande de remboursement en référé, estimant que l'affaire doit être jugée au fond. L'attachée parlementaire, qui élève seule sa fille, continue de rembourser les échéances mensuelles du prêt qu'elle avait elle-même contracté pour la députée.",9,https://fr.wikipedia.org/wiki/Sandrine_Josso,Wikipedia — Sandrine Josso,https://poligraph.fr/affaires/sandrine-josso-pret-non-rembourse-a-une-attachee-parlementaire,2026-02-20T18:29:15.013Z,2026-03-04T21:16:28.637Z,PENAL
AF-000128,yannick-jadot-action-en-diffamation-de-totalenergies-contre-yannick-jadot,"Relaxe de Yannick Jadot, poursuivi en diffamation par TotalEnergies",PG-000829,yannick-jadot,Yannick Jadot,EELV,Les Écologistes – Europe Écologie Les Verts,Gauche,,,Relaxe,RELAXE,Diffamation,DIFFAMATION,Significatif,SIGNIFICATIF,Mis en cause,DIRECT,non,2022-03-01,,2025-06-06,,,,,,,non,,,"Tribunal correctionnel de Paris, 17e chambre",,"En mars 2022, pendant la campagne présidentielle et peu après l'invasion de l'Ukraine par la Russie, Yannick Jadot accuse TotalEnergies d'être « complice de crimes de guerre » parce que le groupe maintient ses activités en Russie. TotalEnergies le poursuit en diffamation pour dix-neuf séries de propos. Le 6 juin 2025, la 17e chambre du tribunal correctionnel de Paris le relaxe sur l'ensemble des chefs, en retenant sa bonne foi et l'existence d'une « base factuelle ». TotalEnergies a pris acte de la décision.",4,https://fr.wikipedia.org/wiki/Yannick_Jadot,Wikipedia — Yannick Jadot,https://poligraph.fr/affaires/yannick-jadot-action-en-diffamation-de-totalenergies-contre-yannick-jadot,2026-02-20T18:29:14.849Z,2026-09-23T06:08:12.925Z,PENAL
AF-000126,laurent-jacobelli-condamnation-de-laurent-jacobelli-pour-diffamation-et-outrage-envers-belkhir-belhaddad,Condamnation de Laurent Jacobelli pour diffamation et outrage envers Belkhir Belhaddad,PG-000324,laurent-jacobelli,Laurent Jacobelli,RN,Rassemblement National,Extrême droite,RN,Rassemblement National,Appel en cours,APPEL_EN_COURS,Diffamation,DIFFAMATION,Significatif,SIGNIFICATIF,Mis en cause,DIRECT,non,2023-10-13,,2025-09-02,300,0,,,,,non,,150 euros de dommages et intérêts à verser à Belkhir Belhaddad,Tribunal correctionnel de Thionville,,"En octobre 2023, lors d'un déplacement ministériel à Hayange (Moselle), le député RN Laurent Jacobelli traite son collègue Belkhir Belhaddad de ""racaille"", lui disant ""Tu me parles autrement, je te le dis tout de suite, racaille !"" puis ""Joue pas les racailles"", des propos enregistrés par les caméras présentes. Le 2 septembre 2025, le tribunal correctionnel de Thionville condamne Laurent Jacobelli à 300 euros d'amende avec sursis pour diffamation non publique et outrage envers un parlementaire. Le tribunal le relaxe en revanche du chef d'injure non publique à raison de l'origine. Laurent Jacobelli doit également verser 150 euros de dommages et intérêts à Belkhir Belhaddad.",8,https://fr.wikipedia.org/wiki/Laurent_Jacobelli,Wikipedia — Laurent Jacobelli,https://poligraph.fr/affaires/laurent-jacobelli-condamnation-de-laurent-jacobelli-pour-diffamation-et-outrage-envers-belkhir-belhaddad,2026-02-20T18:29:14.512Z,2026-03-12T08:36:41.013Z,PENAL
AF-000125,cyrille-isaac-sibille-conflit-d-interet-avec-sanofi,Conflit d'intérêt avec Sanofi,PG-000204,cyrille-isaac-sibille,Cyrille Isaac-Sibille,MoDem,Mouvement démocrate,Centre,MoDem,Mouvement démocrate,Classement sans suite,CLASSEMENT_SANS_SUITE,Conflit d'intérêts,CONFLIT_INTERETS,Grave,GRAVE,Mis en cause,DIRECT,non,,2018-02-06,,,,,,,,non,,,,,"Cyrille Isaac-Sibille, Mouvement démocrate, député de la 12ème circonscription, a été au cœur d'une controverse éthique en matière de conflit d'intérêts portant sur ses activités législatives et ses intérêts financiers. En 2016, le journal L'Humanité révèle que le parlementaire, détenteur d'actions du groupe pharmaceutique Sanofi, a fait voter un amendement visant à assouplir les conditions relatives aux essais cliniques pour les nouveaux médicaments. Cette situation soulève la question de la compatibilité entre ses intérêts financiers personnels dans le secteur pharmaceutique et son devoir de représentant législatif agissant dans l'intérêt général. L'amendement en question visant à modifier le cadre réglementaire des essais cliniques aurait pu bénéficier directement à Sanofi, dont Cyrille Isaac-Sibille demeurait actionnaire. Cette superposition de rôles soulève des questions déontologiques quant à la séparation entre intérêts privés et fonction publique. Les autorités compétentes ont examiné les faits soulevés par cette révélation médiatique. L'enquête a abouti à un classement sans suite, signifiant qu'aucune suite judiciaire n'a été donnée au dossier. Cette décision reflète soit l'absence d'éléments constitutifs d'une infraction pénale, soit des considérations procédurales.",2,https://fr.wikipedia.org/wiki/Cyrille_Isaac-Sibille,Wikipedia — Cyrille Isaac-Sibille,https://poligraph.fr/affaires/cyrille-isaac-sibille-conflit-d-interet-avec-sanofi,2026-02-20T18:29:14.348Z,2026-03-04T21:56:18.612Z,PENAL
AF-000124,cyrille-isaac-sibille-exces-de-vitesse-et-menaces-envers-des-policiers,Excès de vitesse et menaces envers des policiers,PG-000204,cyrille-isaac-sibille,Cyrille Isaac-Sibille,MoDem,Mouvement démocrate,Centre,MoDem,Mouvement démocrate,Classement sans suite,CLASSEMENT_SANS_SUITE,Menace,MENACE,Grave,GRAVE,Mis en cause,DIRECT,non,2020-06-11,,,,,,,,,non,,,,,"Cyrille Isaac-Sibille, député Mouvement démocrate de la 12ème circonscription, a été contrôlé le 11 juin 2020 à Sainte-Foy-lès-Lyon circulant à motocyclette à 86 km/h dans une zone limitée à 50 km/h. Au moment du contrôle routier, il ne pouvait présenter les originaux de ses documents d'identification et de circulation. Selon le dossier, le parlementaire aurait tenté de faire valoir son statut de député pour se soustraire au contrôle. Il aurait ensuite quitté les lieux en menaçant les policiers de leur adresser un rapport, menaces qu'il a par la suite démenties. L'enquête a été classée sans suite, mettant ainsi fin aux poursuites pour menaces envers dépositaires de l'autorité publique et excès de vitesse. Cette affaire s'inscrit dans un contexte plus large de controverses ayant entouré le parlementaire, notamment un précédent conflit d'intérêt avec Sanofi. Bien que la qualification de menaces ait été retenue initialement, le classement sans suite traduit l'absence de poursuites de la part du ministère public, sans préjudice des faits allégués.",4,https://fr.wikipedia.org/wiki/Cyrille_Isaac-Sibille,Wikipedia — Cyrille Isaac-Sibille,https://poligraph.fr/affaires/cyrille-isaac-sibille-exces-de-vitesse-et-menaces-envers-des-policiers,2026-02-20T18:29:14.186Z,2026-03-04T21:56:13.797Z,PENAL
AF-000122,timothee-houssin-condamnation-de-timothee-houssin-pour-recel-de-detournement-de-fonds-publics,Condamnation de Timothée Houssin pour recel de détournement de fonds publics,PG-000259,timothee-houssin,Timothée Houssin,RN,Rassemblement National,Extrême droite,RN,Rassemblement National,"Condamnation non définitive, pourvoi en cassation en cours",POURVOI_EN_CASSATION,Détournement de fonds publics,DETOURNEMENT_FONDS_PUBLICS,Critique,CRITIQUE,Mis en cause,DIRECT,oui,2014-07-01,,2026-07-07,,6,0,12,,,non,,"En appel (cour d'appel de Paris, 7 juillet 2026) : Timothée Houssin est déclaré coupable et condamné à 6 mois de prison avec sursis et 1 an d'inéligibilité avec sursis. Un pourvoi en cassation reste possible.",Cour d'appel de Paris,,"Timothée Houssin, attaché parlementaire de l'eurodéputé Nicolas Bay entre juillet 2014 et mars 2015, a été mis en examen le 20 mars 2018 pour recel d'abus de confiance dans le cadre de l'affaire des assistants parlementaires européens du Front national. Nicolas Bay a reconnu devant la cour d'appel de Paris avoir employé Timothée Houssin à des tâches ne concernant pas le Parlement européen, mais affirme n'avoir pas eu conscience de commettre un délit. Le 31 mars 2025, le tribunal correctionnel de Paris a condamné Timothée Houssin à six mois de prison avec sursis et à un an d'inéligibilité sans exécution provisoire pour recel de détournement de fonds publics. Le procès en appel s'est déroulé devant la cour d'appel de Paris à partir du 13 janvier 2026. Le 7 juillet 2026, la cour l'a déclaré coupable de recel de détournement de fonds publics pour la période du 1er septembre 2014 au 31 mars 2015, l'a relaxé pour la période du 1er juillet au 31 août 2014, et l'a condamné à six mois d'emprisonnement intégralement assortis du sursis et un an de privation du droit d'éligibilité intégralement assorti du sursis. Les onze condamnés se sont pourvus en cassation, le parquet général y a renoncé : la décision n'est pas définitive.",18,https://fr.wikipedia.org/wiki/Timoth%C3%A9e_Houssin,Wikipedia — Timothée Houssin,https://poligraph.fr/affaires/timothee-houssin-condamnation-de-timothee-houssin-pour-recel-de-detournement-de-fonds-publics,2026-02-20T18:29:13.695Z,2026-08-14T12:48:15.953Z,PENAL
AF-000121,alain-houpert-interdiction-d-exercice-de-la-medecine-pour-fautes-deontologiques-covid-19,Interdiction d'exercice de la médecine pour fautes déontologiques (Covid-19),PG-000694,alain-houpert,Alain Houpert,LR,Les Républicains,Droite,LR,Les Républicains,Procès en cours,PROCES_EN_COURS,Autre,AUTRE,Significatif,SIGNIFICATIF,Mis en cause,DIRECT,non,2020-01-01,,,,,,,,,non,,,,ECLI:FR:CECHR:2026:501651.20260513,"Le 4 novembre 2022, Alain Houpert est interdit d'exercice de la médecine pendant neuf mois par la chambre disciplinaire de première instance de l'Ordre des médecins de Bourgogne-Franche-Comté, pour manquements déontologiques. Il lui est reproché sa participation au documentaire Hold-up et au mouvement Laissons-les prescrire, autour d'un traitement controversé contre le Covid-19. En appel, le 18 décembre 2024, la chambre disciplinaire nationale réduit la sanction à six mois d'interdiction d'exercer, dont trois mois avec sursis. Le 13 mai 2026, le Conseil d'État annule cette décision disciplinaire et renvoie l'affaire devant la chambre disciplinaire nationale pour être rejugée. À ce jour, aucune interdiction d'exercer ne subsiste : l'affaire doit être réexaminée.",7,https://fr.wikipedia.org/wiki/Alain_Houpert,Wikipedia — Alain Houpert,https://poligraph.fr/affaires/alain-houpert-interdiction-d-exercice-de-la-medecine-pour-fautes-deontologiques-covid-19,2026-02-20T18:29:13.403Z,2026-08-20T16:03:56.588Z,PENAL
AF-000120,michel-herbillon-box-insalubre-de-chatenay-malabry,Affaire du box insalubre de Châtenay-Malabry,PG-000004,michel-herbillon,Michel Herbillon,LR,Les Républicains,Droite,,,Enquête préliminaire,ENQUETE_PRELIMINAIRE,Autre,AUTRE,Significatif,SIGNIFICATIF,Mis en cause,DIRECT,non,2022-04-03,,,,,,,,,non,,,null,,"Raymond Sebas, un jardinier de 76 ans, a été retrouvé mort le 3 avril 2022 dans une rue de Châtenay-Malabry des suites d'une crise cardiaque. Selon l'enquête de Mediapart, il vivait depuis plusieurs années dans un box de parking insalubre d'une dizaine de mètres carrés sans fenêtre appartenant au député LR Michel Herbillon, équipé d'un lit de camp, d'un radiateur d'appoint et de quelques étagères. Michel Herbillon affirme avoir acheté ce box en 2005 pour ses parents et que sa mère aurait accepté en 2016 de mettre le box à disposition de Raymond Sebas pour qu'il y entrepose ses outils, sans jamais savoir qu'il y vivait. L'élu déclare avoir découvert en juillet 2022, via une agence immobilière mandatée pour la vente du box, que le septuagénaire y habitait et était décédé.",11,https://fr.wikipedia.org/wiki/Michel_Herbillon,Wikipedia — Michel Herbillon,https://poligraph.fr/affaires/michel-herbillon-box-insalubre-de-chatenay-malabry,2026-02-20T18:29:13.240Z,2026-03-04T21:16:28.125Z,PENAL
AF-000119,rima-hassan-plainte-de-rima-hassan-contre-arthur-pour-diffamation,Plainte de Rima Hassan contre Arthur pour diffamation,PG-001014,rima-hassan,Rima Hassan,LFI,La France insoumise,Extrême gauche,LFI,La France insoumise,Enquête préliminaire,ENQUETE_PRELIMINAIRE,Diffamation,DIFFAMATION,Significatif,SIGNIFICATIF,Plaignant,PLAINTIFF,non,2024-01-31,,,,,,,,,non,,,null,,"Rima Hassan, eurodéputée, a décidé de porter plainte contre l'animateur Arthur pour diffamation. Ce dernier l'avait accusée sur les réseaux sociaux de faire l'apologie du terrorisme et l'avait qualifiée d'antisémite. Ces accusations font suite à une polémique autour d'un extrait vidéo de neuf secondes où Rima Hassan aurait répondu ""vrai"" à la question ""Le Hamas mène une action légitime ?"". L'affaire s'inscrit dans un contexte de tensions liées au conflit israélo-palestinien et aux prises de position publiques de l'eurodéputée.",4,https://fr.wikipedia.org/wiki/Rima_Hassan,Wikipedia — Rima Hassan,https://poligraph.fr/affaires/rima-hassan-plainte-de-rima-hassan-contre-arthur-pour-diffamation,2026-02-20T18:29:13.071Z,2026-03-04T21:16:28.075Z,PENAL
AF-000118,catherine-griset-condamnation-de-catherine-griset-pour-emploi-fictif-d-assistante-parlementaire-europeenne,Condamnation de Catherine Griset pour emploi fictif d'assistante parlementaire européenne,PG-001056,catherine-griset,Catherine Griset,RN,Rassemblement National,Extrême droite,RN,Rassemblement National,"Condamnation non définitive, pourvoi en cassation en cours",POURVOI_EN_CASSATION,Emploi fictif,EMPLOI_FICTIF,Critique,CRITIQUE,Mis en cause,DIRECT,oui,2010-12-02,,2026-07-07,0,12,0,24,,,non,,"En appel (cour d'appel de Paris, 7 juillet 2026) : Catherine Griset est déclarée coupable et condamnée à 1 an de prison avec sursis et 2 ans d'inéligibilité avec sursis. L'exécution provisoire de l'inéligibilité prononcée en première instance n'a pas été reconduite. Un pourvoi en cassation reste possible.",Cour d'appel de Paris,,"Catherine Griset, proche collaboratrice de Marine Le Pen, a été condamnée en première instance le 31 mars 2025 à un an de prison avec sursis et deux ans d'inéligibilité avec exécution provisoire dans l'affaire des assistants parlementaires du Front national au Parlement européen. La justice lui reproche d'avoir été rémunérée comme assistante parlementaire accréditée au Parlement européen entre le 2 décembre 2010 et le 14 février 2016, tout en travaillant en réalité principalement pour le parti. Elle a reconnu lors du procès en appel avoir consacré environ 20% de son temps à des tâches liées à Marine Le Pen en tant que présidente du FN, et n'avoir pas respecté son obligation de résidence à Bruxelles alors qu'elle habitait à Garches dans les Hauts-de-Seine. Le procès en appel s'est tenu du 13 janvier au 12 février 2026 devant la cour d'appel de Paris. Le 7 juillet 2026, la cour l'a déclarée coupable de recel de détournement de fonds publics pour la période du 2 décembre 2010 au 14 février 2016 et l'a condamnée à un an d'emprisonnement intégralement assorti du sursis et deux ans de privation du droit d'éligibilité intégralement assortis du sursis. Les onze condamnés se sont pourvus en cassation, le parquet général y a renoncé : la décision n'est pas définitive.",12,https://fr.wikipedia.org/wiki/Catherine_Griset,Wikipedia — Catherine Griset,https://poligraph.fr/affaires/catherine-griset-condamnation-de-catherine-griset-pour-emploi-fictif-d-assistante-parlementaire-europeenne,2026-02-20T18:29:12.902Z,2026-08-04T10:22:49.442Z,PENAL
AF-000117,daniel-grenon-condamnation-de-daniel-grenon-pour-provocation-publique-a-la-discrimination-et-injure-publique-envers-les-binationaux-maghrebins,Condamnation de Daniel Grenon pour provocation publique à la discrimination et injure publique envers les binationaux maghrébins,PG-000391,daniel-grenon,Daniel Grenon,,,,NI,Non-inscrits,Appel en cours,APPEL_EN_COURS,Incitation à la haine,INCITATION_HAINE,Critique,CRITIQUE,Mis en cause,DIRECT,oui,2024-07-01,,2025-05-02,3000,0,,,,,non,,"1 500 euros de dommages et intérêts à chacune des trois parties civiles (MRAP de l'Yonne, Ligue des droits de l'homme, Ligue internationale contre le racisme et l'antisémitisme)",Tribunal correctionnel de Sens,,"Le 1er juillet 2024, lors d'un débat électoral organisé par L'Yonne Républicaine pendant l'entre-deux-tours des législatives, Daniel Grenon, député sortant de la première circonscription de l'Yonne et candidat RN, déclare qu'un ""Maghrébin binational n'a pas sa place dans les hauts lieux"" et que ""des Maghrébins sont arrivés au pouvoir en 2016, ces gens-là n'ont pas leur place dans les hauts lieux"". Le procureur de la République est saisi le 3 juillet 2024 et Jordan Bardella condamne ces ""propos abjects"". Réélu malgré la polémique, Grenon est exclu du RN en octobre 2024 et rejoint les non-inscrits. Le 2 mai 2025, le tribunal correctionnel de Sens le condamne à 3 000 euros d'amende (le double des réquisitions) et 1 500 euros de dommages et intérêts à chacune des trois parties civiles (MRAP de l'Yonne, LDH et LICRA) pour provocation publique à la discrimination et injure publique en raison de l'origine, l'ethnie, la nation, la race ou la religion.",12,https://fr.wikipedia.org/wiki/Daniel_Grenon,Wikipedia — Daniel Grenon,https://poligraph.fr/affaires/daniel-grenon-condamnation-de-daniel-grenon-pour-provocation-publique-a-la-discrimination-et-injure-publique-envers-les-binationaux-maghrebins,2026-02-20T18:29:12.629Z,2026-03-12T13:46:20.560Z,PENAL
AF-000116,sandro-gozi-contrat-avec-la-banque-centrale-de-saint-marin,Affaire du contrat avec la Banque centrale de Saint-Marin,PG-001068,sandro-gozi,Sandro Gozi,RE,Renaissance,Centre,RE,Renaissance,Classement sans suite,CLASSEMENT_SANS_SUITE,Emploi fictif,EMPLOI_FICTIF,Critique,CRITIQUE,Mis en cause,DIRECT,oui,,2019-04-21,,,,,,,,non,,,,,"En avril 2019, une enquête est ouverte concernant un contrat de conseil de 220 000 euros entre Sandro Gozi et la Banque centrale de Saint-Marin, portant sur les conditions d'attribution du contrat et le caractère potentiellement fictif de la prestation. Gozi affirme que le contrat a été attribué dans le respect des procédures et que l'accusation visait à nuire à sa candidature aux européennes. Le dossier est classé sans suite le 2 juillet 2020, et le commissaire ayant ouvert l'enquête est condamné en février 2024 pour tentative de corruption et abus de pouvoir.",4,https://fr.wikipedia.org/wiki/Sandro_Gozi,Wikipedia — Sandro Gozi,https://poligraph.fr/affaires/sandro-gozi-contrat-avec-la-banque-centrale-de-saint-marin,2026-02-20T18:29:12.459Z,2026-03-04T21:16:27.918Z,PENAL
AF-000115,perrine-goulet-plainte-de-greenpeace-contre-perrine-goulet-pour-incitation-au-meurtre,Plainte de Greenpeace contre Perrine Goulet pour incitation au meurtre,PG-000147,perrine-goulet,Perrine Goulet,MoDem,Mouvement démocrate,Centre,MoDem,Mouvement démocrate,Enquête préliminaire,ENQUETE_PRELIMINAIRE,Incitation à la haine,INCITATION_HAINE,Critique,CRITIQUE,Mis en cause,DIRECT,oui,2018-03-22,,,,,,,,,non,,,Tribunal de grande instance de Paris,,"Le 22 mars 2018, lors d'une audition du ministre de l'Intérieur Gérard Collomb devant la commission d'enquête parlementaire sur la sûreté nucléaire, la députée LREM Perrine Goulet, ancienne salariée d'EDF, suggère d'""installer des miradors avec possibilité de tirer"" en cas d'intrusion dans les centrales nucléaires, comme aux États-Unis. Suite à ces déclarations, Greenpeace annonce le 26 mars 2018 son intention de porter plainte pour ""incitation au meurtre"", puis dépose effectivement plainte le 25 avril 2018 au Tribunal de grande instance de Paris pour ""provocation à un crime ou un délit"", via son avocate Marie Dosé. La députée s'est défendue en affirmant qu'elle n'avait jamais appelé au meurtre et qu'elle pensait à ""tirer dans les jambes"". L'avocate de Greenpeace a également adressé un courrier le 9 avril au président de l'Assemblée nationale François de Rugy pour demander une sanction disciplinaire.",9,https://fr.wikipedia.org/wiki/Perrine_Goulet,Wikipedia — Perrine Goulet,https://poligraph.fr/affaires/perrine-goulet-plainte-de-greenpeace-contre-perrine-goulet-pour-incitation-au-meurtre,2026-02-20T18:29:12.294Z,2026-03-04T21:16:27.865Z,PENAL
AF-000114,yoann-gillet-condamnation-de-yoann-gillet-pour-injures-publiques-envers-jean-paul-fournier,Condamnation de Yoann Gillet pour injures publiques envers Jean-Paul Fournier,PG-000273,yoann-gillet,Yoann Gillet,RN,Rassemblement National,Extrême droite,RN,Rassemblement National,Condamnation définitive,CONDAMNATION_DEFINITIVE,Injure,INJURE,Significatif,SIGNIFICATIF,Mis en cause,DIRECT,non,2014-12-01,,2015-10-01,1500,0,,,,,non,,,Tribunal correctionnel de Nîmes,,"En décembre 2014, Yoann Gillet, alors secrétaire départemental du Front National dans le Gard, a tenu des propos injurieux lors d'un conseil municipal à l'encontre du maire de Nîmes Jean-Paul Fournier (LR), le qualifiant notamment de ""sous-merde"" et ""sous-maire"". Il a été condamné en octobre 2015 par le tribunal correctionnel de Nîmes à 1500 euros d'amende pour injures publiques. Cette condamnation a été confirmée en appel par la cour d'appel de Nîmes le 29 avril 2016, devenant ainsi définitive.",5,https://fr.wikipedia.org/wiki/Yoann_Gillet,Wikipedia — Yoann Gillet,https://poligraph.fr/affaires/yoann-gillet-condamnation-de-yoann-gillet-pour-injures-publiques-envers-jean-paul-fournier,2026-02-20T18:29:11.776Z,2026-03-04T21:16:27.761Z,PENAL
AF-000113,francois-fillon-detournements-de-fonds-publics-du-senat-urs,Affaire de détournements de fonds publics du Sénat (URS),PG-000580,francois-fillon,François Fillon,LR,Les Républicains,Droite,,,Action publique éteinte par prescription,PRESCRIPTION,Détournement de fonds publics,DETOURNEMENT_FONDS_PUBLICS,Critique,CRITIQUE,Mis en cause,DIRECT,oui,2005-01-01,,,,,,,,,non,,,,,"François Fillon, alors sénateur membre de l'Union pour un mouvement populaire, a perçu entre 2005 et 2007 sept chèques de 3 000 euros chacun (total 21 000 euros) émis par le compte HSBC de l'Union républicaine du Sénat. Ces versements correspondaient à des reliquats de crédits d'assistants parlementaires ayant transité par une association. Une instruction est ouverte en juillet 2012 suite à un signalement de Tracfin (Cellule de renseignement financier). Cependant, l'enquête se concentre uniquement sur la période postérieure à 2009 et ne vise pas directement François Fillon, qui avait quitté le Sénat en 2007, antérieurement à la période considérée par les investigations. Le dossier a finalement été frappé de prescription, mettant fin aux poursuites possibles. Cette affaire s'inscrit dans un contexte où François Fillon a été confronté à d'autres difficultés judiciaires, notamment une condamnation définitive dans l'affaire des emplois fictifs, qui a marqué sa carrière politique de manière plus substantielle.",2,https://fr.wikipedia.org/wiki/Fran%C3%A7ois_Fillon,Wikipedia — François Fillon,https://poligraph.fr/affaires/francois-fillon-detournements-de-fonds-publics-du-senat-urs,2026-02-20T18:29:11.612Z,2026-03-04T21:56:05.194Z,PENAL
AF-000112,francois-fillon-plainte-de-fillon-contre-le-canard-enchaine,Plainte de Fillon contre Le Canard enchaîné,PG-000580,francois-fillon,François Fillon,LR,Les Républicains,Droite,LR,Les Républicains,Classement sans suite,CLASSEMENT_SANS_SUITE,Autre,AUTRE,Significatif,SIGNIFICATIF,Plaignant,PLAINTIFF,non,2017-04-13,,,,,,,,,non,,,,,"François Fillon, membre du Les Républicains, porte plainte le 13 avril 2017 contre le Canard enchaîné pour diffusion de fausses nouvelles, suite à la publication d'un article concernant son épouse Penelope Fillon. Selon l'article du journal satirique, cette dernière aurait été rémunérée pendant quinze mois à partir d'avril 1980 en qualité de collaboratrice au sein d'un ministère parisien. Cette plainte intervient dans un contexte où le politicien fait face à des accusations relatives à des emplois présumés fictifs, qui feront l'objet de poursuites judiciaires distinctes. Fillon conteste les allégations du Canard enchaîné et demande au système judiciaire de retenir l'infraction de propagation de fausses nouvelles. Le parquet de Paris examine la plainte et statue sur sa recevabilité. En novembre 2017, le parquet de Paris décide de classer la plainte sans suite, ce qui signifie que les poursuites pour diffusion de fausses informations ne sont pas engagées. Cette décision met un terme à cette procédure spécifique, indépendamment des autres affaires judiciaires impliquant le politicien, notamment la condamnation définitive dans l'affaire des emplois fictifs.",4,https://fr.wikipedia.org/wiki/Fran%C3%A7ois_Fillon,Wikipedia — François Fillon,https://poligraph.fr/affaires/francois-fillon-plainte-de-fillon-contre-le-canard-enchaine,2026-02-20T18:29:11.090Z,2026-03-04T21:56:01.254Z,PENAL
AF-000111,francois-fillon-condamnation-definitive-de-francois-fillon-dans-l-affaire-des-emplois-fictifs,Condamnation définitive de François Fillon dans l'affaire des emplois fictifs,PG-000580,francois-fillon,François Fillon,LR,Les Républicains,Droite,,,Condamnation définitive,CONDAMNATION_DEFINITIVE,Emploi fictif,EMPLOI_FICTIF,Critique,CRITIQUE,Mis en cause,DIRECT,oui,1998-01-01,2017-01-25,2025-06-17,375000,48,0,60,,,non,"4 ans de prison avec sursis, 375 000€ d'amende, 5 ans d'inéligibilité",,Cour d'appel de Paris,FR:CCASS:2024:CR00382,"Le Canard enchaîné révèle en janvier 2017 que Penelope Fillon a touché environ 500 000 € comme attachée parlementaire de François Fillon et de son suppléant Marc Joulaud entre 1998 et 2012, sans avoir réellement travaillé. Elle aurait également été rémunérée 5 000 € par mois par la Revue des Deux Mondes entre 2012 et 2013 sans y avoir jamais été vue. Le Parquet national financier ouvre une enquête préliminaire le 25 janvier 2017 pour détournement de fonds publics, abus de biens sociaux et recel.",6,https://fr.wikipedia.org/wiki/Fran%C3%A7ois_Fillon,Wikipedia — François Fillon,https://poligraph.fr/affaires/francois-fillon-condamnation-definitive-de-francois-fillon-dans-l-affaire-des-emplois-fictifs,2026-02-20T18:29:10.926Z,2026-08-18T19:38:06.604Z,PENAL
AF-000110,marc-ferracci-conflit-d-interets-presume-de-marc-ferracci-sur-france-travail,Affaire de conflit d'intérêts présumé de Marc Ferracci sur France Travail,PG-000412,marc-ferracci,Marc Ferracci,RE,Renaissance,Centre,NI,Non-inscrits,Classement sans suite,CLASSEMENT_SANS_SUITE,Conflit d'intérêts,CONFLIT_INTERETS,Grave,GRAVE,Mis en cause,DIRECT,non,2023-07-11,,,,,,,,,non,,,null,,"En juillet 2023, le média Blast révèle un possible conflit d'intérêts concernant Marc Ferracci, député Renaissance nommé co-rapporteur du projet de loi pour le plein emploi réorganisant Pôle emploi en France Travail. Marc Ferracci détient 35% des parts de la holding de son père Pierre Ferracci, à la tête du groupe Alpha, devenu sous-traitant indirect de Pôle emploi. Après avoir saisi le déontologue de l'Assemblée qui l'autorisait à rapporter sur certaines parties du texte, Marc Ferracci renonce finalement le 19 juillet 2023 à sa fonction de co-rapporteur et annonce porter plainte pour diffamation contre Blast. Il est remplacé par Christine Le Nabour. Aucune procédure judiciaire pour conflit d'intérêts n'a été engagée à son encontre d'après les articles consultés.",9,https://fr.wikipedia.org/wiki/Marc_Ferracci,Wikipedia — Marc Ferracci,https://poligraph.fr/affaires/marc-ferracci-conflit-d-interets-presume-de-marc-ferracci-sur-france-travail,2026-02-20T18:29:10.761Z,2026-03-04T21:16:27.447Z,PENAL
AF-000109,laurence-farreng-relaxe-de-laurence-farreng-pour-travail-dissimule,Relaxe de Laurence Farreng pour travail dissimulé,PG-001020,laurence-farreng,Laurence Farreng,MoDem,Mouvement démocrate,Centre,MoDem,Mouvement démocrate,Relaxe,RELAXE,Autre,AUTRE,Significatif,SIGNIFICATIF,Mis en cause,DIRECT,non,2021-06-01,,2024-11-13,,,,,,,non,,Relaxe totale confirmée en appel. Les condamnations de première instance (7 000 euros de rappels de salaire) ont été annulées.,Cour d'appel de Pau,,"Laurence Farreng, députée européenne du Modem, a été accusée par son ancien assistant parlementaire Gaël Galindo Belio de travail dissimulé pour la période de juin 2021, durant laquelle il aurait travaillé pour sa campagne aux élections régionales en Nouvelle-Aquitaine sans rémunération entre deux contrats. En septembre 2023, le conseil de prud'hommes de Pau a écarté les accusations de travail dissimulé mais avait condamné la députée à verser plus de 7 000 euros de rappels de salaire. En appel, le 13 novembre 2024, la cour d'appel de Pau a totalement débouté l'ancien assistant de toutes ses demandes, confirmant l'absence de travail dissimulé et annulant même les rappels de salaire accordés en première instance. L'ancien assistant dispose d'un délai de deux mois pour se pourvoir en cassation.",5,https://fr.wikipedia.org/wiki/Laurence_Farreng,Wikipedia — Laurence Farreng,https://poligraph.fr/affaires/laurence-farreng-relaxe-de-laurence-farreng-pour-travail-dissimule,2026-02-20T18:29:10.600Z,2026-03-12T08:17:02.129Z,PENAL
AF-000108,frederic-falcon-pancarte-va-faire-la-soupe-salope,Affaire de la pancarte « Va faire la soupe salope »,PG-000230,frederic-falcon,Frédéric Falcon,RN,Rassemblement National,Extrême droite,RN,Rassemblement National,Classement sans suite,CLASSEMENT_SANS_SUITE,Injure,INJURE,Significatif,SIGNIFICATIF,Mis en cause,DIRECT,non,2024-01-26,,,,,,,,,non,,,null,,"Le 26 janvier 2024, Frédéric Falcon et deux autres députés RN de l'Aude (Christophe Barthes et Julien Rancoule) posent à Narbonne lors d'un blocage agricole devant une pancarte portant l'inscription « Va faire la soupe salope », insulte misogyne visant les responsables écologistes Sandrine Rousseau et Marine Tondelier. Cette formule fait référence à un incident du 13 juin 2023 où un viticulteur avait lancé cette même insulte aux deux élues lors d'un échange tendu à Ventenac-Cabardès. Le 29 janvier 2024, Sandrine Rousseau dépose une demande de sanction auprès de la présidence de l'Assemblée nationale contre les trois députés. Les députés assument leur geste, qualifiant l'inscription de « slogan » des agriculteurs en colère. Aucune sanction parlementaire n'a été prononcée suite à cette demande.",9,https://fr.wikipedia.org/wiki/Fr%C3%A9d%C3%A9ric_Falcon,Wikipedia — Frédéric Falcon,https://poligraph.fr/affaires/frederic-falcon-pancarte-va-faire-la-soupe-salope,2026-02-20T18:29:10.438Z,2026-03-04T21:16:27.341Z,PENAL
AF-000107,frederique-espagnac-enquete-visant-frederique-espagnac-pour-detournement-de-frais-de-mandat,Enquête visant Frédérique Espagnac pour détournement de frais de mandat,PG-000876,frederique-espagnac,Frédérique Espagnac,PS,Parti socialiste,Gauche,PS,Parti socialiste,Enquête préliminaire,ENQUETE_PRELIMINAIRE,Détournement de fonds publics,DETOURNEMENT_FONDS_PUBLICS,Critique,CRITIQUE,Mis en cause,DIRECT,oui,2012-01-01,,,,,,,,,non,,,Parquet national financier,,"En juin 2020, la sénatrice socialiste des Pyrénées-Atlantiques Frédérique Espagnac est visée par une enquête du Parquet national financier (PNF) pour détournement présumé de fonds publics. Selon les révélations de Mediapart, elle serait soupçonnée d'avoir utilisé son enveloppe de frais de mandat pour des dépenses personnelles, portant sur 108 000 euros de dépenses litigieuses entre 2012 et 2018. Ces dépenses comprendraient notamment le paiement de son loyer personnel (plus de 41 000 euros), des frais médicaux (4 428 euros), des versements à un membre de sa famille (7 562 euros), un stage de récupération de points de permis (175 euros) et des retraits en espèces atteignant 16 780 euros en 2017. Interrogée, la sénatrice affirme avoir ""toujours agi de façon éthique dans le strict respect de la loi"".",6,https://fr.wikipedia.org/wiki/Fr%C3%A9d%C3%A9rique_Espagnac,Wikipedia — Frédérique Espagnac,https://poligraph.fr/affaires/frederique-espagnac-enquete-visant-frederique-espagnac-pour-detournement-de-frais-de-mandat,2026-02-20T18:29:10.276Z,2026-03-04T21:16:27.286Z,PENAL
AF-000106,frederique-espagnac-harcelement-moral-envers-une-attachee-parlementaire,Affaire de harcèlement moral envers une attachée parlementaire,PG-000876,frederique-espagnac,Frédérique Espagnac,PS,Parti socialiste,Gauche,PS,Parti socialiste,Condamnation (1ère instance),CONDAMNATION_PREMIERE_INSTANCE,Autre,AUTRE,Significatif,SIGNIFICATIF,Mis en cause,DIRECT,non,2019-06-01,,2021-08-24,26160,,,,,,non,,"Résiliation judiciaire du contrat de travail aux torts de l'employeur : 3 000 € d'indemnité de licenciement, 5 600 € d'indemnité compensatrice de préavis, 560 € de congés payés sur préavis, 8 000 € de dommages et intérêts pour licenciement sans cause réelle et sérieuse, 8 000 € pour manquements aux obligations contractuelles et de sécurité, 1 000 € au titre de l'article 700",Conseil des prud'hommes de Paris,,"En juin 2019, une attachée parlementaire de Frédérique Espagnac engage une procédure prud'homale contre la sénatrice pour harcèlement moral et demande 30 000 euros de dommages et intérêts. Le 24 août 2021, le conseil des prud'hommes de Paris écarte la qualification de harcèlement moral mais prononce la résiliation judiciaire du contrat de travail aux torts exclusifs de l'employeur. Les conseillers prud'homaux reconnaissent des manquements graves à l'obligation d'exécuter de bonne foi le contrat de travail et à l'obligation de veiller à la santé et à la sécurité de la salariée. Frédérique Espagnac est condamnée à verser un total de 26 160 euros comprenant indemnités de licenciement, de préavis, congés payés, dommages et intérêts et frais de procédure. En septembre 2025, selon la description initiale, le harcèlement moral serait reconnu en appel avec une condamnation à des dommages supplémentaires, mais cet élément n'est pas confirmé par l'article fourni.",4,https://fr.wikipedia.org/wiki/Fr%C3%A9d%C3%A9rique_Espagnac,Wikipedia — Frédérique Espagnac,https://poligraph.fr/affaires/frederique-espagnac-harcelement-moral-envers-une-attachee-parlementaire,2026-02-20T18:29:10.112Z,2026-03-04T21:16:27.231Z,PENAL
AF-000105,christine-engrand-conduite-sans-permis-et-infractions-routieres,Conduite sans permis et infractions routières,PG-000331,christine-engrand,Christine Engrand,,,,NI,Non-inscrits,Relaxe,RELAXE,Autre,AUTRE,Significatif,SIGNIFICATIF,Mis en cause,DIRECT,non,2024-09-13,,,,,,,,,non,,,,,"Christine Engrand, maire de Saint-Folquin et députée de la 6ème circonscription, appartient au groupe Non-inscrits à l'Assemblée nationale. En septembre 2024, elle a été interpellée pour téléphone au volant. L'enquête a révélé qu'elle conduisait sans permis de conduire depuis 2009, soit une durée de quinze ans. Son véhicule était également dépourvu de contrôle technique à jour. Engrand a contesté les accusations en invoquant une erreur administrative et en affirmant que des points restants figuraient sur son permis. Mediapart a rapporté qu'elle avait continué à conduire malgré l'absence de permis valide. Une investigation ultérieure a suggéré que son permis avait possiblement été égaré lors de l'informatisation des fichiers de l'État dans les années 1990, ce qui expliquerait le statut administratif anormal de son dossier. Le tribunal correctionnel l'a relaxée en mai 2025, reconnaissant la validité de son argumentation relative à l'erreur administrative et aux défaillances du système d'archivage public. Cette affaire intervient alors que Christine Engrand fait face à d'autres poursuites judiciaires, dont une affaire de détournement de frais de mandat parlementaire.",5,https://fr.wikipedia.org/wiki/Christine_Engrand,Wikipedia — Christine Engrand,https://poligraph.fr/affaires/christine-engrand-conduite-sans-permis-et-infractions-routieres,2026-02-20T18:29:09.945Z,2026-03-04T21:55:56.995Z,PENAL
AF-000104,christine-engrand-detournement-de-frais-de-mandat-parlementaire,Détournement de frais de mandat parlementaire,PG-000331,christine-engrand,Christine Engrand,,,,NI,Non-inscrits,Enquête préliminaire,ENQUETE_PRELIMINAIRE,Détournement de fonds publics,DETOURNEMENT_FONDS_PUBLICS,Critique,CRITIQUE,Mis en cause,DIRECT,oui,2024-01-01,,,,,,,,,non,,,,,"Christine Engrand a utilisé plus de 10 000 euros de ses frais d'élue à l'Assemblée nationale pour des dépenses personnelles (gardiennage de chiens, site de rencontre, frais d'obsèques, assurance et réparation de véhicule personnel, smartphones). Révélé par Mediapart en septembre et octobre 2024, elle a d'abord nié puis s'est rétractée. Elle a été suspendue 6 mois du groupe RN en novembre 2024, exclue définitivement du parti en mars 2025, et sanctionnée par une exclusion de 15 jours de l'hémicycle votée par l'Assemblée nationale en mai 2025.",8,https://fr.wikipedia.org/wiki/Christine_Engrand,Wikipedia — Christine Engrand,https://poligraph.fr/affaires/christine-engrand-detournement-de-frais-de-mandat-parlementaire,2026-02-20T18:29:09.780Z,2026-03-11T12:36:23.431Z,PENAL
AF-000103,olivier-dussopt-lithographies-et-du-favoritisme-avec-la-saur,Affaire des lithographies et du favoritisme avec la Saur,PG-001679,olivier-dussopt,Olivier Dussopt,TDP,Territoires de progrès,,,,Procès en cours,PROCES_EN_COURS,Favoritisme,FAVORITISME,Critique,CRITIQUE,Mis en cause,DIRECT,oui,2017-01-01,,,,,,,,,non,,,,ECLI:FR:CCASS:2026:CR00759,"Olivier Dussopt, alors maire d'Annonay (Ardèche), est poursuivi pour favoritisme dans l'attribution du marché de l'eau de la ville au groupe Saur, un marché préparé en 2009-2010. En janvier 2017, il avait reçu deux lithographies d'une valeur de 2 000 euros offertes par un dirigeant de Saur. Le tribunal correctionnel de Paris le relaxe le 17 janvier 2024. En appel, la cour d'appel de Paris le déclare coupable de favoritisme par un arrêt du 7 février 2025. Le 3 juin 2026, la Cour de cassation casse cet arrêt en toutes ses dispositions, sur les pourvois de la Saur et de son ancien dirigeant. Elle étend la cassation à Olivier Dussopt, qui ne s'était pas pourvu, et renvoie l'affaire devant la cour d'appel de Paris autrement composée. Il doit donc être rejugé en appel.",15,https://www.linforme.com/industrie/article/favoritisme-la-condamnation-d-olivier-dussopt-annulee-par-la-cour-de-cassation_4089.html,Favoritisme : la condamnation d'Olivier Dussopt annulée par la Cour de cassation,https://poligraph.fr/affaires/olivier-dussopt-lithographies-et-du-favoritisme-avec-la-saur,2026-02-20T18:29:09.615Z,2026-09-23T05:53:06.273Z,PENAL
AF-000102,nicolas-dragon-signalement-pour-propos-sur-les-candidats-musulmans,Signalement pour propos sur les candidats musulmans,PG-000220,nicolas-dragon,Nicolas Dragon,RN,Rassemblement National,Extrême droite,RN,Rassemblement National,Enquête préliminaire,ENQUETE_PRELIMINAIRE,Incitation à la haine,INCITATION_HAINE,Critique,CRITIQUE,Mis en cause,DIRECT,oui,2026-02-03,,,,,,,,,non,,,,,"Nicolas Dragon, député de la 1ère circonscription du Rassemblement National, fait l'objet d'une enquête préliminaire suite à des déclarations formulées en février 2026 concernant les candidats musulmans aux élections municipales. L'intéressé aurait tenu des propos selon lesquels certains candidats de confession musulmane pourraient porter des projets islamistes dissimulés. Ces déclarations ont suscité une réaction de la Ligue des droits de l'Homme, qui a annoncé un signalement en justice pour incitation à la haine. L'affaire est actuellement au stade de l'enquête préliminaire. Selon la présomption d'innocence, les faits allégués ne constituent pas des certitudes juridiques tant que la procédure judiciaire n'aura pas abouti à un jugement définitif. Cette affaire s'inscrit dans un contexte de campagne électorale municipale. Les déclarations du politicien ont alimenté un débat public sur la relation entre convictions religieuses et programmes politiques, ainsi que sur les limites du discours politique en matière de religion.",2,https://fr.wikipedia.org/wiki/Nicolas_Dragon,Wikipedia — Nicolas Dragon,https://poligraph.fr/affaires/nicolas-dragon-signalement-pour-propos-sur-les-candidats-musulmans,2026-02-20T18:29:09.446Z,2026-03-04T21:55:48.846Z,PENAL
AF-000101,edwige-diaz-assistants-parlementaires-d-edwige-diaz-au-parlement-europeen,Affaire des assistants parlementaires d'Edwige Diaz au Parlement européen,PG-000280,edwige-diaz,Edwige Diaz,RN,Rassemblement National,Extrême droite,RN,Rassemblement National,Classement sans suite,CLASSEMENT_SANS_SUITE,Détournement de fonds publics,DETOURNEMENT_FONDS_PUBLICS,Critique,CRITIQUE,Mis en cause,DIRECT,oui,2018-04-01,,2023-10-11,,,,,,,non,,,Parquet européen,,"En juillet 2021, le parquet européen a ouvert une enquête préliminaire sur Edwige Diaz et Jacques Colombier pour détournements de fonds publics, complicité et recel, après un signalement de l'association Anticor au parquet de Bordeaux. L'enquête portait sur des soupçons d'emploi fictif d'assistant parlementaire européen entre avril 2018 et juin 2019, période durant laquelle Edwige Diaz était employée par Jacques Colombier, alors député européen RN. Des perquisitions ont été menées le 5 décembre 2022 dans les deux domiciles girondins d'Edwige Diaz, ainsi qu'à sa permanence parlementaire, au siège départemental du RN et à son bureau à l'Assemblée nationale. Jacques Colombier a également fait l'objet de perquisitions et a été placé en garde à vue. L'affaire a été classée sans suite le 11 octobre 2023 par le parquet européen, après une enquête exhaustive concluant à l'absence de preuves pertinentes du délit de détournement de fonds publics.",7,https://fr.wikipedia.org/wiki/Edwige_Diaz,Wikipedia — Edwige Diaz,https://poligraph.fr/affaires/edwige-diaz-assistants-parlementaires-d-edwige-diaz-au-parlement-europeen,2026-02-20T18:29:09.281Z,2026-03-04T21:16:26.972Z,PENAL
AF-000100,jocelyn-dessigny-emplois-familiaux-croises-dessigny-menache,Affaire des emplois familiaux croisés Dessigny-Ménaché,PG-000222,jocelyn-dessigny,Jocelyn Dessigny,RN,Rassemblement National,Extrême droite,RN,Rassemblement National,Enquête préliminaire,ENQUETE_PRELIMINAIRE,Emploi fictif,EMPLOI_FICTIF,Critique,CRITIQUE,Mis en cause,DIRECT,oui,2023-07-07,,,,,,,,,non,,,null,,"En septembre 2023, Mediapart révèle que deux députés du Rassemblement national, Jocelyn Dessigny (Aisne) et Yaël Ménaché (Somme), ont embauché chacun la fille de l'autre comme collaboratrice parlementaire durant l'été 2023, du 7 juillet au 9 août. Ce système d'embauches croisées contourne l'interdiction d'employer des membres de sa famille instaurée en 2017 après l'affaire Fillon. Bien que légal, ce dispositif permet aux deux élus de faire travailler indirectement leurs propres filles. Les deux députés, élus dans des circonscriptions voisines et connus pour leur proximité, affirment que les embauches ne sont pas liées et que les jeunes étudiantes ont effectué un travail réel d'assistante parlementaire rémunéré au SMIC.",3,https://fr.wikipedia.org/wiki/Jocelyn_Dessigny,Wikipedia — Jocelyn Dessigny,https://poligraph.fr/affaires/jocelyn-dessigny-emplois-familiaux-croises-dessigny-menache,2026-02-20T18:29:09.044Z,2026-03-04T21:16:26.917Z,PENAL
AF-000099,sebastien-delogu-condamnation-de-sebastien-delogu-pour-violences-aggravees-lors-du-blocus-du-lycee-saint-exupery,Condamnation de Sébastien Delogu pour violences aggravées lors du blocus du lycée Saint-Exupéry,PG-000249,sebastien-delogu,Sébastien Delogu,LFI,La France insoumise,Extrême gauche,LFI,La France insoumise,Appel en cours,APPEL_EN_COURS,Violence,VIOLENCE,Significatif,SIGNIFICATIF,Mis en cause,DIRECT,non,2023-03-10,,2025-02-14,5000,0,,0,,0,non,,"1 600 euros d'indemnités aux parties civiles (600 euros par victime pour préjudices physique et moral, plus 1 000 euros de frais de justice pour chacune)",Tribunal correctionnel de Marseille,,"Le 10 mars 2023, lors d'un blocus lycéen dans le contexte de la contestation de la réforme des retraites, Sébastien Delogu intervient devant le lycée Saint-Exupéry de Marseille après avoir vu, selon ses dires, un lycéen maintenu à terre par des membres de la direction. Un échange virulent s'ensuit avec le proviseur adjoint et la conseillère principale d'éducation (CPE), à qui le député aurait donné des coups de pied, causant une journée d'ITT pour chacun. Le 14 février 2025, le tribunal correctionnel de Marseille le condamne pour violences aggravées et refus de relevé d'empreintes digitales à 5 000 euros d'amende et 1 600 euros d'indemnités aux parties civiles (300 euros par victime pour préjudice physique, 300 euros pour préjudice moral, et 1 000 euros de frais de justice). Son avocat annonce immédiatement son intention de faire appel, contestant la culpabilité du député.",12,https://fr.wikipedia.org/wiki/S%C3%A9bastien_Delogu,Wikipedia — Sébastien Delogu,https://poligraph.fr/affaires/sebastien-delogu-condamnation-de-sebastien-delogu-pour-violences-aggravees-lors-du-blocus-du-lycee-saint-exupery,2026-02-20T18:29:08.711Z,2026-03-04T21:16:26.809Z,PENAL
AF-000098,sebastien-delogu-renvoi-en-correctionnelle-de-sebastien-delogu-pour-recel-de-vol-et-atteinte-a-la-vie-privee,Renvoi en correctionnelle de Sébastien Delogu pour recel de vol et atteinte à la vie privée,PG-000249,sebastien-delogu,Sébastien Delogu,LFI,La France insoumise,Extrême gauche,LFI,La France insoumise,Renvoi devant le tribunal,RENVOI_TRIBUNAL,Recel,RECEL,Grave,GRAVE,Mis en cause,DIRECT,non,2024-09-24,,,,,,,,,non,,,Tribunal correctionnel de Marseille,,"Sébastien Delogu, député LFI des Bouches-du-Rhône et candidat à la mairie de Marseille, devait être jugé le 9 juin 2026 devant le tribunal correctionnel de Marseille ; à sa demande, l'audience a été renvoyée au 21 octobre 2026. Il est poursuivi pour recel de biens provenant d'un vol, divulgation d'informations personnelles exposant à un risque d'atteinte à la personne, et atteinte au secret des correspondances. Les faits remontent au 24 septembre 2024, lorsque le député a diffusé sur son compte Instagram des documents privés appartenant à Isidore Aragones, avocat à la retraite et ancien président du CRIF Marseille, alors éphémère président du conseil d'administration de Laser Propreté. Ces documents, volés lors d'une intrusion de syndicalistes CGT dans le bureau de M. Aragones le 19 septembre 2024 dans le contexte d'un conflit social, contenaient des informations sur ses voyages en Israël et au Brésil ainsi que des projets financiers personnels. Le domicile et la permanence parlementaire de Sébastien Delogu ont été perquisitionnés en mai 2025, et il a été entendu par les enquêteurs. Sa défense conteste les qualifications juridiques retenues et affirme qu'il n'avait pas connaissance de l'origine frauduleuse des documents.",10,https://marsactu.fr/a-marseille-les-cinq-principaux-candidats-aux-municipales-dans-le-collimateur-de-la-justice/,"À Marseille, les cinq principaux candidats aux municipales dans le collimateur de la justice",https://poligraph.fr/affaires/sebastien-delogu-renvoi-en-correctionnelle-de-sebastien-delogu-pour-recel-de-vol-et-atteinte-a-la-vie-privee,2026-02-20T18:29:08.550Z,2026-09-23T06:08:12.790Z,PENAL
AF-000097,marc-philippe-daubresse-marche-public-de-prestations-juridiques-de-lambersart,Affaire du marché public de prestations juridiques de Lambersart,PG-000643,marc-philippe-daubresse,Marc-Philippe Daubresse,LR,Les Républicains,Droite,LR,Les Républicains,Mise en examen,MISE_EN_EXAMEN,Prise illégale d'intérêts,PRISE_ILLEGALE_INTERETS,Critique,CRITIQUE,Mis en cause,DIRECT,oui,2017-01-01,,,,,,,,,non,,,,,"Marc-Philippe Daubresse, alors maire de Lambersart et membre du groupe Les Républicains, a été mis en examen en août 2023 pour prise illégale d'intérêts dans le cadre d'une enquête portant sur un marché public de prestations juridiques attribué en 2017. L'affaire concerne l'attribution d'un marché public municipal pour des services juridiques. Selon les investigations, la procédure aurait pu présenter des irrégularités dans l'exercice de son mandat municipal. Marc-Philippe Daubresse conteste les accusations et bénéficie de la présomption d'innocence. Actuellement sénateur de la région Nord, Marc-Philippe Daubresse a vu cette mise en examen intervenir plusieurs années après les faits présumés, en 2023. La procédure judiciaire suit son cours, et aucune décision définitive n'a été prise à ce stade. Des développements ultérieurs sont attendus dans les dossiers de cette nature. À noter que d'autres poursuites ont également concerné le politicien, notamment l'affaire du détournement de l'indemnité de frais de mandat.",2,https://fr.wikipedia.org/wiki/Marc-Philippe_Daubresse,Wikipedia — Marc-Philippe Daubresse,https://poligraph.fr/affaires/marc-philippe-daubresse-marche-public-de-prestations-juridiques-de-lambersart,2026-02-20T18:29:08.217Z,2026-03-04T21:55:45.206Z,PENAL
AF-000096,marc-philippe-daubresse-detournement-de-l-indemnite-de-frais-de-mandat,Affaire du détournement de l'indemnité de frais de mandat,PG-000643,marc-philippe-daubresse,Marc-Philippe Daubresse,LR,Les Républicains,Droite,,,Enquête préliminaire,ENQUETE_PRELIMINAIRE,Détournement de fonds publics,DETOURNEMENT_FONDS_PUBLICS,Critique,CRITIQUE,Mis en cause,DIRECT,oui,2012-01-01,,,,,,,,,non,,,,,"Marc-Philippe Daubresse est soupçonné d'avoir détourné près de 100 000 euros de son indemnité de frais de mandat à des fins personnelles entre 2012 et 2017, lorsqu'il était député de la 4e circonscription du Nord. L'enquête porte sur des virements effectués vers son compte personnel et sur le paiement du loyer de sa permanence dont l'adresse correspondrait à son domicile personnel. L'enquête a ensuite été élargie sur d'éventuels emplois fictifs concernant son épouse et son gendre recrutés comme assistants parlementaires.",4,https://fr.wikipedia.org/wiki/Marc-Philippe_Daubresse,Wikipedia — Marc-Philippe Daubresse,https://poligraph.fr/affaires/marc-philippe-daubresse-detournement-de-l-indemnite-de-frais-de-mandat,2026-02-20T18:29:08.046Z,2026-04-09T19:14:56.875Z,PENAL
AF-000095,rachida-dati-tayeb-benabderrahmane,Affaire Tayeb Benabderrahmane,PG-000988,rachida-dati,Rachida Dati,LR,Les Républicains,Droite,LR,Les Républicains,Instruction en cours,INSTRUCTION,Autre,AUTRE,Significatif,SIGNIFICATIF,Mis en cause,DIRECT,non,,2023-06-27,,,,,,,,non,,,,,"Des perquisitions ont été menées le 27 juin 2023 à la mairie du 7e arrondissement de Paris et au cabinet d'avocate de Rachida Dati dans le cadre d'une enquête sur l'enlèvement, la séquestration et l'extorsion en bande organisée du lobbyiste franco-algérien Tayeb Benabderrahmane au Qatar. Les juges s'intéressent au rôle présumé de Rachida Dati dans des tractations autour de la libération du lobbyiste, le parquet national financier soupçonnant des négociations en marge de la procédure officielle. En 2025, aucune mise en examen n'est annoncée mais Rachida Dati demeure citée dans l'affaire qui reste instruite par la justice française.",5,https://fr.wikipedia.org/wiki/Rachida_Dati,Wikipedia — Rachida Dati,https://poligraph.fr/affaires/rachida-dati-tayeb-benabderrahmane,2026-02-20T18:29:07.878Z,2026-03-04T21:16:26.562Z,PENAL
AF-000094,rachida-dati-proces-en-diffamation-contre-le-canard-enchaine,Procès en diffamation contre Le Canard enchaîné,PG-000988,rachida-dati,Rachida Dati,LR,Les Républicains,Droite,LR,Les Républicains,Relaxe,RELAXE,Diffamation,DIFFAMATION,Significatif,SIGNIFICATIF,Plaignant,PLAINTIFF,non,,2024-01-17,2025-11-11,,,,,,,non,,,Tribunal judiciaire de Paris,,"Rachida Dati, membre des Républicains, a intenté une action en diffamation contre le journal Le Canard enchaîné. Cette affaire s'inscrit dans un contexte où la personnalité politique a été impliquée dans plusieurs contentieux judiciaires, notamment l'affaire Carlos Ghosn et d'autres procédures en diffamation comme celle contre Aurélie Filippetti. Par jugement du 11 septembre 2025, le tribunal judiciaire de Paris a débouté Rachida Dati de sa demande en diffamation. Le tribunal a considéré qu'il n'y avait pas matière à retenir une infraction de diffamation à l'encontre du journal. Faute d'appel formé dans les délais requis, ce jugement est devenu définitif et constitue une décision définitive d'absence d'infraction. Cette issue confirme la protection des droits de la presse en matière de critique et d'expression, même lorsqu'elle concerne des personnalités publiques. Le jugement établit que les publications du Canard enchaîné ne satisfaisaient pas à la qualification juridique de diffamation, consacrant la liberté d'expression du journal dans le contexte de l'information politique.",2,https://fr.wikipedia.org/wiki/Rachida_Dati,Wikipedia — Rachida Dati,https://poligraph.fr/affaires/rachida-dati-proces-en-diffamation-contre-le-canard-enchaine,2026-02-20T18:29:07.712Z,2026-03-04T21:55:41.117Z,PENAL
AF-000093,rachida-dati-proces-en-diffamation-contre-aurelie-filippetti,Procès en diffamation contre Aurélie Filippetti,PG-000988,rachida-dati,Rachida Dati,LR,Les Républicains,Droite,LR,Les Républicains,Relaxe,RELAXE,Diffamation,DIFFAMATION,Significatif,SIGNIFICATIF,Plaignant,PLAINTIFF,non,2024-01-15,,,,,,,,,non,,,Tribunal correctionnel de Paris,,"Rachida Dati, alors membre de Les Républicains, a engagé une action en justice contre Aurélie Filippetti suite à des accusations publiques la concernant. En 2024, Aurélie Filippetti avait accusé Rachida Dati d'entretenir des liens avec le régime azerbaïdjanais. Ces accusations ont été formulées dans un contexte politique marqué par des tensions relatives aux relations internationales de la France. Rachida Dati a saisi le tribunal correctionnel de Paris afin d'obtenir réparation pour diffamation publique. Elle a demandé au tribunal de reconnaître le caractère faux et préjudiciable des propos tenus. Le 3 juillet 2025, le tribunal correctionnel de Paris a rendu sa décision. Rachida Dati a été déboutée de sa demande, le tribunal estimant que l'action constituait une procédure abusive. Par cette ordonnance, la juridiction a en outre condamné la plaignante à verser 2 000 euros de dommages et intérêts à titre de réparation du dommage causé par cette procédure jugée infondée. Cette issue judiciaire reflète l'appréciation du tribunal sur le bien-fondé de la réclamation initiale.",2,https://fr.wikipedia.org/wiki/Rachida_Dati,Wikipedia — Rachida Dati,https://poligraph.fr/affaires/rachida-dati-proces-en-diffamation-contre-aurelie-filippetti,2026-02-20T18:29:07.550Z,2026-03-04T21:55:36.211Z,PENAL
AF-000092,rachida-dati-carlos-ghosn-contrats-renault-nissan,Affaire Carlos Ghosn - Contrats Renault-Nissan,PG-000988,rachida-dati,Rachida Dati,LR,Les Républicains,Droite,,,Procès en cours,PROCES_EN_COURS,Corruption passive,CORRUPTION_PASSIVE,Critique,CRITIQUE,Mis en cause,DIRECT,oui,2009-01-01,,,,,,,,,non,,,Tribunal correctionnel,,"Rachida Dati, députée européenne affiliated aux Républicains, est au cœur d'une affaire de corruption présumée impliquant le secteur automobile français. Entre 2009 et 2013, Dati a perçu 900 000 euros de la filiale hollandaise de Renault-Nissan pour des prestations de conseils juridiques. L'instruction judiciaire a soulevé des questions substantielles sur la réalité du travail effectué au regard du montant reçu. Les magistrats soupçonnent Carlos Ghosn, alors PDG du groupe, d'avoir utilisé son influence pour faire bénéficier ses proches de contrats rémunérés sans contrepartie vérifiable. En juillet 2021, Rachida Dati est mise en examen pour corruption passive, trafic d'influence passif et recel d'abus de pouvoir. Ces qualifications reflètent les suspicions : elle aurait reçu des sommes substantielles en raison de son statut politique, sans prestation réelle justifiant ce montant. Après plusieurs années d'instruction, elle est renvoyée devant le tribunal correctionnel en juillet 2025. Le dossier arrive désormais au stade du jugement, sans que le verdict ne soit encore prononcé. À ce stade de la procédure, la présomption d'innocence demeure. Cette affaire s'inscrit dans un contexte plus large de scrutin de la gouvernance du groupe Renault-Nissan et des pratiques de rémunération de personnalités publiques au sein de ses structures.",18,https://www.lemonde.fr/societe/article/2024/11/15/affaire-ghosn-le-pnf-requiert-un-proces-pour-rachida-dati-et-l-ex-pdg-de-renault-nissan_6395446_3224.html,Affaire Ghosn : le Parquet national financier requiert un procès pour Rachida Dati et l’ex-PDG de Renault-Nissan,https://poligraph.fr/affaires/rachida-dati-carlos-ghosn-contrats-renault-nissan,2026-02-20T18:29:07.191Z,2026-09-17T06:07:59.827Z,PENAL
AF-000091,gerald-darmanin-accusations-de-viol-et-de-harcelement-affaire-sophie-patterson-spatz,Accusations de viol et de harcèlement (affaire Sophie Patterson-Spatz),PG-000984,gerald-darmanin,Gérald Darmanin,RE,Renaissance,Centre,,,Non-lieu,NON_LIEU,Agression sexuelle,AGRESSION_SEXUELLE,Grave,GRAVE,Mis en cause,DIRECT,non,2009-03-17,,,,,,,,,non,,,Tribunal judiciaire de Paris,,"En 2009, Sophie Patterson-Spatz rencontre Gérald Darmanin au siège de l'UMP où il travaillait au service juridique, et les deux ont un rapport sexuel. Elle l'accuse en 2017 d'avoir abusé de sa position pour obtenir ce rapport sexuel en échange d'une intervention en sa faveur auprès de la garde des Sceaux. Plusieurs plaintes sont déposées pour viol, harcèlement sexuel et abus de confiance. Après des classements sans suite et une instruction, un non-lieu est prononcé en 2018, confirmé en appel après annulation par la Cour de cassation.",11,https://fr.wikipedia.org/wiki/G%C3%A9rald_Darmanin,Wikipedia — Gérald Darmanin,https://poligraph.fr/affaires/gerald-darmanin-accusations-de-viol-et-de-harcelement-affaire-sophie-patterson-spatz,2026-02-20T18:29:07.021Z,2026-04-09T19:14:56.276Z,PENAL
AF-000090,gerald-darmanin-psg-complicite-de-fraude-fiscale,Affaire du PSG - complicité de fraude fiscale,PG-000984,gerald-darmanin,Gérald Darmanin,RE,Renaissance,Centre,RE,Renaissance,Enquête préliminaire,ENQUETE_PRELIMINAIRE,Fraude fiscale,FRAUDE_FISCALE,Grave,GRAVE,Mis en cause,DIRECT,non,2024-01-01,,,,,,,,,non,,,,,"Gérald Darmanin, ministre de l'Économie et des Finances, membre du groupe Renaissance, est au cœur d'une enquête préliminaire portant sur des soupçons de complicité de fraude fiscale impliquant le Paris Saint-Germain. En janvier 2024, des révélations de Mediapart suggèrent que Darmanin aurait facilité des montages fiscaux au bénéfice du club parisien concernant un transfert de joueur, causant un préjudice estimé au Trésor public. Saisi de ces informations, la députée Manon Aubry demande l'ouverture d'une enquête judiciaire. Le 15 janvier 2024, les magistrats ordonnent une perquisition des locaux de la DGPIP au ministère de l'Économie et des Finances, signalant l'ampleur des investigations. En septembre 2024, Mediapart rapporte que les enquêteurs auraient accumulé des éléments matériels, notamment des correspondances SMS, établissant potentiellement l'implication directe de Darmanin dans les arrangements fiscaux du PSG. L'enquête préliminaire reste en cours et aucune mise en examen n'a été officiellement annoncée à ce jour. La procédure suit son cours judiciaire normal. Cette affaire s'ajoute aux précédentes difficultés judiciaires du ministre, notamment des accusations de viol et de harcèlement.",5,https://fr.wikipedia.org/wiki/G%C3%A9rald_Darmanin,Wikipedia — Gérald Darmanin,https://poligraph.fr/affaires/gerald-darmanin-psg-complicite-de-fraude-fiscale,2026-02-20T18:29:06.848Z,2026-03-04T21:55:27.129Z,PENAL
AF-000089,eric-coquerel-plainte-de-sophie-tissier-contre-eric-coquerel-pour-agression-et-harcelement-sexuels,Plainte de Sophie Tissier contre Éric Coquerel pour agression et harcèlement sexuels,PG-000167,eric-coquerel,Éric Coquerel,LFI,La France insoumise,Extrême gauche,,,Classement sans suite,CLASSEMENT_SANS_SUITE,Agression sexuelle,AGRESSION_SEXUELLE,Grave,GRAVE,Mis en cause,DIRECT,non,2014-08-23,,2023-02-20,,,,,,,non,,,Parquet de Paris,,"Sophie Tissier accuse Éric Coquerel de faits pouvant s'apparenter à une agression sexuelle datant du 23 août 2014 à Grenoble, lors d'une soirée dansante où il aurait eu des ""gestes appuyés"", effleurant ses fesses et la prenant par la taille et les hanches avec insistance. Elle dépose une première plainte en juillet 2022 pour agression et harcèlement sexuels, juste après la nomination de Coquerel à la présidence de la commission des Finances de l'Assemblée nationale. Éric Coquerel est entendu en audition libre et l'enquête est classée sans suite en février 2023 par le parquet de Paris pour ""infraction insuffisamment caractérisée"". Sophie Tissier dépose une nouvelle plainte avec constitution de partie civile le 21 juin 2024, visant à obtenir la désignation d'un juge d'instruction. L'affaire s'inscrit dans un contexte de critiques sur la gestion par LFI des accusations de violences sexuelles, Éric Coquerel ayant reçu le soutien de Jean-Luc Mélenchon.",14,https://www.francetvinfo.fr/faits-divers/justice-proces/la-militante-sophie-tisser-porte-plainte-avec-constitution-de-partie-civile-pour-agression-et-harcelement-sexuels-contre-eric-coquerel_6623364.html,La militante Sophie Tissier porte plainte avec constitution de partie civile pour agression et harcèlement sexuels contre Eric Coquerel,https://poligraph.fr/affaires/eric-coquerel-plainte-de-sophie-tissier-contre-eric-coquerel-pour-agression-et-harcelement-sexuels,2026-02-20T18:29:06.674Z,2026-04-09T19:14:57.393Z,PENAL
AF-000088,eric-ciotti-enquete-pour-conservation-de-donnees-a-caractere-personnel-sensibles,Enquête pour conservation de données à caractère personnel sensibles,PG-000022,eric-ciotti,Éric Ciotti,,,,,,Enquête préliminaire,ENQUETE_PRELIMINAIRE,Autre,AUTRE,Significatif,SIGNIFICATIF,Mis en cause,DIRECT,non,,2025-08-12,,,,,,,,non,,,,,"Éric Ciotti, député de la 1ère circonscription des Alpes-Maritimes et président de l'Union des démocrates pour la République, fait l'objet d'une enquête préliminaire depuis mai 2025 concernant des faits de conservation de données à caractère personnel sensibles. L'enquête porte spécifiquement sur l'enregistrement ou la conservation de données sensibles sans le consentement des personnes concernées. Une perquisition a été menée en août 2025 dans le cadre de cette investigation. Cet dossier s'inscrit dans un contexte d'enjeux judiciaires plus larges pour le politicien, qui fait face à d'autres investigations. Plusieurs enquêtes précédentes ont concerné des faits présumés de détournement de fonds publics du conseil départemental des Alpes-Maritimes et des détournements de fonds publics lors de la campagne législative de 2022. À ce stade, étant en phase d'enquête préliminaire, aucune mise en examen n'a été prononcée. La présomption d'innocence s'applique à l'égard du politicien. L'évolution de ce dossier dépendra des conclusions de l'enquête menée par les autorités compétentes.",2,https://fr.wikipedia.org/wiki/%C3%89ric_Ciotti,Wikipedia — Éric Ciotti,https://poligraph.fr/affaires/eric-ciotti-enquete-pour-conservation-de-donnees-a-caractere-personnel-sensibles,2026-02-20T18:29:06.503Z,2026-03-04T21:55:22.074Z,PENAL
AF-000087,eric-ciotti-detournement-de-fonds-publics-lors-de-la-campagne-legislative-de-2022,Détournement de fonds publics lors de la campagne législative de 2022,PG-000022,eric-ciotti,Éric Ciotti,,,,,,Enquête préliminaire,ENQUETE_PRELIMINAIRE,Détournement de fonds publics,DETOURNEMENT_FONDS_PUBLICS,Critique,CRITIQUE,Mis en cause,DIRECT,oui,2022-01-01,,,,,,,,,non,,,Parquet de Nice,,"Éric Ciotti, député de la 1ère circonscription des Alpes-Maritimes et membre de l'Union des démocrates pour la République, est mis en cause dans une enquête ouverte le 31 mai 2024 par le parquet de Nice suite au signalement de l'association Anticor. L'enquête porte sur des détournements présumés de fonds publics lors de la campagne législative de 2022. Elle vise notamment l'utilisation gratuite de cartes de parking mises à disposition par la Chambre de commerce et d'industrie locale. Huit personnes sont impliquées dans cette enquête, dont M. Ciotti et plusieurs de ses collaborateurs directs. Le 20 novembre 2024, les locaux de sa permanence électorale à Nice ont fait l'objet d'une perquisition dans le cadre de cette investigation. L'affaire demeure actuellement au stade de l'enquête préliminaire et aucune mise en examen n'a été prononcée à ce stade. M. Ciotti bénéficie de la présomption d'innocence. Cette enquête s'ajoute à d'autres investigations le concernant, notamment des détournements de fonds publics au conseil départemental des Alpes-Maritimes et une enquête pour conservation de données à caractère personnel sensibles.",4,https://www.francetvinfo.fr/elections/nice-une-enquete-a-ete-ouverte-pour-detournement-de-fonds-publics-visant-eric-ciotti-pour-sa-campagne-pour-les-legislatives-de-2022_6609504.html,Une enquête a été ouverte à Nice pour détournement de fonds publics visant Éric Ciotti pour sa campagne pour les législatives de 2022,https://poligraph.fr/affaires/eric-ciotti-detournement-de-fonds-publics-lors-de-la-campagne-legislative-de-2022,2026-02-20T18:29:06.340Z,2026-03-04T21:55:17.823Z,PENAL
AF-000086,eric-ciotti-detournement-de-fonds-publics-visant-ciotti-et-ses-collaborateurs-mai-2024,Détournement de fonds publics visant Ciotti et ses collaborateurs (mai 2024),PG-000022,eric-ciotti,Éric Ciotti,,,,,,Enquête préliminaire,ENQUETE_PRELIMINAIRE,Détournement de fonds publics,DETOURNEMENT_FONDS_PUBLICS,Critique,CRITIQUE,Mis en cause,DIRECT,oui,,2024-05-14,,,,,,,,non,,,Parquet de Nice,,"Éric Ciotti, député de la 1ère circonscription des Alpes-Maritimes et président de l'Union des démocrates pour la République, fait l'objet d'une enquête préliminaire ouverte en mai 2024 par le parquet de Nice pour détournement de fonds publics. Cette enquête cible directement le politicien et ses collaborateurs. Elle s'inscrit dans un contexte de contrôles judiciaires répétés visant Ciotti, qui connaît plusieurs procédures simultanées pour des soupçons de malversations de deniers publics. Selon le statut judiciaire, il s'agit actuellement d'une enquête préliminaire. À ce stade, aucune mise en examen n'a été prononcée. Les investigations menées par les autorités judiciaires concernent les conditions de gestion des fonds publics et leur utilisation présumée détournée. Cette procédure intervient après d'autres affaires impliquant le même politicien, notamment des soupçons antérieurs relatifs à la gestion du conseil départemental des Alpes-Maritimes et aux allocations versées lors de la campagne législative de 2022. Sous réserve de la présomption d'innocence, l'enquête du parquet de Nice demeure en cours à ce stade.",2,https://fr.wikipedia.org/wiki/%C3%89ric_Ciotti,Wikipedia — Éric Ciotti,https://poligraph.fr/affaires/eric-ciotti-detournement-de-fonds-publics-visant-ciotti-et-ses-collaborateurs-mai-2024,2026-02-20T18:29:06.178Z,2026-03-04T21:55:13.767Z,PENAL
AF-000085,eric-ciotti-cumul-d-emplois-de-caroline-magne-ex-epouse,Affaire du cumul d'emplois de Caroline Magne (ex-épouse),PG-000022,eric-ciotti,Éric Ciotti,,,,,,Classement sans suite,CLASSEMENT_SANS_SUITE,Détournement de fonds publics,DETOURNEMENT_FONDS_PUBLICS,Critique,CRITIQUE,Mis en cause,DIRECT,oui,2007-06-01,,,,,,,,,non,,,Parquet national financier,,"Éric Ciotti, député de la 1ère circonscription des Alpes-Maritimes et membre de l'Union des démocrates pour la République, a été au cœur d'une enquête concernant le cumul d'emplois de son ancienne compagne, Caroline Magne. En novembre 2022, le journal Le Canard enchaîné révèle que Caroline Magne a cumulé pendant environ dix ans trois emplois distincts, dont celui d'assistante parlementaire auprès de Ciotti à partir de juin 2007. Cette situation soulève des questions sur l'utilisation des fonds publics destinés aux collaborateurs parlementaires. Le Parquet national financier ouvre une enquête pour détournement de fonds publics afin d'examiner les conditions de ce cumul d'emplois et ses implications financières. Après son instruction, l'enquête est classée sans suite en octobre 2024, mettant fin aux poursuites judiciaires. Cette affaire s'inscrit dans un contexte plus large de plusieurs enquêtes ayant impliqué Ciotti, notamment des investigations sur le détournement de fonds publics du conseil départemental des Alpes-Maritimes et d'autres affaires liées à la gestion de fonds publics.",5,https://www.sudouest.fr/politique/eric-ciotti-l-enquete-visant-le-depute-et-son-ex-epouse-pour-cumul-d-emplois-a-ete-classee-21609587.php,Éric Ciotti : l’enquête visant le député et son ex-épouse pour cumul d’emplois a été classée,https://poligraph.fr/affaires/eric-ciotti-cumul-d-emplois-de-caroline-magne-ex-epouse,2026-02-20T18:29:06.012Z,2026-03-04T21:55:08.762Z,PENAL
AF-000084,eric-ciotti-detournement-de-fonds-publics-du-conseil-departemental-des-alpes-maritimes,Détournement de fonds publics du conseil départemental des Alpes-Maritimes,PG-000022,eric-ciotti,Éric Ciotti,,,,,,Enquête préliminaire,ENQUETE_PRELIMINAIRE,Détournement de fonds publics,DETOURNEMENT_FONDS_PUBLICS,Critique,CRITIQUE,Mis en cause,DIRECT,oui,2017-09-01,,,,,,,,,non,,,Parquet de Nice,,"Éric Ciotti, député de la 1ère circonscription des Alpes-Maritimes et ancien président du conseil départemental, est visé par une enquête préliminaire du parquet de Nice concernant l'utilisation de moyens publics après sa démission de la présidence en septembre 2017. L'enquête, ouverte en 2020, porte sur le soupçon d'usage indu des ressources du conseil départemental des Alpes-Maritimes. En janvier 2025, l'association Anticor a déposé une nouvelle plainte pour recel de détournement de fonds publics, alléguant notamment la mise à disposition d'un véhicule et le financement de collaborateurs parlementaires directement rémunérés par le conseil départemental. Ces faits sont consécutifs à la fin du mandat de Ciotti à la tête de l'exécutif départemental en septembre 2017, période au cours de laquelle il demeurait également parlementaire. La procédure actuellement en phase préliminaire vise à établir les fondements de la poursuite éventuelle. Cette affaire s'inscrit dans un contexte plus large de plusieurs investigations judiciaires concernant le politicien alpin, notamment l'affaire du détournement de fonds publics lors de la campagne législative de 2022 et d'autres dossiers afférents à la gestion de moyens publics. Sous la présomption d'innocence, l'enquête préliminaire demeure à ce stade dans sa phase informatrice.",3,https://fr.wikipedia.org/wiki/%C3%89ric_Ciotti,Wikipedia — Éric Ciotti,https://poligraph.fr/affaires/eric-ciotti-detournement-de-fonds-publics-du-conseil-departemental-des-alpes-maritimes,2026-02-20T18:29:05.836Z,2026-03-04T21:55:04.890Z,PENAL
AF-000083,jacques-chirac-borrel-instruction-pour-pressions-sur-la-justice,Affaire Borrel : instruction pour pressions sur la justice,PG-000620,jacques-chirac,Jacques Chirac,,,,,,Classement sans suite,CLASSEMENT_SANS_SUITE,Autre,AUTRE,Significatif,SIGNIFICATIF,Mis en cause,DIRECT,non,1995-10-19,,,,,,,,,non,,,null,,"À partir de 2004-2005, Jacques Chirac et la présidence de la République sont soupçonnés d'avoir exercé des pressions sur la justice dans le cadre de l'affaire Borrel, concernant l'assassinat du juge Bernard Borrel à Djibouti en 1995. En juillet 2007, les juges d'instruction Fabienne Pous et Michèle Ganascia enquêtant sur ces pressions ont perquisitionné chez Michel de Bonnecorse, ancien responsable de la cellule africaine de l'Élysée sous Chirac. Les magistrates avaient auparavant perquisitionné au Quai d'Orsay et à la Chancellerie en avril 2007, avant d'être refoulées à l'Élysée en mai. La veuve du juge Borrel a porté plainte contre Bonnecorse pour des déclarations qu'elle considère comme une ingérence du pouvoir politique contraire au principe de séparation des pouvoirs.",3,https://fr.wikipedia.org/wiki/Jacques_Chirac,Wikipedia — Jacques Chirac,https://poligraph.fr/affaires/jacques-chirac-borrel-instruction-pour-pressions-sur-la-justice,2026-02-20T18:29:05.673Z,2026-03-19T15:02:24.031Z,PENAL
AF-000082,jacques-chirac-compte-japonais-de-jacques-chirac,Affaire du compte japonais de Jacques Chirac,PG-000620,jacques-chirac,Jacques Chirac,,,,,,Classement sans suite,CLASSEMENT_SANS_SUITE,Autre,AUTRE,Significatif,SIGNIFICATIF,Mis en cause,DIRECT,non,1992-01-01,,,,,,,,,non,,,null,,"À partir de 1996, la DGSE a mené des investigations sur l'existence présumée d'un compte bancaire de Jacques Chirac à la Tokyo Sowa Bank au Japon, crédité de 300 millions de francs (49 millions d'euros), suite à un article paru dans l'hebdomadaire japonais Shukan Post. Une enquête interne de la DGSE de janvier 2002 a révélé que ces investigations, menées par Gilbert Flam sans directive hiérarchique claire, n'avaient jamais été conduites de manière approfondie et que l'information initiale n'avait jamais été recoupée. L'Élysée a démenti catégoriquement l'existence de ce compte. En 2008, le juge Jean-François Redonnet du tribunal de Papeete a perquisitionné la DGSE et placé sous scellés 17 documents classifiés liés à cette affaire, dans le cadre de l'enquête sur la disparition du journaliste Jean-Pascal Couraud. Une enquête commandée par l'avocat de Jacques Chirac auprès de l'ex-Sowa Bank a conclu à l'inexistence de ce compte, confirmant qu'aucun élément tangible n'est jamais venu étayer cette rumeur.",6,https://fr.wikipedia.org/wiki/Jacques_Chirac,Wikipedia — Jacques Chirac,https://poligraph.fr/affaires/jacques-chirac-compte-japonais-de-jacques-chirac,2026-02-20T18:29:05.500Z,2026-03-04T21:16:25.836Z,PENAL
AF-000081,sophia-chikirou-mise-en-examen-de-sophia-chikirou-pour-escroquerie-aggravee-dans-l-affaire-des-comptes-de-campagne-de-jean-luc-melenchon-2017,Mise en examen de Sophia Chikirou pour escroquerie aggravée dans l'affaire des comptes de campagne de Jean-Luc Mélenchon 2017,PG-000214,sophia-chikirou,Sophia Chikirou,LFI,La France insoumise,Extrême gauche,LFI,La France insoumise,Mise en examen,MISE_EN_EXAMEN,Financement illégal de campagne,FINANCEMENT_ILLEGAL_CAMPAGNE,Critique,CRITIQUE,Mis en cause,DIRECT,oui,2017-01-01,,2024-09-24,,,,,,,non,,,Tribunal judiciaire de Paris,,"Sophia Chikirou, députée LFI de Paris et ancienne directrice de communication de Jean-Luc Mélenchon, a été mise en examen le 24 septembre 2024 pour escroquerie aggravée, abus de biens sociaux et recel d'abus de confiance. Elle est soupçonnée d'avoir surfacturé, via son agence de communication Mediascop, des prestations lors de la campagne présidentielle de 2017. La Commission nationale des comptes de campagne avait signalé 54 600 euros facturés par Mediascop, dont 35 250 euros avaient été retranchés pour écarts significatifs tarifaires. L'enquête, ouverte en avril 2018 après les signalements de la CNCCFP et de Tracfin, a donné lieu à des perquisitions spectaculaires en octobre 2018. Sophia Chikirou conteste fermement les faits et dénonce un acharnement judiciaire.",17,https://www.lemonde.fr/societe/article/2024/09/24/sophia-chikirou-entendue-par-les-juges-dans-l-affaire-des-comptes-de-campagne-lfi-de-2017_6330994_3224.html,La députée Sophia Chikirou mise en examen dans l’affaire des comptes de campagne de LFI de 2017,https://poligraph.fr/affaires/sophia-chikirou-mise-en-examen-de-sophia-chikirou-pour-escroquerie-aggravee-dans-l-affaire-des-comptes-de-campagne-de-jean-luc-melenchon-2017,2026-02-20T18:29:05.309Z,2026-03-04T21:16:25.782Z,PENAL
AF-000080,sophia-chikirou-sophia-chikirou-escroquerie-dans-l-affaire-le-media,Sophia Chikirou - escroquerie dans l'affaire Le Média,PG-000214,sophia-chikirou,Sophia Chikirou,LFI,La France insoumise,Extrême gauche,LFI,La France insoumise,Appel en cours,APPEL_EN_COURS,Abus de confiance,ABUS_CONFIANCE,Grave,GRAVE,Mis en cause,DIRECT,non,2018-07-01,,2026-06-08,8000,,,,,,oui,"8 000€ d'amende dont 4 000€ avec sursis pour vol de chèques, relaxée pour la tentative d'escroquerie",,Tribunal correctionnel de Paris (13e chambre correctionnelle du tribunal judiciaire de Paris),,"Sophia Chikirou, députée et candidate LFI à la mairie de Paris, sera jugée le 12 mai 2026 devant le tribunal correctionnel de Paris pour escroquerie. Elle est soupçonnée d'avoir tenté en juillet 2018 de tromper la banque Crédit du Nord au préjudice de la société Le Média, en se présentant comme présidente de la société alors qu'elle n'avait plus cette qualité, et d'avoir demandé des virements pour plus de 67 000 euros qui n'ont finalement pas abouti faute de fonds suffisants. Elle est également poursuivie pour soustraction frauduleuse de deux formules de chèque. L'enquête a été menée par la section financière de la Juridiction nationale de lutte contre la criminalité organisée (Junalco). Sophia Chikirou conteste ces accusations et dénonce un procès à visée politique, affirmant qu'un accord entre les deux sociétés a été conclu depuis et qu'il n'y a plus de plaignant ni de préjudice.",15,http://www.lepoint.fr/medias/le-media-les-tres-riches-heures-de-sophia-chikirou-10-08-2018-2242842_260.php,Le Média : les très riches heures de Sophia Chikirou,https://poligraph.fr/affaires/sophia-chikirou-sophia-chikirou-escroquerie-dans-l-affaire-le-media,2026-02-20T18:29:04.777Z,2026-08-17T18:06:12.153Z,PENAL
AF-000077,valerie-boyer-condamnation-pour-harcelement-moral-et-licenciement-abusif,Condamnation pour harcèlement moral et licenciement abusif,PG-000807,valerie-boyer,Valérie Boyer,LR,Les Républicains,Droite,LR,Les Républicains,Condamnation définitive,CONDAMNATION_DEFINITIVE,Harcèlement moral,HARCELEMENT_MORAL,Grave,GRAVE,Mis en cause,DIRECT,non,,2018-01-08,2017-12-22,,,,,,,non,"Condamnation civile (conseil de prud'hommes de Marseille, confirmée en appel par la cour d'appel d'Aix-en-Provence le 22 décembre 2017) : 17 000 € de dommages-intérêts (5 000 € pour harcèlement moral, 12 000 € pour licenciement sans cause réelle et sérieuse).",,Conseil de prud'hommes,,"Valérie Boyer, sénatrice des Bouches-du-Rhône et membre des Républicains, a été condamnée définitivement pour harcèlement moral et licenciement abusif. En novembre 2015, le conseil des prud'hommes a jugé que la sénatrice avait commis du harcèlement moral envers son assistante parlementaire et l'avait licenciée abusivement. Cette première condamnation l'obligeait à verser une indemnité de 37 000 €. Valérie Boyer a contesté ce jugement en appel. La cour d'appel d'Aix-en-Provence a examiné l'affaire et a rendu son verdict en décembre 2017, confirmant la condamnation pour harcèlement moral et licenciement abusif. Toutefois, la cour d'appel a réduit le montant de l'indemnité à 17 000 €. Cette décision d'appel a acquis force de chose jugée, mettant fin définitivement à la procédure. La condamnation reconnaît que Valérie Boyer s'était comportée de manière abusive envers une salariée placée sous son autorité directe à titre professionnel.",4,https://fr.wikipedia.org/wiki/Val%C3%A9rie_Boyer,Wikipedia — Valérie Boyer,https://poligraph.fr/affaires/valerie-boyer-condamnation-pour-harcelement-moral-et-licenciement-abusif,2026-02-20T18:29:03.885Z,2026-07-24T21:18:26.302Z,PENAL
AF-000076,manuel-bompard-condamnation-de-manuel-bompard-pour-rebellion-lors-de-la-perquisition-au-siege-de-lfi,Condamnation de Manuel Bompard pour rébellion lors de la perquisition au siège de LFI,PG-000247,manuel-bompard,Manuel Bompard,LFI,La France insoumise,Extrême gauche,LFI,La France insoumise,Condamnation définitive,CONDAMNATION_DEFINITIVE,Autre,AUTRE,Significatif,SIGNIFICATIF,Mis en cause,DIRECT,non,2018-10-16,,2019-12-09,7000,0,,0,,,non,,,Tribunal correctionnel de Bobigny,,"Lors d'une perquisition menée le 16 octobre 2018 par l'OCLCIFF dans les locaux de La France insoumise dans le cadre d'enquêtes sur les comptes de campagne 2017 et les emplois fictifs au Parlement européen, Manuel Bompard s'oppose aux forces de l'ordre aux côtés de Jean-Luc Mélenchon et d'autres cadres du mouvement. Un procès en correctionnelle se tient en septembre 2019 au tribunal correctionnel de Bobigny pour actes d'intimidation contre l'autorité judiciaire et rébellion commise en réunion. Le 9 décembre 2019, Manuel Bompard, alors eurodéputé, est condamné à une amende de 7 000 euros. Cinq autres membres de LFI sont jugés dans la même affaire, dont Jean-Luc Mélenchon condamné à trois mois avec sursis et 8 000 euros d'amende, tandis qu'Alexis Corbière est relaxé.",6,https://fr.wikipedia.org/wiki/Manuel_Bompard,Wikipedia — Manuel Bompard,https://poligraph.fr/affaires/manuel-bompard-condamnation-de-manuel-bompard-pour-rebellion-lors-de-la-perquisition-au-siege-de-lfi,2026-02-20T18:29:03.715Z,2026-03-04T21:16:25.355Z,PENAL
AF-000075,frederic-boccaletti-condamnation-de-frederic-boccaletti-pour-violence-en-reunion-avec-arme,Condamnation de Frédéric Boccaletti pour violence en réunion avec arme,PG-000427,frederic-boccaletti,Frédéric Boccaletti,RN,Rassemblement National,Extrême droite,,,Condamnation définitive,CONDAMNATION_DEFINITIVE,Violence,VIOLENCE,Significatif,SIGNIFICATIF,Mis en cause,DIRECT,non,2000-08-07,,2000-08-12,,12,6,,,,non,,"6 mois ferme, 6 mois avec sursis. Incarcération effective de 4 mois avant libération pour raisons de santé",Tribunal correctionnel de Toulon,,"En août 2000, Frédéric Boccaletti, alors secrétaire départemental adjoint du MNR dans le Var et âgé de 26 ans, est condamné par le tribunal correctionnel de Toulon à un an de prison dont six mois ferme pour violence en réunion avec arme. Les faits remontent au 7 août 2000 lors d'un collage d'affiches avec un autre militant : une altercation avec cinq jeunes à Six-Fours dégénère en course-poursuite, durant laquelle deux coups de feu sont tirés à l'aide d'une arme détenue par Boccaletti et utilisée par son accompagnateur de 19 ans, sans faire de blessé. Boccaletti justifie la détention de l'arme par des menaces antérieures et l'incendie de sa librairie. Il purge quatre mois de prison à la prison Saint-Roch de Toulon avant d'être libéré pour raisons de santé.",5,https://fr.wikipedia.org/wiki/Fr%C3%A9d%C3%A9ric_Boccaletti,Wikipedia — Frédéric Boccaletti,https://poligraph.fr/affaires/frederic-boccaletti-condamnation-de-frederic-boccaletti-pour-violence-en-reunion-avec-arme,2026-02-20T18:29:03.363Z,2026-08-01T14:17:20.454Z,PENAL
AF-000074,frederic-boccaletti-accusation-de-violence-conjugale-1999,Accusation de violence conjugale (1999),PG-000427,frederic-boccaletti,Frédéric Boccaletti,RN,Rassemblement National,Extrême droite,,,Classement sans suite,CLASSEMENT_SANS_SUITE,Violence,VIOLENCE,Significatif,SIGNIFICATIF,Mis en cause,DIRECT,non,1999-04-01,,,,,,,,,non,,,,,"Frédéric Boccaletti, alors membre du Mouvement national républicain et actuellement député de la 7ème circonscription au Rassemblement National, a été mis en cause dans une affaire de violences conjugales en 1999. En avril 1999, son ex-épouse, Sylvie, a déposé plainte au commissariat de Toulon pour violences conjugales. Le certificat médical établi dans le cadre de cette plainte attestait la présence d'hématomes, d'ecchymoses, de contusions et d'une morsure, avec une incapacité totale de travail (ITT) estimée à 8 jours. L'enquête menée suite à cette plainte s'est conclue par un classement sans suite le 20 juin 2000. Après cette décision, Boccaletti a déposé une main courante et adressé un courrier au procureur pour dénoncer ce qu'il qualifiait de dénonciation calomnieuse. Sous le principe de la présomption d'innocence, cette affaire ne comporte pas de condamnation définitive. Elle demeure classée sans suite au plan judiciaire.",3,https://fr.wikipedia.org/wiki/Fr%C3%A9d%C3%A9ric_Boccaletti,Wikipedia — Frédéric Boccaletti,https://poligraph.fr/affaires/frederic-boccaletti-accusation-de-violence-conjugale-1999,2026-02-20T18:29:03.194Z,2026-07-24T07:04:49.266Z,PENAL
AF-000073,carlos-martens-bilongo-enquete-pour-blanchiment-de-fraude-fiscale-visant-carlos-martens-bilongo,Enquête pour blanchiment de fraude fiscale visant Carlos Martens Bilongo,PG-000395,carlos-martens-bilongo,Carlos Martens Bilongo,LFI,La France insoumise,Extrême gauche,LFI,La France insoumise,Classement sans suite,CLASSEMENT_SANS_SUITE,Blanchiment,BLANCHIMENT,Grave,GRAVE,Mis en cause,DIRECT,non,2018-01-01,,,,,,,,,non,,,Parquet de Pontoise,,"En mai 2023, le parquet de Pontoise ouvre une enquête préliminaire mi-avril visant le député LFI Carlos Martens Bilongo pour blanchiment de fraude fiscale, abus de biens sociaux et manquement de déclaration à la HATVP. L'enquête fait suite à un signalement de Tracfin, la cellule anti-blanchiment de Bercy, qui aurait identifié des flux bancaires irréguliers sur la période 2018-2022. Le député est soupçonné d'avoir dissimulé environ 200 000 euros aux autorités, notamment par la minoration du chiffre d'affaires d'une de ses sociétés (Espace Code) et l'encaissement de virements et d'espèces alors qu'il déclarait ne toucher aucune rémunération de ses sociétés. Tracfin signale également un compte non-déclaré à l'étranger, que le député conteste, évoquant uniquement l'utilisation de l'application Revolut. L'enquête est classée sans suite en janvier 2025, concluant à l'absence d'infraction.",11,https://www.leparisien.fr/val-d-oise-95/on-a-dit-de-moi-que-jetais-le-cahuzac-de-lfi-lenquete-pour-fraude-contre-carlos-bilongo-classee-sans-suite-18-03-2025-CLYENRHNVREKJJVPSWNTPY35NI.php,« On a dit que j’étais le Cahuzac de LFI ! » : l’enquête pour fraude contre Carlos Bilongo classée sans suite,https://poligraph.fr/affaires/carlos-martens-bilongo-enquete-pour-blanchiment-de-fraude-fiscale-visant-carlos-martens-bilongo,2026-02-20T18:29:03.016Z,2026-03-04T21:16:25.141Z,PENAL
AF-000072,bruno-bilde-condamnation-de-bruno-bilde-pour-diffamation-envers-florence-binaisse,Condamnation de Bruno Bilde pour diffamation envers Florence Binaisse,PG-000153,bruno-bilde,Bruno Bilde,RN,Rassemblement National,Extrême droite,RN,Rassemblement National,Condamnation définitive,CONDAMNATION_DEFINITIVE,Diffamation,DIFFAMATION,Significatif,SIGNIFICATIF,Mis en cause,DIRECT,non,2016-09-01,,2018-07-01,100,0,,,,,non,,100 euros de dommages et intérêts à verser à la victime,Cour d'appel de Douai (confirmant le Tribunal correctionnel de Béthune),,"En septembre 2016, Bruno Bilde, député et conseiller municipal RN d'Hénin-Beaumont, publie dans le magazine municipal un article accusant à tort Florence Binaisse, fille de l'ancien maire Eugène Binaisse, d'avoir été embauchée par la mairie de Montigny-en-Gohelle après sa défaite aux élections municipales. En réalité, Florence Binaisse est auxiliaire de vie employée par l'Éducation nationale, et non par la mairie. Le tribunal correctionnel de Béthune le condamne pour diffamation en 2017, condamnation confirmée en appel par la cour d'appel de Douai en juillet 2018. Bruno Bilde est condamné à 100 euros d'amende et 100 euros de dommages et intérêts. Il s'est pourvu en cassation, déclarant vouloir aller « devant la Cour européenne des Droits de l'Homme s'il le faut ». Son pourvoi a été rejeté en novembre 2019, rendant la condamnation définitive.",4,https://fr.wikipedia.org/wiki/Bruno_Bilde,Wikipedia — Bruno Bilde,https://poligraph.fr/affaires/bruno-bilde-condamnation-de-bruno-bilde-pour-diffamation-envers-florence-binaisse,2026-02-20T18:29:02.843Z,2026-07-26T21:40:10.755Z,PENAL
AF-000071,bruno-bilde-condamnation-de-bruno-bilde-pour-diffamation-envers-la-fille-de-l-ancien-maire-d-henin-beaumont,Condamnation de Bruno Bilde pour diffamation envers la fille de l'ancien maire d'Hénin-Beaumont,PG-000153,bruno-bilde,Bruno Bilde,RN,Rassemblement National,Extrême droite,RN,Rassemblement National,Condamnation définitive,CONDAMNATION_DEFINITIVE,Diffamation,DIFFAMATION,Significatif,SIGNIFICATIF,Mis en cause,DIRECT,non,,,2018-09-05,,,,,,,non,"Condamnation pour diffamation, confirmée en appel (cour d'appel de Douai, 5 septembre 2018) et devenue définitive après le rejet du pourvoi en cassation (2019).",,null,,"Bruno Bilde, député Rassemblement National et conseiller municipal d'Hénin-Beaumont, a été poursuivi pour diffamation publique envers Florence Binaisse, fille d'Eugène Binaisse, ancien maire de la commune. En 2018, le tribunal a condamné Bruno Bilde pour avoir accusé à tort Florence Binaisse d'avoir été embauchée par la mairie de Montigny. Cette accusation s'était avérée inexacte. La condamnation a été confirmée en appel le 5 septembre 2018. Selon La Voix du Nord en novembre 2019, cette condamnation est devenue définitive, Bruno Bilde étant désormais « définitivement déclaré coupable de diffamation publique ». Cette affaire de diffamation s'inscrit dans un contexte plus large de contentieux judiciaires auxquels le magistrat politique a été confronté, notamment concernant ses accusations publiques et ses méthodes de communication politique. Le caractère définitif de cette condamnation a établi judiciairement que les propos diffamants ne reposaient sur aucun fondement factuel.",4,https://fr.wikipedia.org/wiki/Bruno_Bilde,Wikipedia — Bruno Bilde,https://poligraph.fr/affaires/bruno-bilde-condamnation-de-bruno-bilde-pour-diffamation-envers-la-fille-de-l-ancien-maire-d-henin-beaumont,2026-02-20T18:29:02.669Z,2026-07-24T21:18:26.623Z,PENAL
AF-000070,bruno-bilde-relaxe-de-david-noel-et-l-humanite-dans-le-proces-en-diffamation-intente-par-bruno-bilde-et-steeve-briois,Relaxe de David Noël et L'Humanité dans le procès en diffamation intenté par Bruno Bilde et Steeve Briois,PG-000153,bruno-bilde,Bruno Bilde,RN,Rassemblement National,Extrême droite,RN,Rassemblement National,Relaxe,RELAXE,Diffamation,DIFFAMATION,Significatif,SIGNIFICATIF,Plaignant,PLAINTIFF,non,2015-03-11,,2016-07-08,,,,,,,non,,,Tribunal correctionnel de Paris (17e chambre),,"En mars 2015, David Noël, conseiller municipal communiste d'opposition à Hénin-Beaumont, diffuse un communiqué appelant à la démission de Steeve Briois et Bruno Bilde, affirmant qu'ils sont ""au cœur d'enquêtes judiciaires sur de graves soupçons de fraude"", en référence notamment à une enquête du Parlement européen sur les assistants parlementaires FN. Le communiqué est repris par le journal L'Humanité. Briois et Bilde intentent un procès en diffamation contre David Noël, Patrick Le Hyaric (directeur de L'Humanité) et Silvère Magnon (codirecteur). Le 8 juillet 2016, la 17e chambre du tribunal correctionnel de Paris relaxe les trois prévenus, estimant que David Noël n'avait ""pas dépassé les limites admissibles de la liberté d'expression"" car il s'était présenté clairement comme opposant politique et avait marqué une distanciation en citant ses sources de presse et en utilisant le conditionnel.",4,https://fr.wikipedia.org/wiki/Bruno_Bilde,Wikipedia — Bruno Bilde,https://poligraph.fr/affaires/bruno-bilde-relaxe-de-david-noel-et-l-humanite-dans-le-proces-en-diffamation-intente-par-bruno-bilde-et-steeve-briois,2026-02-20T18:29:02.496Z,2026-03-11T12:36:23.712Z,PENAL
AF-000069,bruno-bilde-assistants-parlementaires-du-front-national-au-parlement-europeen-bruno-bilde,Affaire des assistants parlementaires du Front national au Parlement européen - Bruno Bilde,PG-000153,bruno-bilde,Bruno Bilde,RN,Rassemblement National,Extrême droite,RN,Rassemblement National,Procès en cours,PROCES_EN_COURS,Détournement de fonds publics,DETOURNEMENT_FONDS_PUBLICS,Critique,CRITIQUE,Mis en cause,DIRECT,oui,2015-01-01,,,,,,,,,non,,,null,,"Bruno Bilde fait partie des assistants parlementaires du Front national suspectés de détournement de fonds publics au Parlement européen. En 2015, il est visé par une enquête de l'Office européen antifraude (OLAF) concernant 29 assistants soupçonnés de percevoir des rémunérations européennes alors qu'ils travaillaient exclusivement pour le FN en France. En 2017, il est également mis en cause pour avoir été embauché comme assistant de l'eurodéputée Sophie Montel alors que sa propre mère, Dominique Bilde, siégeait au Parlement européen, ce qui pourrait constituer un détournement du règlement interdisant aux élus d'embaucher leurs proches. Un article du Monde de février 2026 évoque un procès en appel des assistants du FN au Parlement européen, avec des réquisitions contre Marine Le Pen concernant un système de détournement de 1,4 million d'euros.",7,https://fr.wikipedia.org/wiki/Bruno_Bilde,Wikipedia — Bruno Bilde,https://poligraph.fr/affaires/bruno-bilde-assistants-parlementaires-du-front-national-au-parlement-europeen-bruno-bilde,2026-02-20T18:29:02.326Z,2026-03-04T21:16:24.932Z,PENAL
AF-000068,bruno-bilde-accusations-de-harcelement-sexuel-envers-bruno-bilde-par-d-anciens-assistants-parlementaires,Accusations de harcèlement sexuel envers Bruno Bilde par d'anciens assistants parlementaires,PG-000153,bruno-bilde,Bruno Bilde,RN,Rassemblement National,Extrême droite,RN,Rassemblement National,Classement sans suite,CLASSEMENT_SANS_SUITE,Harcèlement sexuel,HARCELEMENT_SEXUEL,Grave,GRAVE,Mis en cause,DIRECT,non,2017-11-01,,,,,,,,,non,,,null,,"En novembre 2017, trois anciens assistants parlementaires du Front national accusent Bruno Bilde, député du Pas-de-Calais et conseiller spécial de Marine Le Pen, de harcèlement sexuel. Les témoignages évoquent des propos graveleux répétés (""tu as un beau cul""), des attouchements (""mains aux fesses""), et des gestes déplacés sous couvert de camaraderie. Les accusateurs rapportent des pressions et tentatives d'intimidation de la part de membres du FN pour étouffer l'affaire, et reconnaissent des difficultés à constituer un dossier solide faute de témoignages d'appui. Bruno Bilde nie catégoriquement les faits et qualifie ses accusateurs de ""philippotistes"" cherchant à se venger. Les victimes présumées sollicitent les conseils d'un avocat mais renoncent finalement à porter plainte face aux pressions anticipées.",11,https://fr.wikipedia.org/wiki/Bruno_Bilde,Wikipedia — Bruno Bilde,https://poligraph.fr/affaires/bruno-bilde-accusations-de-harcelement-sexuel-envers-bruno-bilde-par-d-anciens-assistants-parlementaires,2026-02-20T18:29:02.100Z,2026-03-04T21:16:24.880Z,PENAL
AF-000067,sylvain-berrios-harcelement-d-une-employee-municipale,Affaire de harcèlement d'une employée municipale,PG-000081,sylvain-berrios,Sylvain Berrios,HOR,Horizons,Centre droit,HOR,Horizons,Instruction en cours,INSTRUCTION,Harcèlement moral,HARCELEMENT_MORAL,Grave,GRAVE,Mis en cause,DIRECT,non,,2025-11-28,,,,,,,,non,,,,,"Sylvain Berrios, Député de la 1ère circonscription du groupe Horizons, fait l'objet d'une instruction judiciaire pour des accusations de harcèlement moral envers une employée municipale. En novembre 2025, le magistrat convoque Sylvain Berrios à titre de mis en examen dans cette affaire de harcèlement. Selon les accusations, le comportement reprochéserait constituer du harcèlement moral à l'encontre d'une salariée de la collectivité locale. L'affaire demeure actuellement en phase d'instruction judiciaire. Les investigations menées par le juge d'instruction visent à établir les faits et les circonstances de cette accusation. Aucune décision définitive n'a été rendue à ce stade de la procédure. Il est rappelé que Sylvain Berrios bénéficie de la présomption d'innocence tant que les charges n'auront pas été établies judiciairement. Cette affaire s'inscrit dans un contexte où le parlementaire fait face à d'autres poursuites judiciaires, notamment l'affaire de conflits d'intérêts et prise illégale d'intérêt relative à la SCI ABBARA.",2,https://fr.wikipedia.org/wiki/Sylvain_Berrios,Wikipedia — Sylvain Berrios,https://poligraph.fr/affaires/sylvain-berrios-harcelement-d-une-employee-municipale,2026-02-20T18:29:01.928Z,2026-03-04T21:54:41.347Z,PENAL
AF-000066,sylvain-berrios-conflits-d-interets-et-prise-illegale-d-interet-sci-abbara,Affaire de conflits d'intérêts et prise illégale d'intérêt (SCI ABBARA),PG-000081,sylvain-berrios,Sylvain Berrios,HOR,Horizons,Centre droit,HOR,Horizons,Enquête préliminaire,ENQUETE_PRELIMINAIRE,Prise illégale d'intérêts,PRISE_ILLEGALE_INTERETS,Critique,CRITIQUE,Mis en cause,DIRECT,oui,,2024-11-26,,,,,,,,non,,,Parquet de Créteil,,"Sylvain Berrios, député de la 1ère circonscription et membre du parti Horizons, est visé par une enquête préliminaire du parquet de Créteil pour prise illégale d'intérêt et conflits d'intérêts. En mars 2024, l'association AC!! Anticorruption dépose plainte contre le parlementaire, soulevant des questions sur le statut de la SCI ABBARA, une société immobilière que Sylvain Berrios codétient à hauteur de 50% aux côtés de Hughes Anselin. Les accusations portent spécifiquement sur d'éventuels conflits d'intérêts liés à cette participation immobilière. Le 26 novembre 2024, Le Parisien révèle publiquement que le parquet de Créteil a ouvert une enquête préliminaire concernant cette affaire. Cette enquête porte sur la compatibilité de ces intérêts privés avec les fonctions publiques exercées par l'intéressé. Sous le régime de la présomption d'innocence, Sylvain Berrios conteste l'ensemble des accusations. L'enquête préliminaire est actuellement en cours, sans qu'une qualification définitive ne soit arrêtée à ce stade. Le dossier demeure à l'instruction du parquet de Créteil, qui déterminera la suite à donner aux investigations menées.",3,https://fr.wikipedia.org/wiki/Sylvain_Berrios,Wikipedia — Sylvain Berrios,https://poligraph.fr/affaires/sylvain-berrios-conflits-d-interets-et-prise-illegale-d-interet-sci-abbara,2026-02-20T18:29:01.759Z,2026-03-04T21:54:37.172Z,PENAL
AF-000065,aurore-berge-collusion-avec-le-lobby-des-creches-privees-et-faux-temoignage,Affaire de collusion avec le lobby des crèches privées et faux témoignage,PG-000994,aurore-berge,Aurore Bergé,RE,Renaissance,Centre,RE,Renaissance,Instruction en cours,INSTRUCTION,Faux et usage de faux,FAUX_ET_USAGE_FAUX,Grave,GRAVE,Mis en cause,DIRECT,non,2024-09-01,,,,,,,,,non,,,Cour de justice de la République,,"En septembre 2024, le journaliste Victor Castanet accuse Aurore Bergé d'avoir entretenu des rapports étroits avec le lobby des crèches privées et d'avoir convenu d'un 'pacte de non agression' avec Elsa Hervy. En janvier 2025, une information judiciaire est ouverte par la Cour de justice de la République pour faux témoignage, suite à la transmission du dossier par le bureau de l'Assemblée nationale en octobre 2024. Des perquisitions sont menées en février 2025 aux domiciles d'Aurore Bergé et d'Elsa Hervy.",10,https://fr.wikipedia.org/wiki/Aurore_Berg%C3%A9,Wikipedia — Aurore Bergé,https://poligraph.fr/affaires/aurore-berge-collusion-avec-le-lobby-des-creches-privees-et-faux-temoignage,2026-02-20T18:29:01.584Z,2026-03-04T21:16:24.726Z,PENAL
AF-000064,aurore-berge-plainte-pour-diffamation-par-le-rappeur-medine,Plainte pour diffamation par le rappeur Médine,PG-000994,aurore-berge,Aurore Bergé,RE,Renaissance,Centre,RE,Renaissance,Relaxe,RELAXE,Diffamation,DIFFAMATION,Significatif,SIGNIFICATIF,Mis en cause,DIRECT,non,2021-02-23,,,,,,,,,non,,,,,"Aurore Bergé, députée Renaissance, a été poursuivie en diffamation par le rappeur Médine suite à des propos tenus en février 2021. La plainte a été déposée le 23 février 2021 avec constitution de partie civile. Les faits reprochés concernent une qualification de Médine comme « rappeur islamiste » par la députée. Cette affaire s'inscrit dans un contexte de débats publics sur les questions identitaires et religieuses en France. La procédure judiciaire s'est déroulée devant les tribunaux compétents. Le jugement est intervenu le 13 mars 2025, avec une relaxe prononcée en faveur d'Aurore Bergé. Cette décision signifie que le tribunal n'a pas retenu la qualification de diffamation publique pour les propos incriminés. Cette relaxe implique qu'aux yeux du tribunal, les déclarations formulées ne constituaient pas une diffamation caractérisée au sens de la loi, ou bénéficiaient d'une forme de protection (notamment la critique ou le débat d'intérêt public). Aurore Bergé a été impliquée dans d'autres contentieux judiciaires, notamment l'affaire de collusion avec le lobby des crèches privées et faux témoignage.",4,https://fr.wikipedia.org/wiki/Aurore_Berg%C3%A9,Wikipedia — Aurore Bergé,https://poligraph.fr/affaires/aurore-berge-plainte-pour-diffamation-par-le-rappeur-medine,2026-02-20T18:29:01.410Z,2026-03-04T21:54:32.711Z,PENAL
AF-000063,francois-bayrou-accusations-de-mensonge-de-francois-bayrou-dans-l-affaire-betharram,Accusations de mensonge de François Bayrou dans l'affaire Bétharram,PG-000982,francois-bayrou,François Bayrou,MoDem,Mouvement démocrate,Centre,,,Enquête préliminaire,ENQUETE_PRELIMINAIRE,Autre,AUTRE,Significatif,SIGNIFICATIF,Mis en cause,DIRECT,non,1996-01-01,,,,,,,,,non,,,null,,"François Bayrou, ancien ministre de l'Éducation nationale (1993-1997), est accusé d'avoir menti sur sa connaissance des violences physiques et sexuelles commises dans l'établissement catholique Notre-Dame de Bétharram (Pyrénées-Atlantiques) où plusieurs de ses enfants ont été scolarisés. Lors de son audition sous serment devant la commission d'enquête parlementaire le 14 mai 2025, il a affirmé n'avoir ""jamais été informé de quoi que ce soit"", mais ses déclarations sont contredites par plusieurs témoins (un ancien juge d'instruction, un ex-gendarme, une professeure) et par sa propre fille Hélène. Il a notamment admis avoir finalement rencontré le juge Mirande en 1998 qui enquêtait sur un viol impliquant un religieux de Bétharram, et un document du collectif des victimes contredit ses affirmations sur le licenciement d'un surveillant condamné. La gauche parlementaire l'accuse de ""parjure"" et évoque un possible signalement à la justice pour faux témoignage sous serment, tandis que François Bayrou dénonce une ""instrumentalisation"" politique et une ""campagne de destruction"".",18,https://fr.wikipedia.org/wiki/Fran%C3%A7ois_Bayrou,Wikipedia — François Bayrou,https://poligraph.fr/affaires/francois-bayrou-accusations-de-mensonge-de-francois-bayrou-dans-l-affaire-betharram,2026-02-20T18:29:01.235Z,2026-04-09T19:14:55.018Z,PENAL
AF-000062,francois-bayrou-relaxe-de-francois-bayrou-dans-l-affaire-des-assistants-parlementaires-du-modem-2,Relaxe de François Bayrou dans l'affaire des assistants parlementaires du MoDem,PG-000982,francois-bayrou,François Bayrou,MoDem,Mouvement démocrate,Centre,,,Appel en cours,APPEL_EN_COURS,Détournement de fonds publics,DETOURNEMENT_FONDS_PUBLICS,Critique,CRITIQUE,Mis en cause,DIRECT,oui,2005-01-01,,2024-02-05,0,0,,0,,,non,,Relaxe au bénéfice du doute,Tribunal correctionnel de Paris (11e chambre correctionnelle),,"François Bayrou était soupçonné d'être le décideur principal d'un système de détournement de fonds publics européens, entre 2005 et 2017, pour rémunérer des assistants parlementaires d'eurodéputés du MoDem qui travaillaient en réalité pour le parti en France. Le 5 février 2024, le tribunal correctionnel de Paris l'a relaxé ""au bénéfice du doute"", faute de preuves qu'il avait connaissance de la non-exécution des contrats. Le parquet a fait appel de cette décision de relaxe. Les autres prévenus, dont plusieurs anciens eurodéputés et l'ancien garde des sceaux Michel Mercier, ont été condamnés à des peines de prison avec sursis, amendes et peines d'inéligibilité. Le MoDem a été condamné à une amende de 300 000 euros.",18,https://www.marianne.net/politique/assistants-deurodeputes-modem-francois-bayrou-et-dix-autres-personnes-renvoyees-devant-un-tribunal,Assistants d'eurodéputés MoDem : François Bayrou et dix autres personnes renvoyées devant un tribunal,https://poligraph.fr/affaires/francois-bayrou-relaxe-de-francois-bayrou-dans-l-affaire-des-assistants-parlementaires-du-modem-2,2026-02-20T18:29:01.065Z,2026-04-09T19:14:55.313Z,PENAL
AF-000061,nicolas-bay-diffamation-envers-le-rappeur-medine,Affaire de diffamation envers le rappeur Médine,PG-001039,nicolas-bay,Nicolas Bay,IDL,Identité-Libertés,Extrême droite,,,Relaxe,RELAXE,Diffamation,DIFFAMATION,Significatif,SIGNIFICATIF,Mis en cause,DIRECT,non,2021-06-01,,,,,,,,,non,,,,,"Nicolas Bay, alors membre du groupe Identité-Libertés au Parlement européen, a formulé en 2021 des accusations de proximité avec les Frères musulmans à l'encontre du rappeur Médine. Le rappeur a porté plainte pour diffamation en juin 2021. Cette action a débouché sur la mise en examen de Nicolas Bay en mai 2022 pour l'infraction de diffamation publique. Le procès s'est déroulé le 19 mars 2024. Le tribunal a considéré que les propos tenus constituaient une opinion plutôt qu'une accusation factuelle de nature diffamatoire. Nicolas Bay a été relaxé le 2 mai 2024. Cette affaire intervient dans un contexte marqué par les accusations de Nicolas Bay envers des figures publiques et activistes. Elle s'inscrit également dans un ensemble plus large de contentieux judiciaires impliquant l'ancien responsable d'Identité-Libertés, notamment l'affaire des assistants parlementaires au Parlement européen. La relaxation du 2 mai 2024 confirme que les déclarations au cœur du différend, bien que controversées, ont pu être qualifiées de discours d'opinion protégé par la liberté d'expression, plutôt que de faits imputés susceptibles de constituer une diffamation caractérisée.",5,https://fr.wikipedia.org/wiki/Nicolas_Bay,Wikipedia — Nicolas Bay,https://poligraph.fr/affaires/nicolas-bay-diffamation-envers-le-rappeur-medine,2026-02-20T18:28:59.696Z,2026-04-09T19:14:58.216Z,PENAL
AF-000060,nicolas-bay-assistants-parlementaires-du-front-national-au-parlement-europeen,Affaire des assistants parlementaires du Front national au Parlement européen,PG-001039,nicolas-bay,Nicolas Bay,IDL,Identité-Libertés,Extrême droite,,,"Condamnation non définitive, pourvoi en cassation en cours",POURVOI_EN_CASSATION,Détournement de fonds publics,DETOURNEMENT_FONDS_PUBLICS,Critique,CRITIQUE,Mis en cause,DIRECT,oui,2014-07-01,,2026-07-07,5000,12,0,24,0,,non,,,Tribunal correctionnel de Paris,,"Nicolas Bay est mis en examen le 8 juin 2018 pour abus de confiance, puis sa mise en examen est requalifiée en détournement de fonds publics le 5 septembre 2018. Il est accusé d'avoir employé Timothée Houssin comme assistant parlementaire de juillet 2014 à mars 2015 sans preuves d'activité réelle. Le 31 mars 2025, il est condamné en première instance à 12 mois de prison dont 10 ferme et 3 ans d'inéligibilité. Son procès en appel a lieu du 13 janvier au 11 février 2026. Le 7 juillet 2026, la cour d'appel de Paris l'a déclaré coupable de détournement de fonds publics et l'a condamné à un an d'emprisonnement intégralement assorti du sursis, 5 000 euros d'amende et deux ans de privation du droit d'éligibilité intégralement assortis du sursis. Les onze condamnés se sont pourvus en cassation, le parquet général y a renoncé : la décision n'est pas définitive.",14,https://www.franceinfo.fr/politique/front-national/affaire-des-assistants-fn-au-parlement-europeen/marine-le-pen-bruno-gollnisch-louis-aliot-voici-les-11-condamnations-a-l-issue-du-proces-en-appel-des-assistants-parlementaires-du-fn_8089790.html,"Marine Le Pen, Bruno Gollnisch, Louis Aliot… Voici les 11 condamnations à l'issue du procès en appel des assistants parlementaires du FN",https://poligraph.fr/affaires/nicolas-bay-assistants-parlementaires-du-front-national-au-parlement-europeen,2026-02-20T18:28:59.132Z,2026-08-04T10:23:09.935Z,PENAL
AF-000058,christophe-bay-accusations-de-harcelement-moral-et-d-agressions-sexuelles-contre-christophe-bay,Accusations de harcèlement moral et d'agressions sexuelles contre Christophe Bay,PG-001022,christophe-bay,Christophe Bay,RN,Rassemblement National,Extrême droite,RN,Rassemblement National,Classement sans suite,CLASSEMENT_SANS_SUITE,Harcèlement moral,HARCELEMENT_MORAL,Grave,GRAVE,Mis en cause,DIRECT,non,2011-01-01,,,,,,,,,non,,,null,,"Christophe Bay, ancien préfet de l'Aube (2011-2014) et de Dordogne (2014-2016), a fait l'objet de plusieurs enquêtes administratives pour harcèlement moral, accusations d'agressions sexuelles et abus de pouvoir. En septembre 2021, Le Monde révèle des accusations de harcèlement et d'agressions sexuelles, notamment un rapport de 2017 décrivant un comportement ""violent"" et ""capable de se venger"". En novembre 2021, Libération publie les témoignages d'anciens collaborateurs décrivant des maltraitances et un comportement colérique. Une plainte pour viol déposée en 2018 concernant des faits de 2011 a été classée sans suite. Les enquêtes administratives ont conduit à la fin de ses fonctions préfectorales en 2016, mais n'ont donné lieu à aucune sanction pénale ni poursuite judiciaire.",4,https://fr.wikipedia.org/wiki/Christophe_Bay,Wikipedia — Christophe Bay,https://poligraph.fr/affaires/christophe-bay-accusations-de-harcelement-moral-et-d-agressions-sexuelles-contre-christophe-bay,2026-02-20T18:28:58.795Z,2026-03-04T21:16:24.146Z,PENAL
AF-000057,christophe-bay-igs-implication-alleguee-de-christophe-bay,Affaire de l'IGS - Implication alléguée de Christophe Bay,PG-001022,christophe-bay,Christophe Bay,RN,Rassemblement National,Extrême droite,RN,Rassemblement National,Enquête préliminaire,ENQUETE_PRELIMINAIRE,Faux et usage de faux,FAUX_ET_USAGE_FAUX,Grave,GRAVE,Mis en cause,DIRECT,non,2007-01-01,,,,,,,,,non,,,,,"Entre 2007 et 2009, l'Inspection générale des services (IGS) de la Préfecture de police de Paris est soupçonnée d'avoir monté un faux dossier pour faire tomber plusieurs agents du service qui délivrait des titres de séjour, notamment Yannick Blanc, directeur de la police générale ayant des convictions politiques de gauche. En novembre 2021, Libération révèle l'implication alléguée de Christophe Bay dans ce scandale, l'accusant d'avoir fourni le nom de la personne idéale pour rendre les faux documents plus authentiques. Christophe Bay affirme avoir été instrumentalisé dans cette affaire. Le dossier végète depuis près de dix ans dans les limbes judiciaires, avec des rebondissements en 2019 concernant la disparition de documents-clés.",3,https://fr.wikipedia.org/wiki/Christophe_Bay,Wikipedia — Christophe Bay,https://poligraph.fr/affaires/christophe-bay-igs-implication-alleguee-de-christophe-bay,2026-02-20T18:28:58.628Z,2026-03-04T21:16:24.091Z,PENAL
AF-000056,christophe-bay-depenses-non-justifiees-de-christophe-bay-dans-l-aube,Affaire des dépenses non justifiées de Christophe Bay dans l'Aube,PG-001022,christophe-bay,Christophe Bay,RN,Rassemblement National,Extrême droite,RN,Rassemblement National,Classement sans suite,CLASSEMENT_SANS_SUITE,Détournement de fonds publics,DETOURNEMENT_FONDS_PUBLICS,Critique,CRITIQUE,Mis en cause,DIRECT,oui,2011-01-01,,2016-01-01,,,,,,,non,,,null,,"Entre 2011 et 2014, Christophe Bay, alors préfet de l'Aube, aurait effectué des dépenses non justifiées évaluées entre 20 000 et 30 000 euros selon une enquête de l'Inspection générale de l'administration (IGA) menée en 2016. L'enquête conclut à des abus de frais de bouche et à l'achat d'un 4×4 aux frais de l'État, des pratiques qualifiées de ""systémiques"" par Eric Morvan, ancien patron de la police nationale. Christophe Bay a été relevé de ses fonctions préfectorales en 2016 à la suite de cette enquête et d'une autre concernant son poste en Dordogne. L'intéressé affirme avoir remboursé les sommes réclamées et dénonce une utilisation politique de ce contrôle, précisant qu'aucune sanction administrative formelle n'a été prononcée à son encontre.",6,https://fr.wikipedia.org/wiki/Christophe_Bay,Wikipedia — Christophe Bay,https://poligraph.fr/affaires/christophe-bay-depenses-non-justifiees-de-christophe-bay-dans-l-aube,2026-02-20T18:28:58.284Z,2026-03-04T21:16:23.984Z,PENAL
AF-000055,romain-baubry-accusation-de-violence-de-romain-baubry-sur-son-assistante-parlementaire,Accusation de violence de Romain Baubry sur son assistante parlementaire,PG-000242,romain-baubry,Romain Baubry,RN,Rassemblement National,Extrême droite,RN,Rassemblement National,Classement sans suite,CLASSEMENT_SANS_SUITE,Violence,VIOLENCE,Significatif,SIGNIFICATIF,Mis en cause,DIRECT,non,2024-01-26,,,,,,,,,non,,,null,,"Le 26 janvier 2024, l'assistante parlementaire de Romain Baubry, député Rassemblement national de la 15e circonscription des Bouches-du-Rhône, dépose plainte au commissariat d'Istres pour des faits de violence et harcèlement. Elle l'accuse de l'avoir bousculée et de lui avoir coincé les doigts dans une porte lors d'un différend sur des heures de travail non payées, à Sénas où se trouve sa permanence. Ces faits auraient entraîné une interruption temporaire de travail (ITT) de cinq jours. Le député nie catégoriquement les accusations et affirme qu'il avait engagé une procédure de licenciement contre cette assistante locale en CDD depuis trois mois. Une enquête a été ouverte et la plainte transmise au tribunal de Tarascon.",7,https://www.20minutes.fr/faits_divers/4073216-20240129-bouches-rhone-plainte-violence-deposee-contre-depute-rn-assistante,Une plainte pour violence déposée contre un député RN par son assistante,https://poligraph.fr/affaires/romain-baubry-accusation-de-violence-de-romain-baubry-sur-son-assistante-parlementaire,2026-02-20T18:28:58.115Z,2026-03-11T12:36:23.508Z,PENAL
AF-000054,christophe-barthes-pancarte-misogyne-contre-sandrine-rousseau-et-marine-tondelier,Affaire de la pancarte misogyne contre Sandrine Rousseau et Marine Tondelier,PG-000229,christophe-barthes,Christophe Barthès,RN,Rassemblement National,Extrême droite,RN,Rassemblement National,Enquête préliminaire,ENQUETE_PRELIMINAIRE,Injure,INJURE,Significatif,SIGNIFICATIF,Mis en cause,DIRECT,non,2024-01-26,,,,,,,,,non,,,null,,"Le 26 janvier 2024, trois députés RN de l'Aude (Christophe Barthès, Julien Rancoule et Frédéric Falcon) posent, écharpes tricolores au cou, devant une pancarte affichant l'insulte sexiste « Va faire la soupe salope » lors d'un blocage d'agriculteurs à Narbonne. Cette inscription vise directement les élues écologistes Sandrine Rousseau et Marine Tondelier, en référence à une insulte similaire prononcée par un vigneron le 13 juin 2023 lors d'un échange tendu à Ventenac-Cabardès. Les députés assument cette mise en scène, qualifiant l'insulte de « slogan » tout en affirmant qu'ils n'auraient pas utilisé ces termes eux-mêmes. Le 29 janvier 2024, Sandrine Rousseau dépose une demande de sanction auprès de la présidente de l'Assemblée nationale Yaël Braun-Pivet et confirme qu'une procédure judiciaire est en cours portant sur ces propos sexistes.",7,https://fr.wikipedia.org/wiki/Christophe_Barth%C3%A8s,Wikipedia — Christophe Barthès,https://poligraph.fr/affaires/christophe-barthes-pancarte-misogyne-contre-sandrine-rousseau-et-marine-tondelier,2026-02-20T18:28:57.945Z,2026-03-04T21:16:23.873Z,PENAL
AF-000053,jordan-bardella-proces-en-diffamation-de-jordan-bardella-contre-liberation,Procès en diffamation de Jordan Bardella contre Libération,PG-001072,jordan-bardella,Jordan Bardella,RN,Rassemblement National,Extrême droite,RN,Rassemblement National,Relaxe,RELAXE,Diffamation,DIFFAMATION,Significatif,SIGNIFICATIF,Mis en cause,DIRECT,non,2023-09-26,,2025-03-21,,,,,,,non,,,Tribunal correctionnel de Paris,,"Jordan Bardella, président du Rassemblement national, a poursuivi en diffamation le quotidien Libération après la publication d'une enquête en septembre 2023 le qualifiant d'« assistant parlementaire fantôme passé entre les gouttes de la justice ». L'audience s'est tenue le 31 janvier 2025 devant le tribunal correctionnel de Paris. Le 21 mars 2025, le tribunal a rejeté la plainte et relaxé Libération, validant ainsi le droit du quotidien d'utiliser cette qualification. Cette décision intervient dix jours avant le jugement du 31 mars 2025 dans l'affaire des assistants parlementaires européens du RN, dans laquelle Jordan Bardella n'est pas poursuivi contrairement à vingt-six membres du parti.",8,https://www.lemonde.fr/societe/article/2025/01/31/l-etrange-plaidoirie-de-l-avocat-de-jordan-bardella-contre-liberation_6525902_3224.html,L’étrange plaidoirie de l’avocat de Jordan Bardella contre « Libération »,https://poligraph.fr/affaires/jordan-bardella-proces-en-diffamation-de-jordan-bardella-contre-liberation,2026-02-20T18:28:57.598Z,2026-03-04T21:16:23.764Z,PENAL
AF-000052,jordan-bardella-soupcons-d-emploi-fictif-de-jordan-bardella-au-parlement-europeen,Soupçons d'emploi fictif de Jordan Bardella au Parlement européen,PG-001072,jordan-bardella,Jordan Bardella,RN,Rassemblement National,Extrême droite,RN,Rassemblement National,Enquête préliminaire,ENQUETE_PRELIMINAIRE,Emploi fictif,EMPLOI_FICTIF,Critique,CRITIQUE,Mis en cause,DIRECT,oui,2015-02-16,,,,,,,,,non,,,null,,"Jordan Bardella, assistant parlementaire à mi-temps de l'eurodéputé Jean-François Jalkh de février à juin 2015, a été identifié par l'Office européen de lutte antifraude (OLAF) en 2016 comme ayant possiblement fait un usage irrégulier de l'indemnité parlementaire. Selon une enquête de Libération publiée en septembre 2024, le Front national aurait fabriqué un dossier de fausses preuves de travail (revues de presse antidatées, agenda rempli à la main) pour protéger cette étoile montante du parti. Jordan Bardella n'a pas été poursuivi dans le cadre du procès des assistants parlementaires du RN qui a jugé 25 prévenus. En mars 2025, l'association Adelibe a déposé plainte contre lui pour détournement de fonds publics, recel, faux et usage de faux et escroquerie, notamment pour interrompre la prescription. Le président du RN, qui a perdu son procès en diffamation contre Libération en mars 2025, conteste ces accusations qu'il qualifie de ""grossière tentative de déstabilisation"".",14,https://www.nouvelobs.com/politique/20240909.OBS93349/affaire-des-assistants-parlementaires-le-rn-a-t-il-berne-la-justice-pour-eviter-un-proces-a-jordan-bardella.html,Affaire des assistants parlementaires : le RN a-t-il berné la justice pour éviter un procès à Jordan Bardella ?,https://poligraph.fr/affaires/jordan-bardella-soupcons-d-emploi-fictif-de-jordan-bardella-au-parlement-europeen,2026-02-20T18:28:57.425Z,2026-03-04T21:16:23.708Z,PENAL
AF-000051,jordan-bardella-relaxe-de-jordan-bardella-pour-diffamation-envers-le-maire-de-trappes,Relaxe de Jordan Bardella pour diffamation envers le maire de Trappes,PG-001072,jordan-bardella,Jordan Bardella,RN,Rassemblement National,Extrême droite,RN,Rassemblement National,Relaxe,RELAXE,Diffamation,DIFFAMATION,Significatif,SIGNIFICATIF,Mis en cause,DIRECT,non,2021-10-01,,,,,,,,,non,,,,,"En octobre 2021, Jordan Bardella, alors vice-président du Rassemblement National, publie un communiqué dans lequel il qualifie la ville de Trappes (Yvelines) de ""République islamique"" et critique le maire Ali Rabeh, demandant la mise sous tutelle de la commune. Suite à une plainte pour diffamation déposée par le maire, Jordan Bardella est mis en examen le 1er février 2022. Il dénonce publiquement cette procédure judiciaire, affirmant que la justice chercherait à le ""faire taire"" pour avoir dénoncé l'islamisme à Trappes. Jordan Bardella a annoncé sa relaxe le 12 décembre 2023.",9,https://fr.wikipedia.org/wiki/Jordan_Bardella,Wikipedia — Jordan Bardella,https://poligraph.fr/affaires/jordan-bardella-relaxe-de-jordan-bardella-pour-diffamation-envers-le-maire-de-trappes,2026-02-20T18:28:57.248Z,2026-09-23T06:08:12.652Z,PENAL
AF-000050,raphael-arnault-plainte-pour-menace-de-mort-deposee-par-alice-cordier-contre-raphael-arnault,Plainte pour menace de mort déposée par Alice Cordier contre Raphaël Arnault,PG-000557,raphael-arnault,Raphaël Arnault,LFI,La France insoumise,Extrême gauche,LFI,La France insoumise,Enquête préliminaire,ENQUETE_PRELIMINAIRE,Menace,MENACE,Grave,GRAVE,Mis en cause,DIRECT,non,2023-10-16,,,,,,,,,non,,,,,"Le 20 juin 2024, Alice Cordier, militante du collectif identitaire Némésis, a déposé une plainte contre Raphaël Arnault, candidat LFI aux législatives et fondateur de la Jeune Garde, pour menaces de mort. Selon les informations publiées par Le Figaro et Europe 1, elle accuse le député d'avoir proféré des menaces de mort à son encontre lors d'un incident survenu le 16 octobre 2023, huit mois avant le dépôt de plainte. Les articles confirment l'existence de cette plainte dans un contexte plus large de plusieurs plaintes visant Raphaël Arnault et la Jeune Garde pour violences et menaces. Raphaël Arnault bénéficie de la présomption d'innocence, et les propos auraient selon certaines sources été sortis de leur contexte.",6,https://fr.wikipedia.org/wiki/Rapha%C3%ABl_Arnault,Wikipedia — Raphaël Arnault,https://poligraph.fr/affaires/raphael-arnault-plainte-pour-menace-de-mort-deposee-par-alice-cordier-contre-raphael-arnault,2026-02-20T18:28:56.898Z,2026-03-04T21:16:23.550Z,PENAL
AF-000049,franck-allisio-enquete-visant-franck-allisio-pour-detournement-de-fonds-publics,Enquête visant Franck Allisio pour détournement de fonds publics,PG-000246,franck-allisio,Franck Allisio,RN,Rassemblement National,Extrême droite,RN,Rassemblement National,Enquête préliminaire,ENQUETE_PRELIMINAIRE,Détournement de fonds publics,DETOURNEMENT_FONDS_PUBLICS,Critique,CRITIQUE,Mis en cause,DIRECT,oui,2024-01-01,,,,,,,,,non,,,Parquet de Marseille,,"Une enquête préliminaire a été ouverte en mai 2025 par le parquet de Marseille suite à un signalement de la région Provence-Alpes-Côte d'Azur déposé le 30 décembre 2024. Franck Allisio, député RN des Bouches-du-Rhône et président du groupe RN au Conseil régional, est soupçonné d'avoir détourné des moyens régionaux pour ses activités de député. L'enquête porte notamment sur deux collaborateurs du groupe régional, employés par la région, qui auraient travaillé pour son activité parlementaire sans déclaration auprès de la Haute Autorité pour la transparence de la vie publique, constituant un cumul d'emploi problématique. Des véhicules de service régionaux auraient également été utilisés pour des activités militantes lors des campagnes des élections européennes et législatives de 2024. L'affaire a été révélée par le site Marsactu suite à des courriers anonymes transmis par l'association SOS Corruption 13, qui a également saisi la Chambre régionale des comptes.",7,https://fr.wikipedia.org/wiki/Franck_Allisio,Wikipedia — Franck Allisio,https://poligraph.fr/affaires/franck-allisio-enquete-visant-franck-allisio-pour-detournement-de-fonds-publics,2026-02-20T18:28:56.561Z,2026-03-04T21:16:23.447Z,PENAL
AF-000048,alexandre-allegret-pilot-pret-suspect-de-1-3-million-d-euros-vitis-gallica,"Affaire du prêt suspect de 1,3 million d'euros (Vitis Gallica)",PG-000478,alexandre-allegret-pilot,Alexandre Allegret-Pilot,,,,,,Enquête préliminaire,ENQUETE_PRELIMINAIRE,Autre,AUTRE,Significatif,SIGNIFICATIF,Mis en cause,DIRECT,non,2024-07-05,,,,,,,,,non,,,,,"Le 5 juillet 2024, Alexandre Allegret-Pilot, alors chef de la mission de restructuration des entreprises au ministère de l'Économie, autorise un prêt de 1,3 million d'euros à une société inexistante dénommée Vitis Gallica, alors qu'il était censé être en congé pour sa campagne législative. Le ministère de l'Économie et des Finances saisit le procureur de la République au titre de l'article 40 du code de procédure pénale, soupçonnant une tentative d'escroquerie envers un vigneron de l'Ain en difficulté financière. L'arrêté relatif au versement est abrogé le 10 juillet 2024.",6,https://www.lemonde.fr/politique/article/2024/07/18/le-depute-lr-rn-du-gard-alexandre-allegret-pilot-suspecte-d-avoir-escroque-un-vigneron-en-detresse_6252142_823448.html,"Alexandre Allegret-Pilot, député LR-RN du Gard, suspecté d’avoir tenté d’abuser un vigneron en détresse",https://poligraph.fr/affaires/alexandre-allegret-pilot-pret-suspect-de-1-3-million-d-euros-vitis-gallica,2026-02-20T18:28:56.381Z,2026-03-04T21:16:23.390Z,PENAL
AF-000047,julien-sanchez-condamnation-de-julien-sanchez-pour-ne-pas-avoir-modere-des-commentaires-incitant-a-la-haine-contre-les-musulmans,Condamnation de Julien Sanchez pour ne pas avoir modéré des commentaires incitant à la haine contre les musulmans,PG-000617,julien-sanchez,Julien Sanchez,RN,Rassemblement National,Extrême droite,RN,Rassemblement National,Condamnation définitive,CONDAMNATION_DEFINITIVE,Incitation à la haine,INCITATION_HAINE,Critique,CRITIQUE,Mis en cause,DIRECT,oui,2011-10-01,,2013-01-01,3000,0,,,,,non,,1 000 € de frais à la partie civile (art. 475-1 CPP),"Tribunal correctionnel de Nîmes, confirmé par la Cour d'appel de Nîmes",,"En 2013, le tribunal correctionnel de Nîmes a condamné Julien Sanchez, alors candidat du Front National aux élections législatives, pour avoir laissé visibles sur sa page Facebook publique des commentaires d'internautes incitant à la haine contre les musulmans. La condamnation a été confirmée en appel (3000 euros d'amende), puis le pourvoi en cassation a été rejeté en 2015, rendant la condamnation définitive. En 2021 puis 2023, la Cour européenne des droits de l'homme a débouté l'élu RN qui contestait cette condamnation, estimant que les tribunaux français n'avaient pas violé la liberté d'expression. La CEDH a souligné que Julien Sanchez avait rendu son compte Facebook public pendant une période électorale tendue et n'avait pas fait preuve de vigilance face aux commentaires haineux publiés par des tiers. Le pourvoi en cassation a été rejeté le 17 mars 2015, rendant la condamnation définitive. La Cour européenne des droits de l'homme (Grande Chambre, 15 mai 2023, req. n° 45581/15, Sanchez c. France) a conclu à la non-violation de l'article 10 de la Convention.",3,https://www.wikidata.org/wiki/Q28598564,Wikidata — Julien Sanchez,https://poligraph.fr/affaires/julien-sanchez-condamnation-de-julien-sanchez-pour-ne-pas-avoir-modere-des-commentaires-incitant-a-la-haine-contre-les-musulmans,2026-02-20T17:33:20.970Z,2026-06-07T16:11:51.285Z,PENAL
AF-000044,alain-carignon-faux,Affaire Carignon — corruption et abus de biens sociaux (eau de Grenoble),PG-000627,alain-carignon,Alain Carignon,LR,Les Républicains,Droite,,,Condamnation définitive,CONDAMNATION_DEFINITIVE,Corruption,CORRUPTION,Critique,CRITIQUE,Mis en cause,DIRECT,oui,1984-01-01,,1996-07-09,61000,60,48,60,,,non,,"dont 48 mois de prison ferme, 12 mois avec sursis. Subornation de témoins.",Cour d'appel de Lyon,,"Alain Carignon, ancien maire de Grenoble et ministre de l'Environnement puis de la Communication, a été condamné définitivement le 9 juillet 1996 par la Cour d'appel de Lyon pour corruption, abus de biens sociaux et subornation de témoins. Entre 1984 et 1993, il a bénéficié d'avantages matériels totalisant 2,9 millions d'euros (refinancement de journaux, vols en avion privé, appartement de 280m² à Paris, croisière de luxe) de la part des sociétés Merlin et Lyonnaise des Eaux, qui ont obtenu en échange la concession du service des eaux de Grenoble via leur filiale COGESE.",4,https://fr.wikipedia.org/wiki/Alain_Carignon,Wikidata - Alain Carignon,https://poligraph.fr/affaires/alain-carignon-faux,2026-02-18T04:43:11.715Z,2026-08-01T14:17:21.234Z,PENAL
AF-000043,jean-michel-baylet-abus-de-biens-sociaux,Condamnation de Jean-Michel Baylet pour abus de biens sociaux (La Dépêche du Midi),PG-001351,jean-michel-baylet,Jean-Michel Baylet,PRG,Parti radical de gauche,Gauche,PRG,Parti radical de gauche,Condamnation définitive,CONDAMNATION_DEFINITIVE,Abus de biens sociaux,ABUS_BIENS_SOCIAUX,Grave,GRAVE,Mis en cause,DIRECT,non,,,2003-03-13,30000,6,0,,,,non,,,,,"Jean-Michel Baylet, longtemps président du Parti radical de gauche et ancien ministre, a occupé le poste de président du groupe de presse propriétaire du journal La Dépêche du Midi. Durant plusieurs années, il a utilisé les ressources du journal à titre personnel, ce qui constitue un détournement de biens sociaux. Les faits reprochés incluaient l'utilisation systématique d'employés du journal pour des tâches personnelles : ménage du domicile, entretien automobile et maintenance d'un bateau familial en Grèce. De plus, le journal finançait directement son loyer parisien, s'élevant à 14 000 francs mensuels. Des accusations de faux et usage de faux complétaient le dossier. Jugée en 2003, cette affaire a donné lieu à une condamnation définitive le 13 mars 2003. Jean-Michel Baylet a été reconnu coupable d'abus de biens sociaux, de recel d'abus de biens sociaux, et de faux et usage de faux. Il a reçu une peine de 6 mois d'emprisonnement avec sursis et une amende de 30 000 euros. Cette condamnation n'a pas empêché Jean-Michel Baylet de poursuivre une carrière politique locale, notamment en tant que maire de Valence.",3,https://fr.wikipedia.org/wiki/Jean-Michel_Baylet,Wikidata - Jean-Michel Baylet,https://poligraph.fr/affaires/jean-michel-baylet-abus-de-biens-sociaux,2026-02-18T04:43:10.615Z,2026-07-31T16:31:26.822Z,PENAL
AF-000041,marc-joulaud-detournement-de-fonds-publics,Détournement de fonds publics,PG-001087,marc-joulaud,Marc Joulaud,LR,Les Républicains,Droite,,,Condamnation définitive,CONDAMNATION_DEFINITIVE,Détournement de fonds publics,DETOURNEMENT_FONDS_PUBLICS,Critique,CRITIQUE,Mis en cause,DIRECT,oui,2002-01-01,,2024-04-24,20000,36,0,60,,,non,"3 ans de prison avec sursis, 5 ans d'inéligibilité",,Cour de cassation (rejet pourvoi),FR:CCASS:2024:CR00382,"Marc Joulaud, député de l'Union pour un mouvement populaire et suppléant de François Fillon à l'Assemblée nationale, est condamné en définitif pour détournement de fonds publics dans l'affaire des emplois fictifs. Entre 2002 et 2007, Joulaud a employé Pénélope Fillon, épouse du ministre, comme assistante parlementaire fictive sans qu'elle n'exerce réellement les fonctions correspondantes. Cette pratique a généré des rémunérations publiques injustifiées en détournement des deniers de l'État. L'affaire a fait l'objet d'une instruction puis d'une mise en examen. Le tribunal correctionnel s'est prononcé, suivi d'appels et d'un pourvoi en cassation. La Cour de cassation a rejeté le pourvoi le 24 avril 2024, confirmant ainsi la condamnation en dernier ressort. Joulaud a été condamné à 36 mois de prison avec sursis, 20 000 euros d'amende et 60 mois d'inéligibilité. Cette condamnation définitive implique l'extinction de toute possibilité de recours et l'applicabilité immédiate des peines prononcées, particulièrement l'inéligibilité qui affecte sa capacité à exercer des mandats électoraux.",3,https://fr.wikipedia.org/wiki/Marc_Joulaud,Wikidata - Marc Joulaud,https://poligraph.fr/affaires/marc-joulaud-detournement-de-fonds-publics,2026-01-25T15:23:35.662Z,2026-09-01T16:35:53.877Z,PENAL
AF-000040,jean-tiberi-fraude,Fraude electorale - affaire des faux electeurs du 5e arrondissement,PG-000633,jean-tiberi,Jean Tiberi,,,,,,Condamnation définitive,CONDAMNATION_DEFINITIVE,Faux et usage de faux,FAUX_ET_USAGE_FAUX,Grave,GRAVE,Mis en cause,DIRECT,non,1995-06-01,,2015-03-03,10000,10,0,36,,,non,"10 mois de prison avec sursis, 10 000€ d'amende, 3 ans d'inéligibilité",,Cour de cassation (rejet pourvoi),,"Jean Tiberi, figure historique de la droite parisienne et maire de Paris, a été reconnu coupable de manœuvres frauduleuses portant atteinte à la sincérité du scrutin. Membre de l'Union des démocrates pour la République au moment des faits, Tiberi a inscrit frauduleusement de faux électeurs dans les listes électorales du 5e arrondissement de Paris lors des élections municipales de 1995 et legislatives de 1997. Ces infractions — inscription de faux électeurs — constituent du faux et usage de faux, attentat direct à l'intégrité du processus électoral. Elles ont porté sur deux scrutins majeurs et concernaient un arrondissement de la capitale. L'affaire a suivi un parcours judiciaire long. Le verdict initial du tribunal a été confirmé par les instances supérieures. La Cour de cassation a rejeté le pourvoi en cassation en mars 2015, confirmant définitivement la culpabilité. Cette condamnation est donc devenue définitive après vingt ans d'enjeux judiciaires. Tiberi a été condamné à dix mois de prison avec sursis, 10 000 euros d'amende et trois ans d'inéligibilité. Ces peines — notamment l'inéligibilité — l'ont exclu de la vie politique élective durant une période significative suivant le jugement final, matérialisant les conséquences de la fraude électorale.",3,https://www.franceinfo.fr/societe/justice/affaire-des-faux-electeurs-le-pourvoi-en-cassation-du-couple-tiberi-rejete_1687139.html,Affaire des faux électeurs : le pourvoi en cassation du couple Tibéri rejeté,https://poligraph.fr/affaires/jean-tiberi-fraude,2026-01-18T18:39:36.304Z,2026-09-01T16:35:53.351Z,PENAL
AF-000039,jean-christophe-cambadelis-detournement-de-fonds-publics,Détournement de fonds publics,PG-000632,jean-christophe-cambadelis,Jean-Christophe Cambadélis,PS,Parti socialiste,Gauche,,,Condamnation (1ère instance),CONDAMNATION_PREMIERE_INSTANCE,Détournement de fonds publics,DETOURNEMENT_FONDS_PUBLICS,Critique,CRITIQUE,Mis en cause,DIRECT,oui,2015-01-01,,2025-05-20,60000,8,0,60,,,non,"8 mois de prison avec sursis, 60 000 € d'amende entièrement assortie du sursis, 5 ans d'inéligibilité",Amende de 60 000 € entièrement assortie du sursis,Cour d'appel de Paris,,"Jean-Christophe Cambadélis, ancien représentant du Parti communiste internationaliste devenu membre des Socialistes et apparentés, a été condamné en appel pour détournement de fonds publics. Les faits reprochés concernent l'utilisation détournée de 114 057 € de son indemnité représentative de frais de mandat (IRFM), l'allocation versée aux parlementaires pour couvrir leurs dépenses liées à l'exercice de leur mandat, entre 2015 et 2017. Ces sommes ont été affectées à des fins personnelles, en violation de la réglementation encadrant l'utilisation de cette indemnité. La cour d'appel de Paris a rendu son arrêt le 20 mai 2025, confirmant la culpabilité. La peine comprend huit mois d'emprisonnement avec sursis, une amende de 60 000 € désormais entièrement assortie du sursis alors que la moitié était ferme en première instance, cinq ans d'inéligibilité, et 27 000 € de dommages et intérêts versés à l'Assemblée nationale. Aucune source publique n'établit l'issue d'un éventuel pourvoi en cassation.",3,https://www.franceinfo.fr/politique/ps/detournement-de-frais-de-mandat-l-ex-numero-un-du-ps-jean-christophe-cambadelis-condamne-a-huit-mois-de-prison-avec-sursis_6762874.html,L'ex-numéro un du PS Jean-Christophe Cambadélis condamné à huit mois de prison avec sursis,https://poligraph.fr/affaires/jean-christophe-cambadelis-detournement-de-fonds-publics,2026-01-18T18:39:36.054Z,2026-09-16T09:06:42.290Z,PENAL
AF-000037,claude-pradille-corruption,Condamnation de Claude Pradille pour corruption et détournement de fonds publics,PG-000629,claude-pradille,Claude Pradille,PS,Parti socialiste,Gauche,PS,Parti socialiste,Condamnation définitive,CONDAMNATION_DEFINITIVE,Corruption,CORRUPTION,Critique,CRITIQUE,Mis en cause,DIRECT,oui,1983-01-01,,1995-07-12,46000,,,36,,,non,"5 ans de prison (peine max), 300 000 francs d'amende, 5 ans d'inéligibilité","Remboursement de 1,4 à 1,5 million d'euros au profit de l'Office HLM du Gard. Confiscation de l'intégralité des biens immobiliers (château à Caveirac évalué à 750.000 euros). Assignation à résidence avec bracelet électronique pour l'exécution de la peine.","Tribunal correctionnel de Nîmes (première instance 1995), Cour d'appel de Nîmes (appel 2019 et 2021)",,"Claude Pradille, ancien sénateur socialiste du Gard (1988-1997) et ancien directeur de l'Office HLM du Gard, a été condamné en première instance en juillet 1995 à trois ans de prison ferme pour corruption, faux et usage de faux, complicité d'escroquerie et subornation de témoins, après un rapport accablant de la Cour des comptes. Il était reconnu coupable du détournement de 1,4 à 1,5 million d'euros au détriment de l'Office HLM, avec obligation de remboursement. Ayant organisé son insolvabilité en transférant ses biens (dont un château à Caveirac) à sa fille et son ex-gendre entre 2006 et 2010, il a été condamné en appel en 2019 puis en 2021 à deux ans de prison ferme pour organisation frauduleuse d'insolvabilité, avec confiscation de ses biens immobiliers. Sa déchéance de mandat sénatorial a été constatée par le Conseil constitutionnel en septembre 1997.",5,https://www.universalis.fr/evenement/24-mai-1995-condamnation-du-senateur-p-s-claude-pradille,Condamnation du sénateur Claude Pradille,https://poligraph.fr/affaires/claude-pradille-corruption,2026-01-18T14:18:26.165Z,2026-07-26T22:48:13.541Z,PENAL
AF-000036,patrick-balkany-prise-illegale-d-interets,Prise illégale d'intérêts,PG-000628,patrick-balkany,Patrick Balkany,LR,Les Républicains,Droite,,,Condamnation définitive,CONDAMNATION_DEFINITIVE,Prise illégale d'intérêts,PRISE_ILLEGALE_INTERETS,Grave,GRAVE,Mis en cause,DIRECT,oui,1985-01-01,1996-05-01,1998-05-07,30490,15,0,24,,,non,"15 mois de prison avec sursis, 200 000 FF d'amende, 2 ans d'inéligibilité",,Cour de cassation,,"Patrick Balkany, figure du Rassemblement pour la République, a été poursuivi pour prise illégale d'intérêts relatifs à des faits remontant à 1985. La prise illégale d'intérêts constitue une infraction commise par un agent public qui utilise sa fonction pour se procurer un intérêt personnel ou faire profiter un tiers. Les investigations ont établi que Patrick Balkany avait commis des actes contraires à ses obligations légales durant ses fonctions. Le dossier a suivi le parcours judiciaire classique, remontant jusqu'à la Cour de cassation qui a tranché définitivement sur cette affaire. Le 7 mai 1998, la haute juridiction a prononcé une condamnation définitive à l'encontre de Patrick Balkany. Le verdict a ordonné une peine de 15 mois de prison avec sursis, une amende de 30 490 euros et 24 mois d'inéligibilité. Ces sanctions reflètent la gravité des infractions retenues tout en accordant le bénéfice du sursis pour la part carcérale. L'inéligibilité a temporairement interdit l'accès aux mandats électifs. Cette condamnation, entrée en force définitivement, demeure un élément significatif du parcours politique de Patrick Balkany.",2,https://www.franceinfo.fr/politique/la-justice-accorde-une-liberte-conditionnelle-a-patrick-balkany-condamne-pour-plusieurs-delits-financiers_7739317.html,"La justice accorde une liberte conditionnelle a Patrick Balkany, condamne pour plusieurs delits financiers",https://poligraph.fr/affaires/patrick-balkany-prise-illegale-d-interets,2026-01-18T14:18:24.986Z,2026-07-31T16:31:27.319Z,PENAL
AF-000035,alain-carignon-abus-de-biens-sociaux,Abus de biens sociaux,PG-000627,alain-carignon,Alain Carignon,LR,Les Républicains,Droite,,,Condamnation définitive,CONDAMNATION_DEFINITIVE,Abus de biens sociaux,ABUS_BIENS_SOCIAUX,Grave,GRAVE,Mis en cause,DIRECT,non,1989-01-01,1995-11-16,1997-10-27,,60,48,60,,,non,"5 ans de prison (4 ferme + 1 sursis), 400 000 FF d'amende, 5 ans d'inéligibilité","4 ans ferme, 1 an avec sursis. 400 000 FF d'amende. 5 ans d'inéligibilité",Cour de cassation (rejet pourvoi),,"Alain Carignon, ancien ministre de l'Environnement du Rassemblement pour la République, a été condamné pour abus de biens sociaux concernant la gestion de la Lyonnaise des Eaux, où il occupait une position influente. Les faits remontent à 1989. Carignon aurait détourné des ressources de la société à des fins personnelles, notamment en utilisant les finances de l'entreprise pour financer des activités ou des bénéfices privés sans justification légitime. L'instruction judiciaire a établi que la gestion des biens de la Lyonnaise des Eaux n'avait pas respecté les obligations légales, et que le politicien avait agi en violation de ses responsabilités de contrôle et de surveillance. Cette affaire s'inscrit dans un contexte plus large d'accusations de malversations financières visant Carignon, dont notamment l'affaire de corruption et abus de biens sociaux concernant l'eau de Grenoble. Le tribunal a rendu son verdict le 27 octobre 1997, confirmé par la Cour de cassation au rejet du pourvoi, donnant un caractère définitif à la condamnation. Carignon a reçu une peine de 60 mois de prison ferme, assortie de 60 mois d'inéligibilité, d'une amende de 400 000 francs français, et d'une peine d'inéligibilité totale de 5 ans. Cette condamnation définitive a marqué la fin du parcours politique de Carignon au sein du Rassemblement pour la République.",2,https://www.franceinfo.fr/elections/municipales/elections-municipales-2026-alain-carignon-condamne-pour-corruption-va-tenter-de-reconquerir-grenoble_7294140.html,"Municipales 2026 : a Grenoble, l'ancien maire Alain Carignon va tenter de reconquerir la ville",https://poligraph.fr/affaires/alain-carignon-abus-de-biens-sociaux,2026-01-18T14:18:24.035Z,2026-08-01T14:17:20.976Z,PENAL
AF-000034,alain-carignon-subornation-de-temoin,Subornation de témoin,PG-000627,alain-carignon,Alain Carignon,LR,Les Républicains,Droite,,,Condamnation définitive,CONDAMNATION_DEFINITIVE,Autre,AUTRE,Significatif,SIGNIFICATIF,Mis en cause,DIRECT,non,1989-01-01,1995-11-16,1997-10-27,,,,,,,non,"Peine globale de la condamnation Dauphiné News (corruption passive, recel d'abus de biens sociaux et subornation de témoin): 5 ans de prison dont 1 an avec sursis, 400 000 francs d'amende et 5 ans d'inéligibilité. Non ventilable sur le seul chef de subornation. Définitive (Cour de cassation, 27 octobre 1997).",,Cour de cassation (rejet pourvoi),,"Alain Carignon, membre du Rassemblement pour la République au moment des faits, a été condamné pour subornation de témoin. Cette infraction s'inscrit dans le contexte des démêlés judiciaires multiples du personnage politique, notamment liés à son administration de la ville de Grenoble. Les faits reprochés remontent à 1989. La subornation de témoin, qui consiste à inciter ou corrompre une personne à modifier ou dissimuler son témoignage, a été retenue contre le politicien. Après instruction et jugement en première instance, le dossier a suivi la procédure d'appel avant d'être saisi en pourvoi en cassation. La Cour de cassation a rejeté le pourvoi le 27 octobre 1997, confirmant ainsi la culpabilité et rendant la condamnation définitive. Le tribunal a prononcé une peine globale de 5 ans de prison, dont 1 an assorti du sursis, une amende de 400 000 francs français, et 5 ans d'inéligibilité. Cette peine d'inéligibilité revêt une dimension politique majeure, interdisant au condamné d'exercer des fonctions électives pendant cette période. Cette condamnation s'ajoute à d'autres poursuites judiciaires visant Alain Carignon, notamment en matière d'abus de biens sociaux et de corruption liée à la gestion de l'eau à Grenoble.",2,https://www.ina.fr/ina-eclaire-actu/alain-carignon-affaire-corruption-homme-politique-grenoble-elections-municipales,Retour sur l'affaire Alain Carignon,https://poligraph.fr/affaires/alain-carignon-subornation-de-temoin,2026-01-18T14:18:23.581Z,2026-07-24T10:21:37.683Z,PENAL
AF-000033,alain-juppe-prise-illegale-d-interets,Prise illégale d'intérêts,PG-000624,alain-juppe,Alain Juppé,LR,Les Républicains,Droite,LR,Les Républicains,Condamnation définitive,CONDAMNATION_DEFINITIVE,Prise illégale d'intérêts,PRISE_ILLEGALE_INTERETS,Critique,CRITIQUE,Mis en cause,DIRECT,oui,1988-01-01,,2004-12-01,,14,0,12,,,non,"14 mois de prison avec sursis, 1 an inéligibilité",,Cour d appel de Versailles,,"Alain Juppé, secrétaire général des Républicains de 1988 à 1994, a été condamné en définitive pour prise illégale d'intérêts dans l'affaire des emplois fictifs de la mairie de Paris. Durant ses années à la tête du parti gaulliste, Juppé a mis en place un système de financement du RPR par la collectivité parisienne. Sept permanents du parti étaient rémunérés directement par la Ville de Paris alors qu'ils n'y exerçaient aucune fonction réelle, constituant un détournement de fonds publics à titre privé. La Cour d'appel de Versailles a rendu son verdict définitif le 1er décembre 2004. Juppé a été condamné à quatorze mois de prison avec sursis et à douze mois d'inéligibilité. Cette condamnation définitive a mis fin aux poursuites et appels engagés antérieurement dans cette affaire, qui a profondément marqué le paysage politique français en révélant les pratiques de financement occulte des partis politiques à la fin du XXe siècle. La sentence s'inscrit dans le cadre des investigations judiciaires menées sur le financement politique, ayant aussi touché d'autres responsables parisiens impliqués dans des systèmes d'emplois fictifs à titre personnel.",3,https://www.ina.fr/ina-eclaire-actu/video/2716231001002/emplois-fictifs-de-la-ville-de-paris-alain-juppe-condamne-en-appel-mais-peine-allegee,Alain Juppé condamné en appel,https://poligraph.fr/affaires/alain-juppe-prise-illegale-d-interets,2026-01-18T14:18:20.210Z,2026-09-01T16:35:53.004Z,PENAL
AF-000032,jacques-masdeu-arus-corruption,Corruption,PG-000621,jacques-masdeu-arus,Jacques Masdeu-Arus,,,,,,Condamnation définitive,CONDAMNATION_DEFINITIVE,Corruption,CORRUPTION,Critique,CRITIQUE,Mis en cause,DIRECT,oui,1998-01-01,,2009-05-20,75000,24,0,60,,,non,"2 ans de prison avec sursis, 75 000 € d'amende, 5 ans de privation des droits civiques",,Cour de cassation (rejet pourvoi),,"Jacques Masdeu-Arus, membre du Rassemblement pour la République au moment des faits, a été condamné en définitive pour des infractions commises entre 1998 et 2001. Au cours de cette période, la société AINETT a versé à l'élu des enveloppes contenant de l'argent liquide en contrepartie de l'attribution de marchés publics. Ces flux financiers directs constituent le fondement de la corruption passive reprochée. Jacques Masdeu-Arus a également été poursuivi pour recel d'abus de biens sociaux, les fonds en question provenant de détournements au sein de la structure privée. Le dossier a suivi le circuit judiciaire normal : après les investigations initiales, l'affaire a été portée devant les tribunaux. Un jugement de culpabilité a été prononcé, suivi d'appels. La Cour de cassation, saisie en dernier ressort, a rejeté le pourvoi le 20 mai 2009, rendant la condamnation définitive. La sentence prononcée combine une peine d'emprisonnement de 24 mois assortie d'un sursis, une amende de 75 000 euros et une période d'inéligibilité de 60 mois. Cette dernière sanction a entraîné automatiquement la déchéance de son mandat de député. Cette condamnation définitive marque l'aboutissement d'une procédure pénale portant sur des malversations impliquant des deniers publics et des ententes entre secteurs public et privé.",3,https://fr.wikipedia.org/wiki/Affaire_B%C3%A9dier,Affaire Bédier - Wikipédia,https://poligraph.fr/affaires/jacques-masdeu-arus-corruption,2026-01-18T14:18:17.377Z,2026-07-31T16:31:26.925Z,PENAL
AF-000031,jacques-chirac-detournement-de-fonds,Condamnation de Jacques Chirac pour détournement de fonds publics dans l'affaire des emplois fictifs de la Ville de Paris,PG-000620,jacques-chirac,Jacques Chirac,,,,,,Condamnation définitive,CONDAMNATION_DEFINITIVE,Détournement de fonds publics,DETOURNEMENT_FONDS_PUBLICS,Critique,CRITIQUE,Mis en cause,DIRECT,oui,1990-10-01,,2011-12-15,0,24,0,0,,0,non,2 ans de prison avec sursis,Aucun enrichissement personnel reconnu par le tribunal,Tribunal correctionnel de Paris,,"Le 15 décembre 2011, Jacques Chirac a été condamné à deux ans de prison avec sursis par le tribunal correctionnel de Paris pour détournement de fonds publics, abus de confiance et prise illégale d'intérêts dans l'affaire des emplois fictifs de la Ville de Paris. Les faits portent sur une vingtaine d'emplois litigieux au sein de la mairie entre 1990 et 1995, quand Jacques Chirac était maire de la capitale et préparait l'élection présidentielle de 1995. L'ancien président, alors âgé de 79 ans et protégé durant son mandat par l'immunité présidentielle, a déclaré qu'il ne ferait pas appel bien qu'il conteste le jugement, rendant la condamnation définitive. Il est devenu ainsi le premier président de la République française condamné par la justice.",6,https://www.franceinfo.fr/politique/jacques-chirac/mort-de-jacques-chirac-de-la-plainte-d-un-contribuable-a-une-condamnation-historique-retour-sur-l-affaire-des-emplois-fictifs-a-la-mairie-de-paris_3634585.html,Jacques Chirac condamné - emplois fictifs,https://poligraph.fr/affaires/jacques-chirac-detournement-de-fonds,2026-01-18T14:18:16.724Z,2026-07-31T16:31:27.742Z,PENAL
AF-000030,julien-sanchez-incitation-a-la-haine-raciale,Condamnation de Julien Sanchez par la CEDH pour incitation à la haine,PG-000617,julien-sanchez,Julien Sanchez,RN,Rassemblement National,Extrême droite,RN,Rassemblement National,Condamnation définitive,CONDAMNATION_DEFINITIVE,Incitation à la haine,INCITATION_HAINE,Critique,CRITIQUE,Mis en cause,DIRECT,oui,,,2023-05-15,4000,,,,,,non,4 000€ d'amende dont 3 000€ pour provocation à la haine,,Cour européenne des droits de l'homme (CEDH),,"Julien Sanchez, élu du Rassemblement National, a été condamné par la Cour européenne des droits de l'homme (CEDH) pour ne pas avoir modéré des commentaires haineux contre les musulmans publiés sur le mur de son compte Facebook public. La CEDH a relevé qu'en ayant rendu public l'accès au mur de son compte Facebook et autorisé ses amis à y publier des commentaires, il ne pouvait ignorer les contenus haineux compte tenu du contexte local. Cette condamnation intervenue en mai 2023 n'est pas la première pour l'élu RN devant cette juridiction européenne. La responsabilité de Sanchez a été retenue en tant que gestionnaire d'un espace public de discussion en ligne.",3,https://fr.wikipedia.org/wiki/Julien_Sanchez,Wikidata - Julien Sanchez,https://poligraph.fr/affaires/julien-sanchez-incitation-a-la-haine-raciale,2026-01-18T14:18:13.997Z,2026-02-21T02:14:21.325Z,PENAL
AF-000028,sylvie-andrieux-detournement-de-fonds-publics,Détournement de fonds publics,PG-000616,sylvie-andrieux,Sylvie Andrieux,PS,Parti socialiste,Gauche,PS,Parti socialiste,Condamnation définitive,CONDAMNATION_DEFINITIVE,Détournement de fonds publics,DETOURNEMENT_FONDS_PUBLICS,Critique,CRITIQUE,Mis en cause,DIRECT,oui,2005-01-01,,2016-11-09,100000,48,12,60,,,non,"4 ans de prison dont 3 avec sursis, 100 000€ d'amende, 5 ans d'inéligibilité",,Cour de cassation (rejet pourvoi),,"Sylvie Andrieux, conseillère régionale du Parti socialiste, a été condamnée en 2016 pour détournement de fonds publics commis entre 2005 et 2008 lors de son mandat. Les faits Entre 2005 et 2008, Andrieux a distribué 700 000 euros de subventions régionales à des associations fictives. Cette escroquerie s'est opérée via la falsification de factures, permettant de justifier des virements publics vers des structures inexistantes. Les investigations ont révélé l'absence de contrôle suffisant sur les bénéficiaires désignés et la carence dans la vérification des documents justificatifs. Procédure judiciaire Mise en examen pour détournement de fonds publics, Andrieux a d'abord été jugée en première instance. Condamnée, elle a formé un pourvoi en cassation. La Cour de cassation a rejeté ce pourvoi le 9 novembre 2016, confirmant la condamnation définitive. Verdict et sanctions La juridiction a prononcé une peine de 48 mois de prison ferme, une amende de 100 000 euros et une inéligibilité de 60 mois. Ces sanctions reflètent la gravité du détournement de deniers publics et le manquement aux obligations fiduciaires attachées à la fonction élective.",3,https://fr.wikipedia.org/wiki/Sylvie_Andrieux,Wikidata - Sylvie Andrieux,https://poligraph.fr/affaires/sylvie-andrieux-detournement-de-fonds-publics,2026-01-18T14:18:12.437Z,2026-09-01T16:35:52.649Z,PENAL
AF-000027,claude-gueant-detournement-de-fonds,Détournement de fonds,PG-000600,claude-gueant,Claude Guéant,LR,Les Républicains,Droite,LR,Les Républicains,Condamnation définitive,CONDAMNATION_DEFINITIVE,Détournement de fonds publics,DETOURNEMENT_FONDS_PUBLICS,Critique,CRITIQUE,Mis en cause,DIRECT,oui,2002-01-01,,2019-01-16,75000,24,12,,,,non,"2 ans de prison dont 1 ferme, 75 000€ d'amende, 5 ans interdiction fonction publique",,Cour de cassation (rejet pourvoi),,"Claude Guéant, alors haut fonctionnaire au sein de la police nationale, était membre des Républicains. Entre 2002 et 2004, il s'est attribué mensuellement 5 000 € en primes versées en liquide, prélevées sur les frais d'enquête de la police. Cette pratique s'inscrivait dans une utilisation contestée des fonds publics dédiés aux opérations policières. Les enquêtes ont établi que ces versements réguliers constituaient un détournement systématique de deniers publics sur une période de deux ans. La procédure judiciaire s'est déroulée sur plusieurs années, passant par les juridictions inférieures avant d'être portée en pourvoi devant la Cour de cassation. Le 16 janvier 2019, la Cour de cassation a rejeté le pourvoi, confirmant ainsi la condamnation définitive. Guéant a été condamné à 24 mois de prison ferme et 75 000 € d'amende pour détournement de fonds publics. Cette décision marque l'aboutissement d'une procédure judiciaire de longue durée, la condamnation devenant définitive après l'épuisement des voies de recours. Cette affaire s'ajoute à d'autres procédures pénales le visant, comme l'affaire de favoritisme.",3,https://fr.wikipedia.org/wiki/Claude_Gu%C3%A9ant,Wikidata - Claude Guéant,https://poligraph.fr/affaires/claude-gueant-detournement-de-fonds,2026-01-18T14:18:11.851Z,2026-09-01T16:35:52.309Z,PENAL
AF-000026,jerome-cahuzac-fraude-fiscale,Fraude fiscale et blanchiment - compte cache en Suisse et a Singapour,PG-000615,jerome-cahuzac,Jérôme Cahuzac,PS,Parti socialiste,Gauche,PS,Parti socialiste,Condamnation définitive,CONDAMNATION_DEFINITIVE,Fraude fiscale,FRAUDE_FISCALE,Grave,GRAVE,Mis en cause,DIRECT,non,1992-01-01,,2018-05-15,300000,48,24,60,,,non,"4 ans de prison dont 2 avec sursis, 300 000€ amende, 5 ans inéligibilité",4 ans dont 2 ans ferme et 2 ans avec sursis. Aménagement de peine accordé.,Cour d appel de Paris,,"Jérôme Cahuzac, ministre du Budget de 2012 à 2013 au sein du gouvernement Socialistes et apparentés, a été condamné en appel pour fraude fiscale et blanchiment de fraude fiscale. Les faits reprochés couvrent la période 1992-2012, période durant laquelle le politicien aurait dissimulé un compte bancaire à l'étranger en Suisse. Cette dissimulation revêt une charge politique particulière : Cahuzac était alors ministre chargé de la lutte contre la fraude fiscale au sein du ministère du Budget, position depuis laquelle il prônait publiquement la transparence fiscale et la lutte contre l'évasion fiscale. La révélation publique de cette affaire, en 2013, a provoqué une crise politique majeure, conduisant à sa démission du gouvernement. L'enquête judiciaire a établi l'existence du compte caché maintenu pendant plus de 20 ans. La Cour d'appel de Paris a rendu son jugement définitif le 15 mai 2018, confirmant la culpabilité. Cahuzac a été condamné à 4 ans d'emprisonnement (2 ans ferme, 2 ans avec sursis), à une amende de 300 000 euros, et à 60 mois d'inéligibilité. Un aménagement de peine a été accordé, permettant une exécution partielle de la peine en détention.",3,https://fr.wikipedia.org/wiki/J%C3%A9r%C3%B4me_Cahuzac,Wikidata - Jérôme Cahuzac,https://poligraph.fr/affaires/jerome-cahuzac-fraude-fiscale,2026-01-18T14:18:11.386Z,2026-09-01T16:35:51.962Z,PENAL
AF-000021,jean-noel-guerini-prise-illegale-d-interets,Prise illégale d'intérêts,PG-000605,jean-noel-guerini,Jean-Noël Guérini,PS,Parti socialiste,Gauche,PS,Parti socialiste,Condamnation définitive,CONDAMNATION_DEFINITIVE,Prise illégale d'intérêts,PRISE_ILLEGALE_INTERETS,Critique,CRITIQUE,Mis en cause,DIRECT,oui,2004-01-01,2011-09-08,2024-03-13,30000,36,18,60,,,non,"3 ans de prison (18 mois ferme aménagés, 18 mois sursis), 30 000 € d'amende, 5 ans d'inéligibilité",18 mois ferme (aménagé en détention à domicile) + 18 mois avec sursis,Cour de cassation,,"Jean-Noël Guérini, membre du Parti socialiste, a été définitivement condamné pour prise illégale d'intérêts suite à des faits datant de 2004. L'affaire reposait sur des accusations de trucage de marchés publics et sur la préemption d'un terrain destinée à favoriser son frère. La Cour de cassation a rejeté le pourvoi le 13 mars 2024, confirmant ainsi la condamnation prononcée en première instance. Cette décision rend la condamnation définitive et inattaquable. Les peines prononcées sont substantielles : 36 mois de prison ferme, 30 000 euros d'amende, et 60 mois d'inéligibilité. La peine carcérale a été partiellement aménagée en détention à domicile pour 18 mois, les 18 autres mois étant accordés avec sursis. Confronté à cette condamnation définitive, Jean-Noël Guérini a démissionné de son mandat de sénateur, mettant ainsi fin à ses responsabilités électives. Cette affaire constitue l'une des plus importantes condamnations de personnalités politiques françaises pour des infractions de cette nature durant cette période.",3,https://www.francebleu.fr/infos/faits-divers-justice/marches-truques-jean-noel-guerini-est-definitivement-condamne-a-trois-ans-de-prison-et-cinq-ans-d-ineligibilite-3165433,Jean-Noel Guerini definitivement condamne a trois ans de prison et cinq ans d'ineligibilite,https://poligraph.fr/affaires/jean-noel-guerini-prise-illegale-d-interets,2026-01-18T14:17:58.503Z,2026-09-01T16:35:51.627Z,PENAL
AF-000020,georges-tron-viol,Viol,PG-000604,georges-tron,Georges Tron,LR,Les Républicains,Droite,,,Condamnation définitive,CONDAMNATION_DEFINITIVE,Agression sexuelle,AGRESSION_SEXUELLE,Critique,CRITIQUE,Mis en cause,DIRECT,non,2009-11-01,,2021-12-08,,60,36,72,,,non,"5 ans de prison dont 3 ans ferme, 6 ans d'inéligibilité",,Cour d'assises d'appel de Paris,,"Georges Tron, membre du Rassemblement pour la République à l'époque des faits, maire de Draveil depuis 1995, a été condamné pour des violences sexuelles commises dans l'exercice de ses fonctions. Entre novembre 2009 et janvier 2010, deux employées municipales ont été victimes de viol et d'agressions sexuelles lors de séances présentées comme de la réflexologie plantaire. Ces actes ont été commis dans le contexte d'une relation de pouvoir lié à la position de maire. L'affaire a d'abord été jugée en première instance, puis examinée en appel devant la Cour d'assises d'appel de Paris. Par décision du 8 décembre 2021, le pourvoi en cassation formé par la défense a été rejeté, rendant la condamnation définitive. Georges Tron a reçu une peine de 60 mois de prison ferme et une interdiction d'exercer des fonctions électives d'une durée de 72 mois. Cette inéligibilité a mis un terme à son engagement politique au sein des Républicains, formation dont il était devenu membre par la suite.",3,https://www.franceinfo.fr/societe/justice/proces-de-georges-tron/son-pourvoi-rejete-georges-tron-definitivement-condamne-pour-viol-et-agressions-sexuelles_4874007.html,Georges Tron définitivement condamné pour viol,https://poligraph.fr/affaires/georges-tron-viol,2026-01-18T14:17:57.595Z,2026-09-01T16:35:51.293Z,PENAL
AF-000019,francois-leotard-complicite,Complicité,PG-000603,francois-leotard,François Léotard,,,,PR,Parti républicain,Condamnation définitive,CONDAMNATION_DEFINITIVE,Autre,AUTRE,Significatif,SIGNIFICATIF,Mis en cause,DIRECT,non,1993-01-01,2021-03-04,2021-06-04,100000,24,0,,,,non,"2 ans de prison avec sursis, 100 000 € d'amende",,Cour de justice de la République,,"François Léotard, homme politique du Parti républicain, a été impliqué dans le volet financier de l'affaire Karachi, vaste scandale de corruption touchant à des contrats d'armement conclus avec le Pakistan et l'Arabie Saoudite dans les années 1990. La procédure portait spécifiquement sur la complicité d'abus de biens sociaux concernant des commissions versées lors de ces opérations commerciales. Léotard était poursuivi pour sa participation directe dans ce système de détournement de fonds liés aux transactions d'équipements militaires. Jugé par la Cour de justice de la République — juridiction compétente pour les ministres en exercice ou anciens ministres — Léotard a vu sa culpabilité établie définitivement par verdict du 4 juin 2021. Le jugement lui a imposé 24 mois de prison avec sursis et une amende de 100 000 euros, reflétant la gravité des faits reconnus tout en modérant la peine par le sursis. Cette condamnation intervient après plus de deux décennies d'investigations relatives à l'affaire Karachi, dossier emblématique de la corruption dans les marchés d'armement français. Elle marque la conclusion d'une procédure judiciaire complexe engagée sur des faits remontant à 1993.",3,https://france3-regions.franceinfo.fr/provence-alpes-cote-d-azur/var/frejus-et-saint-raphael/affaire-karachi-l-ancien-maire-de-frejus-francois-leotard-est-condamne-a-deux-ans-de-prison-avec-sursis-1983244.html,Affaire Karachi : Francois Leotard condamne a deux ans de prison avec sursis,https://poligraph.fr/affaires/francois-leotard-complicite,2026-01-18T14:17:55.772Z,2026-09-01T16:35:50.971Z,PENAL
AF-000017,michel-fanget-escroquerie,Escroquerie,PG-000601,michel-fanget,Michel Fanget,MoDem,Mouvement démocrate,Centre,MoDem,Mouvement démocrate,Condamnation définitive,CONDAMNATION_DEFINITIVE,Abus de confiance,ABUS_CONFIANCE,Grave,GRAVE,Mis en cause,DIRECT,non,,,2022-05-18,2000,6,0,24,,,non,"2 000€ d'amende, 2 ans d'inéligibilité (exécution provisoire)",,Cour d'appel de Riom,,"Michel Fanget, membre du Mouvement démocrate, a été condamné en appel pour complicité d'escroquerie au préjudice de la Caisse primaire d'assurance maladie (CPAM) du Puy-de-Dôme. La juridiction compétente, la Cour d'appel de Riom, a rendu sa décision en mai 2022. Fanget a été reconnu complice dans un schéma d'escroquerie touchant une institution de sécurité sociale, relevant ainsi de l'abus de confiance. La peine prononcée comprend six mois de prison avec sursis, une amende de 2000 euros et une inéligibilité de 24 mois, sanction qui revêt une importance particulière pour un élu du Mouvement démocrate. Cette dernière l'empêche d'exercer certains mandats électifs pendant cette période. Un pourvoi en cassation a été formé le 18 mai 2022. La condamnation est définitive.",3,https://www.francebleu.fr/infos/politique/michel-fanget-1652864429,"Condamné en appel à deux ans d'inéligibilité, le député puydômois Michel Fanget maintient sa candidature",https://poligraph.fr/affaires/michel-fanget-escroquerie,2026-01-18T14:17:52.269Z,2026-09-06T14:26:56.271Z,PENAL
AF-000015,benoit-simian-harcelement-moral,Condamnation de Benoît Simian pour harcèlement moral sur son ex-épouse,PG-000599,benoit-simian,Benoît Simian,PS,Parti socialiste,Gauche,PS,Parti socialiste,Appel en cours,APPEL_EN_COURS,Harcèlement moral,HARCELEMENT_MORAL,Grave,GRAVE,Mis en cause,DIRECT,non,2020-04-01,,2022-06-23,5000,8,0,0,,,non,"8 mois de prison avec sursis, 5 000€ de dommages et intérêts, interdiction d'approcher son ex-compagne",1 200 euros de frais d'avocats à verser à la victime,Tribunal correctionnel de Bordeaux,,"Benoît Simian, ancien député LREM puis Libertés et Territoires de la Gironde (2017-2022), a été condamné en juin 2022 par le tribunal correctionnel de Bordeaux à huit mois de prison avec sursis pour harcèlement moral envers son ex-épouse Soraya Messaoudi. Le parquet avait relevé une quarantaine d'actes malveillants dans le cadre de leur séparation houleuse au printemps 2020 : tags sur la boîte aux lettres, vol de poubelles, coupures d'eau et d'électricité, destruction de caméras. La victime avait dû être équipée d'un téléphone grave danger. Protégé par son immunité parlementaire (l'Assemblée nationale ayant refusé de la lever en décembre 2020), le député n'avait pas pu être placé en garde à vue durant l'instruction. Il a été condamné à verser 5 000 euros de préjudice moral et 1 200 euros de frais d'avocats à son ex-épouse, et a interjeté appel de cette décision.",7,https://www.francebleu.fr/infos/faits-divers-justice/gironde-benoit-simian-condamne-a-huit-mois-de-prison-avec-sursis-pour-harcelement-1655990415,Benoît Simian condamné à huit mois de prison avec sursis pour harcèlement,https://poligraph.fr/affaires/benoit-simian-harcelement-moral,2026-01-18T14:17:51.026Z,2026-07-31T16:31:27.614Z,PENAL
AF-000009,eric-zemmour-injure,Condamnation pour injure envers les mineurs isoles etrangers,PG-000588,eric-zemmour,Éric Zemmour,REC,Reconquête,Extrême droite,,,Condamnation définitive,CONDAMNATION_DEFINITIVE,Injure,INJURE,Significatif,SIGNIFICATIF,Mis en cause,DIRECT,non,2020-09-29,,2025-12-02,10000,,,,,,non,100 jours-amende de 100€ (10 000€),,Cour de cassation (rejet pourvoi),,"Éric Zemmour, alors journaliste et figure du courant réactionnaire français, dirigeant de Reconquête, a été condamné en définitive pour complicité d'injure publique et provocation à la haine. Les faits remontent au 29 septembre 2020, lorsque Zemmour a tenu des propos sur les mineurs isolés étrangers lors d'une intervention sur la chaîne CNews. Ces déclarations, jugées injurieuses et incitatives envers des mineurs vulnérables, ont donné lieu à des poursuites judiciaires. Condamné en première instance, Éric Zemmour a formé un pourvoi en cassation, lequel a été rejeté le 2 décembre 2025. Cette décision met fin à tous les recours possibles et rend la condamnation définitive. Le tribunal a prononcé une peine de 10 000 euros d'amende. Cette affaire s'inscrit dans un pattern récurrent : Éric Zemmour a précédemment été condamné pour provocation à la discrimination raciale (2011) et provocation à la haine religieuse envers les musulmans (2016), témoignant de condamnations répétées pour des propos publics polémiques.",4,https://www.franceinfo.fr/politique/eric-zemmour/eric-zemmour-definitivement-condamne-pour-des-propos-racistes-en-2019_7497130.html,Éric Zemmour définitivement condamné,https://poligraph.fr/affaires/eric-zemmour-injure,2026-01-18T14:17:40.506Z,2026-09-01T16:35:50.648Z,PENAL
AF-000006,marie-christine-arnautu-detournement-de-fonds-publics,Détournement de fonds publics,PG-000585,marie-christine-arnautu,Marie-Christine Arnautu,RN,Rassemblement National,Extrême droite,RN,Rassemblement National,Condamnation définitive,CONDAMNATION_DEFINITIVE,Détournement de fonds publics,DETOURNEMENT_FONDS_PUBLICS,Critique,CRITIQUE,Mis en cause,DIRECT,oui,,,2025-03-31,,18,0,36,,,non,"18 mois de prison avec sursis, 3 ans d'inéligibilité avec sursis",,Tribunal correctionnel de Paris,,"Marie-Christine Arnautu, élue du Rassemblement National, a été définitivement condamnée pour détournement de fonds publics. Cette condamnation intervient dans le contexte des affaires judiciaires ayant touché le groupe parlementaire du parti au cours des dernières années. Le tribunal correctionnel de Paris a reconnu les faits de détournement de fonds publics et a prononcé une peine de 18 mois d'emprisonnement avec sursis, ainsi qu'une inéligibilité de 36 mois. Cette dernière sanction emporte une conséquence politique directe, interdisant à la condamnée l'accès à des fonctions électives pendant trois ans. Le jugement est définitif depuis le 31 mars 2025, mettant fin à la procédure judiciaire sur ce dossier. La condamnation s'inscrit dans une série de poursuites ayant ciblé les gestionnaires et élus de groupes parlementaires pour des malversations financières, reflétant les tensions autour de la gestion des fonds publics alloués aux activités politiques et parlementaires. Cette affaire illustre les mécanismes de contrôle et de responsabilisation des élus en matière de gestion des deniers publics, ainsi que les implications électorales potentielles des condamnations judiciaires en matière d'inéligibilité.",3,https://www.franceinfo.fr/politique/front-national/affaire-des-assistants-fn-au-parlement-europeen/marine-le-pen-louis-aliot-julien-odoul-on-a-liste-les-25-condamnations-a-l-issue-du-proces-des-assistants-parlementaires-du-fn_7162527.html,On a liste les 25 condamnations a l'issue du proces des assistants parlementaires du FN,https://poligraph.fr/affaires/marie-christine-arnautu-detournement-de-fonds-publics,2026-01-18T14:17:36.840Z,2026-09-06T14:26:56.113Z,PENAL
AF-000005,marie-christine-boutonnet-detournement-de-fonds-publics,Détournement de fonds publics,PG-000584,marie-christine-boutonnet,Marie-Christine Boutonnet,,,,RN,Rassemblement National,Condamnation définitive,CONDAMNATION_DEFINITIVE,Détournement de fonds publics,DETOURNEMENT_FONDS_PUBLICS,Critique,CRITIQUE,Mis en cause,DIRECT,oui,,,2025-03-31,,18,0,36,,,non,"18 mois de prison avec sursis, 3 ans d'inéligibilité avec sursis",,Tribunal correctionnel de Paris,,"Marie-Christine Boutonnet, membre du Rassemblement National, a été condamnée le 31 mars 2025 par le tribunal correctionnel de Paris pour détournement de fonds publics. Cette condamnation définitive intervient dans le contexte des affaires judiciaires qui ont fragilisé la formation politique du Rassemblement National ces dernières années. Le tribunal a prononcé une peine de 18 mois d'emprisonnement avec sursis, assortie d'une interdiction d'exercer un mandat électif pendant 36 mois. Cette sanction reflète la gravité des faits reprochés, à savoir l'utilisation frauduleuse de fonds publics. La condamnation définitive met un terme à la procédure judiciaire engagée contre Marie-Christine Boutonnet. La peine prononcée, bien que non exécutée en détention immédiate, prive l'intéressée de ses droits politiques pendant trois années. Cette interdiction d'éligibilité représente une conséquence majeure pour la carrière politique de l'élue. Cette affaire s'inscrit dans une série de dossiers judiciaires impliquant des cadres du Rassemblement National, révélant des enjeux de gouvernance et de gestion des deniers publics au sein de la formation politique.",3,https://www.publicsenat.fr/actualites/non-classe/assistants-parlementaires-fn-l-eurodeputee-marie-christine-boutonnet-mise-en,Assistants parlementaires FN : l'eurodeputee Marie-Christine Boutonnet mise en examen,https://poligraph.fr/affaires/marie-christine-boutonnet-detournement-de-fonds-publics,2026-01-18T14:17:35.939Z,2026-09-06T14:26:56.175Z,PENAL
AF-000004,dominique-bilde-detournement-de-fonds-publics,Condamnation de Dominique Bilde dans l'affaire des assistants parlementaires du RN,PG-000583,dominique-bilde,Dominique Bilde,RN,Rassemblement National,Extrême droite,RN,Rassemblement National,Condamnation définitive,CONDAMNATION_DEFINITIVE,Détournement de fonds publics,DETOURNEMENT_FONDS_PUBLICS,Critique,CRITIQUE,Mis en cause,DIRECT,oui,,,2025-03-31,0,18,0,36,,,non,"18 mois de prison avec sursis, 3 ans d'inéligibilité avec sursis",Inéligibilité de 3 ans assortie du sursis (pas d'exécution provisoire),Tribunal correctionnel de Paris,,"Dominique Bilde, députée européenne du Rassemblement national de 2014 à 2024 et ancienne conseillère régionale, a été condamnée le 31 mars 2025 par le tribunal correctionnel de Paris à 18 mois de prison avec sursis et trois ans d'inéligibilité avec sursis pour détournement de fonds publics. Cette condamnation intervient dans le cadre du vaste procès des assistants parlementaires du RN, où 25 prévenus sont accusés d'avoir détourné 4,6 millions d'euros de fonds du Parlement européen sur plus de dix ans pour financer les activités du parti. La peine prononcée inclut une inéligibilité assortie du sursis, contrairement à certains autres prévenus pour lesquels l'exécution provisoire a été ordonnée. Dominique Bilde ne figure pas parmi les douze prévenus jugés par la cour d'appel de Paris le 7 juillet 2026. Sa condamnation du 31 mars 2025 est devenue définitive à l'expiration des délais de recours.",4,https://fr.wikipedia.org/wiki/Dominique_Bilde,Wikidata - Dominique Bilde,https://poligraph.fr/affaires/dominique-bilde-detournement-de-fonds-publics,2026-01-18T14:17:35.375Z,2026-09-06T14:26:56.013Z,PENAL
AF-000003,mylene-troszczynski-detournement-de-fonds-publics,Détournement de fonds publics,PG-000582,mylene-troszczynski,Mylène Troszczynski,RN,Rassemblement National,Extrême droite,RN,Rassemblement National,Condamnation définitive,CONDAMNATION_DEFINITIVE,Détournement de fonds publics,DETOURNEMENT_FONDS_PUBLICS,Critique,CRITIQUE,Mis en cause,DIRECT,oui,,,2025-03-31,,18,0,36,,,non,"18 mois de prison avec sursis, 3 ans d'inéligibilité avec sursis",,Tribunal correctionnel de Paris,,"Mylène Troszczynski, membre du Rassemblement National, a été condamnée en première instance pour détournement de fonds publics. Le tribunal correctionnel de Paris a rendu son jugement le 31 mars 2025, établissant que des fonds publics avaient été détournés de leur destination légale. Les faits reprochés relèvent d'une utilisation non conforme de ressources financières relevant du secteur public. La procédure a abouti à une condamnation définitive. Mylène Troszczynski a été condamnée à une peine de 18 mois de prison avec sursis, mesure qui ne implique pas d'emprisonnement ferme. Elle a également reçu une peine complémentaire d'inéligibilité de 36 mois, qui l'empêche d'exercer des mandats politiques pendant cette période. Cette condamnation revêt une importance particulière dans le contexte de la lutte contre la corruption et le détournement de deniers publics. Elle illustre l'application de la sanction pénale aux représentants politiques en cas de malversation avérée. Les peines prononcées combinent des mesures punitives et des restrictions aux droits politiques.",3,https://france3-regions.franceinfo.fr/hauts-de-france/oise/mylene-troszczynski-candidate-rn-aux-elections-senatoriales-2023-de-l-oise-accusee-de-detournement-de-fonds-publics-2845241.html,"Mylene Troszczynski, candidate RN aux senatoriales de l'Oise, accusee de detournement de fonds publics",https://poligraph.fr/affaires/mylene-troszczynski-detournement-de-fonds-publics,2026-01-18T14:17:34.813Z,2026-09-06T14:26:56.347Z,PENAL
AF-000002,brice-hortefeux-association-de-malfaiteurs,Association de malfaiteurs,PG-000579,brice-hortefeux,Brice Hortefeux,LR,Les Républicains,Droite,LR,Les Républicains,Appel en cours,APPEL_EN_COURS,Autre,AUTRE,Significatif,SIGNIFICATIF,Mis en cause,DIRECT,non,,,2025-09-25,50000,24,24,60,,,oui,"2 ans de prison ferme, 50 000 € d'amende, 5 ans d'inéligibilité",,,,"Brice Hortefeux, membre des Républicains, a été condamné le 25 septembre 2025 à 24 mois de prison ferme, 50 000 euros d'amende et 60 mois d'inéligibilité dans l'affaire du financement libyen de la campagne présidentielle de 2007. Cette procédure judiciaire concerne les allégations selon lesquelles des fonds de provenance libyenne auraient contribué au financement de la campagne électorale présidentielle de 2007. Hortefeux était impliqué directement dans ce dossier. La première instance a rendu son jugement le 25 septembre 2025, prononçant les peines mentionnées. La défense a formé un appel, qui fait actuellement l'objet d'une procédure au stade de l'appel. Un procès en appel est prévu du 16 mars au 3 juin 2026. Le verdict initial et les peines prononcées restent sous le régime de l'appel, ce qui signifie que les décisions du tribunal de première instance pourraient être réduites, confirmées ou aggravées lors de cette nouvelle phase de jugement. La sentence d'inéligibilité constitue une mesure d'ordre politique, suspendant temporairement les droits électoraux du condamné.",3,https://www.francebleu.fr/infos/politique/proces-sarkozy-brice-hortefeux-reconnu-coupable-d-association-de-malfaiteurs-3619538,Proces du financement libyen : Brice Hortefeux coupable d'association de malfaiteurs,https://poligraph.fr/affaires/brice-hortefeux-association-de-malfaiteurs,2026-01-18T14:17:32.150Z,2026-09-01T16:35:49.337Z,PENAL
AF-000001,romuald-seels-violences-rodeo-urbain-venette,Condamnation de Romuald Seels pour violences lors d'un rodéo urbain à Venette,PG-000577,romuald-seels,Romuald Seels,,,,,,Condamnation (1ère instance),CONDAMNATION_PREMIERE_INSTANCE,Violence,VIOLENCE,Significatif,SIGNIFICATIF,Mis en cause,DIRECT,non,2024-12-22,,2025-12-12,1000,,,,,,non,"1 000 € d'amende et environ 500 € de dommages et intérêts (tribunal correctionnel de Compiègne, 12 décembre 2025).",,Tribunal correctionnel de Compiègne,,"Le 22 décembre 2024, Romuald Seels, maire de Venette (Oise), tente d'interrompre un rodéo urbain sur le skatepark municipal. La médiation échoue, le motard lui porte un coup de coude à la gorge, et le maire retourne à son véhicule chercher un pistolet de détresse qu'il exhibe pour l'effrayer. Le tribunal correctionnel de Compiègne retient des violences réciproques le 12 décembre 2025 et condamne le maire à 1 000 € d'amende et environ 500 € de dommages et intérêts. Le motard, qui avait porté plainte en affirmant avoir été menacé, a été relaxé. Aucune source publique n'établit l'exercice d'une voie de recours.",3,https://www.wikidata.org/wiki/Q98231947,Wikidata - Romuald Seels,https://poligraph.fr/affaires/romuald-seels-violences-rodeo-urbain-venette,2026-01-18T14:17:30.892Z,2026-09-22T22:47:33.693Z,PENAL